video,frame,time_seconds,class_id,class_name,confidence,x1,y1,x2,y2,center_x,center_y,width,height
01_0018_0020.mp4,0,0.000000,32,sports ball,0.909292,926.519,177.768,986.003,240.102,956.261,208.935,59.484,62.334
01_0018_0020.mp4,0,0.000000,32,sports ball,0.815769,966.258,827.310,1032.092,881.743,999.175,854.526,65.834,54.432
01_0018_0020.mp4,1,0.016683,32,sports ball,0.912068,919.099,182.469,978.368,244.683,948.733,213.576,59.269,62.214
01_0018_0020.mp4,1,0.016683,32,sports ball,0.655124,991.694,820.136,1060.872,876.253,1026.283,848.195,69.178,56.117
01_0018_0020.mp4,2,0.033367,32,sports ball,0.908610,911.168,188.915,970.283,250.210,940.726,219.563,59.115,61.295
01_0018_0020.mp4,2,0.033367,32,sports ball,0.582693,1023.489,805.983,1083.953,864.610,1053.721,835.297,60.464,58.627
01_0018_0020.mp4,3,0.050050,32,sports ball,0.918769,901.329,197.934,962.383,256.561,931.856,227.248,61.054,58.627
01_0018_0020.mp4,3,0.050050,32,sports ball,0.516223,1049.834,783.217,1109.115,844.132,1079.474,813.674,59.281,60.915
01_0018_0020.mp4,4,0.066733,32,sports ball,0.914521,894.275,208.986,954.366,267.422,924.320,238.204,60.091,58.436
01_0018_0020.mp4,4,0.066733,32,sports ball,0.682045,1074.683,755.953,1132.295,818.980,1103.489,787.467,57.612,63.027
01_0018_0020.mp4,4,0.066733,32,sports ball,0.245906,937.536,510.544,980.073,546.415,958.805,528.480,42.538,35.871
01_0018_0020.mp4,5,0.083417,32,sports ball,0.900257,885.576,220.973,945.024,282.298,915.300,251.636,59.448,61.325
01_0018_0020.mp4,5,0.083417,32,sports ball,0.740964,1094.123,720.833,1150.290,788.275,1122.206,754.554,56.167,67.442
01_0018_0020.mp4,5,0.083417,32,sports ball,0.426866,941.882,495.785,985.540,536.631,963.711,516.208,43.658,40.846
01_0018_0020.mp4,6,0.100100,32,sports ball,0.882296,877.296,237.205,936.330,306.497,906.813,271.851,59.035,69.291
01_0018_0020.mp4,6,0.100100,32,sports ball,0.638520,1106.614,688.174,1159.123,757.159,1132.868,722.667,52.509,68.984
01_0018_0020.mp4,6,0.100100,32,sports ball,0.247278,963.939,480.190,988.395,521.666,976.167,500.928,24.456,41.476
01_0018_0020.mp4,6,0.100100,32,sports ball,0.225173,942.154,480.472,989.397,524.869,965.776,502.671,47.243,44.397
01_0018_0020.mp4,7,0.116783,32,sports ball,0.916325,866.748,255.705,928.698,320.328,897.723,288.017,61.950,64.624
01_0018_0020.mp4,7,0.116783,32,sports ball,0.764129,1112.085,648.924,1165.263,731.793,1138.674,690.358,53.178,82.869
01_0018_0020.mp4,7,0.116783,32,sports ball,0.664709,965.204,463.622,995.236,507.062,980.220,485.342,30.032,43.440
01_0018_0020.mp4,8,0.133467,32,sports ball,0.807351,858.231,274.380,920.864,337.997,889.548,306.188,62.634,63.617
01_0018_0020.mp4,8,0.133467,32,sports ball,0.253101,1112.383,608.448,1167.092,688.894,1139.737,648.671,54.708,80.446
01_0018_0020.mp4,8,0.133467,32,sports ball,0.198578,968.663,445.817,998.380,491.443,983.522,468.630,29.717,45.625
01_0018_0020.mp4,9,0.150150,32,sports ball,0.881088,850.631,294.734,911.775,356.987,881.203,325.860,61.144,62.253
01_0018_0020.mp4,9,0.150150,32,sports ball,0.634372,1106.103,569.182,1161.034,645.036,1133.568,607.109,54.931,75.854
01_0018_0020.mp4,9,0.150150,32,sports ball,0.502179,969.698,426.896,1003.027,478.882,986.362,452.889,33.330,51.986
01_0018_0020.mp4,10,0.166833,32,sports ball,0.802843,842.301,319.768,902.635,384.414,872.468,352.091,60.334,64.646
01_0018_0020.mp4,10,0.166833,32,sports ball,0.257779,1100.157,531.437,1155.188,600.718,1127.673,566.077,55.030,69.282
01_0018_0020.mp4,11,0.183517,32,sports ball,0.826033,830.660,346.076,894.891,413.776,862.776,379.926,64.231,67.700
01_0018_0020.mp4,11,0.183517,32,sports ball,0.690535,1092.639,497.185,1149.699,570.029,1121.169,533.607,57.060,72.844
01_0018_0020.mp4,11,0.183517,32,sports ball,0.682843,966.938,392.868,1016.295,453.952,991.616,423.410,49.357,61.084
01_0018_0020.mp4,12,0.200200,32,sports ball,0.683006,821.885,378.879,882.713,440.984,852.299,409.931,60.828,62.105
01_0018_0020.mp4,12,0.200200,32,sports ball,0.677277,1088.000,465.401,1142.831,535.959,1115.416,500.680,54.831,70.559
01_0018_0020.mp4,12,0.200200,32,sports ball,0.514625,964.787,384.055,1018.224,440.291,991.506,412.173,53.437,56.236
01_0018_0020.mp4,13,0.216883,32,sports ball,0.850176,967.015,375.325,1022.221,432.482,994.618,403.903,55.206,57.157
01_0018_0020.mp4,13,0.216883,32,sports ball,0.802233,815.009,406.341,872.653,469.698,843.831,438.019,57.644,63.357
01_0018_0020.mp4,13,0.216883,32,sports ball,0.793539,1080.267,432.840,1137.031,497.758,1108.649,465.299,56.764,64.918
01_0018_0020.mp4,14,0.233567,32,sports ball,0.852431,1072.751,400.951,1129.728,465.258,1101.240,433.104,56.977,64.307
01_0018_0020.mp4,14,0.233567,32,sports ball,0.811800,804.611,437.269,864.552,506.708,834.581,471.988,59.941,69.439
01_0018_0020.mp4,14,0.233567,32,sports ball,0.779697,968.064,367.579,1026.553,425.958,997.309,396.768,58.490,58.379
01_0018_0020.mp4,15,0.250250,32,sports ball,0.802768,1065.094,369.965,1124.560,434.385,1094.827,402.175,59.466,64.420
01_0018_0020.mp4,15,0.250250,32,sports ball,0.768064,798.186,466.999,853.697,546.940,825.941,506.969,55.510,79.941
01_0018_0020.mp4,15,0.250250,32,sports ball,0.664522,969.842,361.443,1029.495,422.588,999.668,392.016,59.653,61.146
01_0018_0020.mp4,16,0.266933,32,sports ball,0.825611,973.100,358.378,1032.945,416.794,1003.023,387.586,59.845,58.416
01_0018_0020.mp4,16,0.266933,32,sports ball,0.821237,1059.296,343.473,1120.179,408.683,1089.737,376.078,60.883,65.210
01_0018_0020.mp4,16,0.266933,32,sports ball,0.712741,788.094,505.920,847.437,583.751,817.766,544.836,59.343,77.831
01_0018_0020.mp4,17,0.283617,32,sports ball,0.831698,977.787,356.476,1035.243,413.072,1006.515,384.774,57.456,56.595
01_0018_0020.mp4,17,0.283617,32,sports ball,0.801076,1053.780,317.960,1113.684,386.171,1083.732,352.065,59.904,68.211
01_0018_0020.mp4,17,0.283617,32,sports ball,0.594900,778.491,542.176,840.436,626.394,809.464,584.285,61.944,84.218
01_0018_0020.mp4,18,0.300300,32,sports ball,0.889651,1045.632,291.371,1104.657,359.119,1075.145,325.245,59.025,67.748
01_0018_0020.mp4,18,0.300300,32,sports ball,0.879144,981.269,356.791,1038.595,411.353,1009.932,384.072,57.327,54.562
01_0018_0020.mp4,18,0.300300,32,sports ball,0.776052,769.794,581.908,834.613,663.498,802.204,622.703,64.819,81.590
01_0018_0020.mp4,19,0.316983,32,sports ball,0.875693,1038.360,267.920,1100.393,332.106,1069.377,300.013,62.033,64.185
01_0018_0020.mp4,19,0.316983,32,sports ball,0.839840,984.971,358.689,1043.021,415.718,1013.996,387.203,58.050,57.029
01_0018_0020.mp4,19,0.316983,32,sports ball,0.606819,756.999,625.604,821.021,697.706,789.010,661.655,64.022,72.102
01_0018_0020.mp4,20,0.333667,32,sports ball,0.892032,1031.795,247.135,1093.333,308.995,1062.564,278.065,61.539,61.859
01_0018_0020.mp4,20,0.333667,32,sports ball,0.839034,988.239,362.025,1045.440,418.244,1016.839,390.135,57.202,56.219
01_0018_0020.mp4,20,0.333667,32,sports ball,0.621149,754.971,656.578,814.258,715.193,784.614,685.885,59.287,58.616
01_0018_0020.mp4,21,0.350350,32,sports ball,0.903743,989.701,368.479,1049.054,424.752,1019.378,396.616,59.353,56.273
01_0018_0020.mp4,21,0.350350,32,sports ball,0.897877,1024.551,226.196,1085.928,288.152,1055.240,257.174,61.377,61.957
01_0018_0020.mp4,21,0.350350,32,sports ball,0.512873,744.048,669.222,810.466,734.421,777.257,701.822,66.417,65.199
01_0018_0020.mp4,22,0.367033,32,sports ball,0.911063,992.933,375.025,1051.081,433.085,1022.007,404.055,58.147,58.060
01_0018_0020.mp4,22,0.367033,32,sports ball,0.896112,1016.712,208.517,1078.363,271.578,1047.538,240.048,61.651,63.061
01_0018_0020.mp4,22,0.367033,32,sports ball,0.432703,754.413,680.427,813.476,723.886,783.944,702.157,59.063,43.459
01_0018_0020.mp4,23,0.383717,32,sports ball,0.903114,995.423,384.142,1054.403,444.076,1024.913,414.109,58.980,59.933
01_0018_0020.mp4,23,0.383717,32,sports ball,0.900319,1010.122,192.200,1072.010,256.425,1041.066,224.312,61.888,64.225
01_0018_0020.mp4,23,0.383717,32,sports ball,0.193827,754.016,694.391,826.419,769.094,790.217,731.743,72.402,74.702
01_0018_0020.mp4,24,0.400400,32,sports ball,0.912345,998.628,394.030,1057.383,452.684,1028.005,423.357,58.755,58.654
01_0018_0020.mp4,24,0.400400,32,sports ball,0.891100,1002.783,177.843,1065.553,243.026,1034.168,210.435,62.771,65.183
01_0018_0020.mp4,24,0.400400,32,sports ball,0.518536,768.026,711.250,836.996,781.951,802.511,746.601,68.970,70.701
01_0018_0020.mp4,24,0.400400,32,sports ball,0.190833,771.095,711.719,835.930,756.593,803.513,734.156,64.834,44.874
01_0018_0020.mp4,25,0.417083,32,sports ball,0.899087,996.072,165.137,1057.529,228.335,1026.801,196.736,61.457,63.198
01_0018_0020.mp4,25,0.417083,32,sports ball,0.865748,1000.818,407.052,1060.293,466.468,1030.556,436.760,59.475,59.417
01_0018_0020.mp4,25,0.417083,32,sports ball,0.767014,781.862,730.864,851.176,801.408,816.519,766.136,69.314,70.544
01_0018_0020.mp4,26,0.433767,32,sports ball,0.898175,990.410,154.786,1050.363,217.623,1020.386,186.204,59.953,62.837
01_0018_0020.mp4,26,0.433767,32,sports ball,0.818967,1004.460,422.370,1063.403,481.880,1033.931,452.125,58.943,59.510
01_0018_0020.mp4,26,0.433767,32,sports ball,0.570082,800.878,753.778,869.335,811.950,835.106,782.864,68.457,58.172
01_0018_0020.mp4,26,0.433767,32,sports ball,0.254301,801.803,753.732,869.216,806.015,835.509,779.874,67.412,52.283
01_0018_0020.mp4,27,0.450450,32,sports ball,0.883192,982.229,146.240,1042.732,207.990,1012.481,177.115,60.503,61.749
01_0018_0020.mp4,27,0.450450,32,sports ball,0.859285,1008.322,440.958,1056.005,495.847,1032.164,468.402,47.684,54.889
01_0018_0020.mp4,27,0.450450,32,sports ball,0.754734,817.518,775.249,881.348,828.484,849.433,801.867,63.831,53.235
01_0018_0020.mp4,28,0.467133,32,sports ball,0.903629,973.888,140.155,1035.406,200.445,1004.647,170.300,61.518,60.290
01_0018_0020.mp4,28,0.467133,32,sports ball,0.645802,833.356,795.292,899.433,854.169,866.394,824.731,66.077,58.877
01_0018_0020.mp4,29,0.483817,32,sports ball,0.916659,964.941,135.794,1028.245,194.852,996.593,165.323,63.303,59.058
01_0018_0020.mp4,29,0.483817,32,sports ball,0.797311,855.113,811.624,922.360,873.008,888.736,842.316,67.247,61.384
01_0018_0020.mp4,30,0.500500,32,sports ball,0.901991,957.522,132.386,1020.654,190.415,989.088,161.400,63.133,58.030
01_0018_0020.mp4,30,0.500500,32,sports ball,0.840373,880.174,824.381,941.904,883.053,911.039,853.717,61.730,58.672
01_0018_0020.mp4,31,0.517183,32,sports ball,0.917244,949.643,130.076,1013.086,188.948,981.364,159.512,63.443,58.872
01_0018_0020.mp4,31,0.517183,32,sports ball,0.868321,902.603,833.120,963.914,889.199,933.258,861.159,61.310,56.079
01_0018_0020.mp4,32,0.533867,32,sports ball,0.916932,942.473,129.460,1005.744,190.117,974.108,159.788,63.271,60.657
01_0018_0020.mp4,32,0.533867,32,sports ball,0.797172,933.389,835.564,991.603,889.776,962.496,862.670,58.214,54.212
01_0018_0020.mp4,33,0.550550,32,sports ball,0.914105,933.124,131.014,998.469,191.451,965.797,161.233,65.345,60.437
01_0018_0020.mp4,33,0.550550,32,sports ball,0.770644,957.866,831.151,1019.106,885.431,988.486,858.291,61.240,54.281
01_0018_0020.mp4,34,0.567233,32,sports ball,0.914499,926.119,134.518,991.739,196.633,958.929,165.576,65.620,62.115
01_0018_0020.mp4,34,0.567233,32,sports ball,0.734777,981.703,818.865,1053.258,878.943,1017.480,848.904,71.555,60.079
01_0018_0020.mp4,34,0.567233,32,sports ball,0.238188,991.577,491.742,1032.700,523.135,1012.139,507.439,41.123,31.393
01_0018_0020.mp4,35,0.583917,32,sports ball,0.905565,918.256,140.028,983.285,202.403,950.770,171.215,65.030,62.375
01_0018_0020.mp4,35,0.583917,32,sports ball,0.671882,1011.192,801.689,1076.003,862.914,1043.598,832.302,64.811,61.225
01_0018_0020.mp4,35,0.583917,32,sports ball,0.367740,987.822,479.065,1029.452,516.544,1008.637,497.805,41.629,37.478
01_0018_0020.mp4,36,0.600600,32,sports ball,0.871303,910.315,148.165,973.992,210.717,942.154,179.441,63.676,62.552
01_0018_0020.mp4,36,0.600600,32,sports ball,0.739178,984.893,464.172,1028.161,504.881,1006.527,484.526,43.268,40.709
01_0018_0020.mp4,36,0.600600,32,sports ball,0.662313,1045.902,778.819,1102.383,837.810,1074.143,808.314,56.481,58.992
01_0018_0020.mp4,37,0.617283,32,sports ball,0.903720,901.872,157.174,965.880,218.583,933.876,187.878,64.008,61.409
01_0018_0020.mp4,37,0.617283,32,sports ball,0.542060,1067.872,750.234,1123.119,810.454,1095.495,780.344,55.247,60.221
01_0018_0020.mp4,37,0.617283,32,sports ball,0.451159,984.082,450.005,1027.081,489.563,1005.581,469.784,42.999,39.558
01_0018_0020.mp4,38,0.633967,32,sports ball,0.918665,895.132,168.912,957.222,232.172,926.177,200.542,62.090,63.261
01_0018_0020.mp4,38,0.633967,32,sports ball,0.730379,981.126,430.908,1026.112,473.572,1003.619,452.240,44.986,42.665
01_0018_0020.mp4,38,0.633967,32,sports ball,0.665907,1086.251,712.925,1143.153,779.819,1114.702,746.372,56.902,66.894
01_0018_0020.mp4,39,0.650650,32,sports ball,0.902313,887.029,181.353,949.266,243.485,918.147,212.419,62.237,62.132
01_0018_0020.mp4,39,0.650650,32,sports ball,0.677122,979.471,411.602,1024.770,457.372,1002.120,434.487,45.298,45.770
01_0018_0020.mp4,39,0.650650,32,sports ball,0.515706,1101.089,678.071,1152.833,749.517,1126.961,713.794,51.744,71.446
01_0018_0020.mp4,40,0.667333,32,sports ball,0.881414,880.430,196.648,939.854,257.447,910.142,227.047,59.424,60.799
01_0018_0020.mp4,40,0.667333,32,sports ball,0.804732,977.894,393.435,1023.122,443.926,1000.508,418.680,45.228,50.491
01_0018_0020.mp4,40,0.667333,32,sports ball,0.409132,1106.411,639.979,1157.601,708.981,1132.006,674.480,51.190,69.002
01_0018_0020.mp4,41,0.684017,32,sports ball,0.866267,873.224,213.755,930.366,273.955,901.795,243.855,57.142,60.199
01_0018_0020.mp4,41,0.684017,32,sports ball,0.846533,977.655,375.633,1021.322,430.507,999.489,403.070,43.667,54.874
01_0018_0020.mp4,41,0.684017,32,sports ball,0.264443,1109.470,600.438,1166.165,683.001,1137.817,641.720,56.695,82.562
01_0018_0020.mp4,42,0.700700,32,sports ball,0.862810,976.830,361.148,1020.741,414.158,998.785,387.653,43.910,53.009
01_0018_0020.mp4,42,0.700700,32,sports ball,0.530171,1102.618,561.160,1156.652,634.473,1129.635,597.817,54.034,73.313
01_0018_0020.mp4,42,0.700700,32,sports ball,0.505450,863.580,233.194,921.491,306.570,892.535,269.882,57.911,73.376
01_0018_0020.mp4,42,0.700700,32,sports ball,0.205983,863.649,233.086,921.485,306.471,892.567,269.778,57.836,73.385
01_0018_0020.mp4,43,0.717383,32,sports ball,0.820548,854.168,256.340,914.791,325.183,884.479,290.762,60.623,68.844
01_0018_0020.mp4,43,0.717383,32,sports ball,0.647328,973.187,348.188,1021.526,401.807,997.357,374.998,48.339,53.619
01_0018_0020.mp4,43,0.717383,32,sports ball,0.460506,1097.698,522.500,1152.716,594.721,1125.207,558.610,55.017,72.221
01_0018_0020.mp4,44,0.734067,32,sports ball,0.859349,846.383,279.841,906.089,347.204,876.236,313.522,59.706,67.363
01_0018_0020.mp4,44,0.734067,32,sports ball,0.600312,962.631,336.846,1020.096,392.994,991.363,364.920,57.465,56.148
01_0018_0020.mp4,44,0.734067,32,sports ball,0.265241,1091.365,487.952,1145.870,557.606,1118.617,522.779,54.505,69.654
01_0018_0020.mp4,44,0.734067,32,sports ball,0.170818,1090.882,486.043,1147.115,576.062,1118.999,531.053,56.234,90.018
01_0018_0020.mp4,45,0.750750,32,sports ball,0.863005,961.430,330.184,1019.196,384.507,990.313,357.345,57.766,54.323
01_0018_0020.mp4,45,0.750750,32,sports ball,0.860443,838.736,308.220,897.060,375.977,867.898,342.098,58.324,67.757
01_0018_0020.mp4,45,0.750750,32,sports ball,0.731142,1086.974,455.344,1140.951,523.795,1113.962,489.570,53.977,68.451
01_0018_0020.mp4,46,0.767433,32,sports ball,0.882566,829.580,335.702,889.067,406.825,859.323,371.263,59.487,71.123
01_0018_0020.mp4,46,0.767433,32,sports ball,0.830201,960.829,322.782,1019.323,378.037,990.076,350.410,58.494,55.255
01_0018_0020.mp4,46,0.767433,32,sports ball,0.818928,1080.358,423.333,1136.732,487.677,1108.545,455.505,56.374,64.344
01_0018_0020.mp4,47,0.784117,32,sports ball,0.849234,1071.808,389.601,1128.103,454.959,1099.955,422.280,56.295,65.359
01_0018_0020.mp4,47,0.784117,32,sports ball,0.822583,817.680,367.653,881.682,448.087,849.681,407.870,64.001,80.435
01_0018_0020.mp4,47,0.784117,32,sports ball,0.729412,960.210,318.878,1019.021,376.163,989.615,347.521,58.811,57.285
01_0018_0020.mp4,48,0.800800,32,sports ball,0.827140,1063.745,356.911,1124.518,425.691,1094.132,391.301,60.774,68.780
01_0018_0020.mp4,48,0.800800,32,sports ball,0.758990,959.851,317.937,1018.258,374.650,989.055,346.294,58.408,56.712
01_0018_0020.mp4,48,0.800800,32,sports ball,0.749562,809.242,400.102,871.175,478.842,840.209,439.472,61.933,78.740
01_0018_0020.mp4,49,0.817483,32,sports ball,0.905786,1058.399,331.241,1119.565,397.011,1088.982,364.126,61.166,65.771
01_0018_0020.mp4,49,0.817483,32,sports ball,0.800141,799.004,438.152,862.379,513.353,830.692,475.753,63.374,75.201
01_0018_0020.mp4,49,0.817483,32,sports ball,0.798058,958.612,316.618,1018.097,375.947,988.355,346.283,59.485,59.329
01_0018_0020.mp4,50,0.834167,32,sports ball,0.775511,1052.635,302.519,1113.590,375.452,1083.113,338.985,60.955,72.933
01_0018_0020.mp4,50,0.834167,32,sports ball,0.727800,958.121,318.399,1017.703,376.456,987.912,347.427,59.582,58.057
01_0018_0020.mp4,50,0.834167,32,sports ball,0.724265,790.500,476.732,851.591,552.503,821.045,514.618,61.091,75.771
01_0018_0020.mp4,51,0.850850,32,sports ball,0.840365,1045.485,275.946,1104.897,340.342,1075.191,308.144,59.412,64.396
01_0018_0020.mp4,51,0.850850,32,sports ball,0.820509,957.376,321.120,1016.605,379.203,986.991,350.161,59.228,58.083
01_0018_0020.mp4,51,0.850850,32,sports ball,0.687699,781.813,514.638,843.008,600.643,812.411,557.640,61.195,86.004
01_0018_0020.mp4,52,0.867533,32,sports ball,0.865842,1040.752,252.207,1099.695,316.742,1070.223,284.474,58.943,64.535
01_0018_0020.mp4,52,0.867533,32,sports ball,0.862719,956.766,326.550,1016.457,384.669,986.612,355.610,59.691,58.120
01_0018_0020.mp4,52,0.867533,32,sports ball,0.823867,771.983,553.922,840.117,640.172,806.050,597.047,68.134,86.250
01_0018_0020.mp4,53,0.884217,32,sports ball,0.876406,1032.703,230.226,1093.099,297.702,1062.901,263.964,60.396,67.476
01_0018_0020.mp4,53,0.884217,32,sports ball,0.837320,956.287,332.365,1012.969,392.275,984.628,362.320,56.683,59.910
01_0018_0020.mp4,53,0.884217,32,sports ball,0.802719,764.909,600.772,827.240,675.381,796.074,638.077,62.330,74.609
01_0018_0020.mp4,54,0.900900,32,sports ball,0.881559,1025.162,210.497,1086.334,278.023,1055.748,244.260,61.172,67.526
01_0018_0020.mp4,54,0.900900,32,sports ball,0.776114,956.638,341.888,1012.585,402.995,984.612,372.441,55.947,61.107
01_0018_0020.mp4,54,0.900900,32,sports ball,0.524887,755.556,637.822,818.518,702.615,787.037,670.218,62.962,64.793
01_0018_0020.mp4,55,0.917583,32,sports ball,0.924544,956.691,352.547,1011.209,409.231,983.950,380.889,54.518,56.684
01_0018_0020.mp4,55,0.917583,32,sports ball,0.890587,1018.982,193.364,1079.779,257.615,1049.380,225.490,60.797,64.251
01_0018_0020.mp4,55,0.917583,32,sports ball,0.608175,756.883,653.749,817.067,701.033,786.975,677.391,60.184,47.284
01_0018_0020.mp4,56,0.934267,32,sports ball,0.879889,1011.794,177.877,1072.427,242.435,1042.111,210.156,60.632,64.558
01_0018_0020.mp4,56,0.934267,32,sports ball,0.862242,955.990,362.489,1009.964,423.880,982.977,393.184,53.974,61.391
01_0018_0020.mp4,56,0.934267,32,sports ball,0.531251,762.628,671.298,825.780,719.264,794.204,695.281,63.152,47.966
01_0018_0020.mp4,57,0.950950,32,sports ball,0.864343,1004.432,162.838,1066.134,227.270,1035.283,195.054,61.702,64.433
01_0018_0020.mp4,57,0.950950,32,sports ball,0.807892,955.053,379.567,1007.966,438.715,981.509,409.141,52.912,59.147
01_0018_0020.mp4,57,0.950950,32,sports ball,0.752703,767.194,688.584,835.661,767.399,801.427,727.991,68.466,78.815
01_0018_0020.mp4,58,0.967633,32,sports ball,0.879489,997.161,151.173,1060.406,211.433,1028.784,181.303,63.246,60.260
01_0018_0020.mp4,58,0.967633,32,sports ball,0.823224,953.563,394.587,1008.564,455.695,981.064,425.141,55.001,61.108
01_0018_0020.mp4,58,0.967633,32,sports ball,0.727950,784.857,710.743,848.665,763.268,816.761,737.006,63.808,52.525
01_0018_0020.mp4,59,0.984317,32,sports ball,0.916839,990.670,139.998,1053.119,200.848,1021.894,170.423,62.449,60.850
01_0018_0020.mp4,59,0.984317,32,sports ball,0.840086,951.009,413.503,1004.197,471.402,977.603,442.453,53.188,57.899
01_0018_0020.mp4,59,0.984317,32,sports ball,0.607849,799.887,732.898,865.087,789.447,832.487,761.172,65.200,56.549
01_0018_0020.mp4,60,1.001000,32,sports ball,0.894907,983.840,130.453,1045.491,191.813,1014.665,161.133,61.652,61.360
01_0018_0020.mp4,60,1.001000,32,sports ball,0.778657,819.091,755.313,883.664,815.333,851.377,785.323,64.573,60.020
01_0018_0020.mp4,60,1.001000,32,sports ball,0.775650,949.581,432.181,995.200,481.924,972.390,457.053,45.619,49.743
01_0018_0020.mp4,61,1.017683,32,sports ball,0.912526,976.765,123.755,1038.978,184.613,1007.872,154.184,62.213,60.857
01_0018_0020.mp4,61,1.017683,32,sports ball,0.782232,833.071,775.657,901.049,842.090,867.060,808.874,67.977,66.433
01_0018_0020.mp4,62,1.034367,32,sports ball,0.910396,969.394,118.860,1033.302,179.727,1001.348,149.293,63.908,60.868
01_0018_0020.mp4,62,1.034367,32,sports ball,0.800430,857.694,794.281,920.828,856.246,889.261,825.263,63.134,61.965
01_0018_0020.mp4,63,1.051050,32,sports ball,0.919503,962.713,114.337,1026.890,176.016,994.801,145.176,64.177,61.679
01_0018_0020.mp4,63,1.051050,32,sports ball,0.862809,876.423,809.088,942.296,869.012,909.359,839.050,65.872,59.924
01_0018_0020.mp4,64,1.067733,32,sports ball,0.906391,955.730,112.767,1020.221,174.426,987.976,143.597,64.491,61.659
01_0018_0020.mp4,64,1.067733,32,sports ball,0.872811,897.612,820.457,964.999,880.738,931.306,850.598,67.387,60.282
01_0018_0020.mp4,65,1.084417,32,sports ball,0.914481,948.113,112.500,1013.200,174.539,980.657,143.520,65.087,62.039
01_0018_0020.mp4,65,1.084417,32,sports ball,0.809891,920.482,824.979,991.374,883.861,955.928,854.420,70.893,58.882
01_0018_0020.mp4,66,1.101100,32,sports ball,0.897390,940.650,114.265,1005.571,176.517,973.110,145.391,64.921,62.252
01_0018_0020.mp4,66,1.101100,32,sports ball,0.813910,949.291,824.171,1017.282,877.565,983.287,850.868,67.991,53.395
01_0018_0020.mp4,67,1.117783,32,sports ball,0.908880,932.994,118.042,997.250,179.965,965.122,149.003,64.256,61.923
01_0018_0020.mp4,67,1.117783,32,sports ball,0.728238,974.512,815.611,1043.933,870.651,1009.222,843.131,69.421,55.041
01_0018_0020.mp4,68,1.134467,32,sports ball,0.920062,925.223,122.802,988.783,186.086,957.003,154.444,63.559,63.284
01_0018_0020.mp4,68,1.134467,32,sports ball,0.852390,1007.113,800.252,1068.788,856.576,1037.951,828.414,61.675,56.325
01_0018_0020.mp4,69,1.151150,32,sports ball,0.897082,916.803,130.040,981.741,192.237,949.272,161.139,64.938,62.197
01_0018_0020.mp4,69,1.151150,32,sports ball,0.657809,1032.396,777.240,1091.119,835.376,1061.757,806.308,58.723,58.136
01_0018_0020.mp4,69,1.151150,32,sports ball,0.330537,951.980,486.028,986.388,520.314,969.184,503.171,34.407,34.287
01_0018_0020.mp4,69,1.151150,32,sports ball,0.152257,963.302,486.027,986.256,519.949,974.779,502.988,22.955,33.922
01_0018_0020.mp4,70,1.167833,32,sports ball,0.896967,909.652,139.499,973.548,202.600,941.600,171.049,63.896,63.102
01_0018_0020.mp4,70,1.167833,32,sports ball,0.667694,1054.407,752.068,1113.590,813.975,1083.999,783.021,59.183,61.907
01_0018_0020.mp4,70,1.167833,32,sports ball,0.416711,950.570,471.050,989.196,507.674,969.883,489.362,38.626,36.624
01_0018_0020.mp4,70,1.167833,32,sports ball,0.238387,964.591,471.551,988.697,506.176,976.644,488.863,24.106,34.625
01_0018_0020.mp4,71,1.184517,32,sports ball,0.902169,900.224,150.552,965.541,213.984,932.882,182.268,65.317,63.431
01_0018_0020.mp4,71,1.184517,32,sports ball,0.721574,1077.024,719.255,1134.956,781.343,1105.990,750.299,57.932,62.088
01_0018_0020.mp4,71,1.184517,32,sports ball,0.660091,951.132,454.686,993.809,495.254,972.470,474.970,42.677,40.569
01_0018_0020.mp4,71,1.184517,32,sports ball,0.200732,966.376,455.540,993.197,493.470,979.786,474.505,26.820,37.930
01_0018_0020.mp4,72,1.201200,32,sports ball,0.899170,893.505,161.957,957.407,227.452,925.456,194.704,63.902,65.495
01_0018_0020.mp4,72,1.201200,32,sports ball,0.673274,1089.215,685.026,1140.217,751.131,1114.716,718.079,51.002,66.105
01_0018_0020.mp4,72,1.201200,32,sports ball,0.538327,969.478,440.025,997.015,477.268,983.246,458.646,27.537,37.242
01_0018_0020.mp4,73,1.217883,32,sports ball,0.895422,884.596,178.797,948.763,241.629,916.680,210.213,64.167,62.832
01_0018_0020.mp4,73,1.217883,32,sports ball,0.668319,1096.605,649.060,1151.504,722.907,1124.054,685.983,54.899,73.847
01_0018_0020.mp4,73,1.217883,32,sports ball,0.372280,970.439,419.856,1001.106,462.237,985.772,441.047,30.667,42.381
01_0018_0020.mp4,73,1.217883,32,sports ball,0.231342,959.491,419.122,1001.692,469.759,980.591,444.441,42.201,50.637
01_0018_0020.mp4,74,1.234567,32,sports ball,0.887185,877.506,196.934,940.258,258.129,908.882,227.531,62.752,61.195
01_0018_0020.mp4,74,1.234567,32,sports ball,0.557702,1096.944,609.800,1152.676,689.616,1124.810,649.708,55.732,79.816
01_0018_0020.mp4,74,1.234567,32,sports ball,0.491378,967.747,400.838,1004.774,455.784,986.261,428.311,37.027,54.946
01_0018_0020.mp4,75,1.251250,32,sports ball,0.839559,869.955,215.963,930.587,276.591,900.271,246.277,60.631,60.628
01_0018_0020.mp4,75,1.251250,32,sports ball,0.667066,965.769,385.426,1005.398,441.614,985.584,413.520,39.629,56.189
01_0018_0020.mp4,75,1.251250,32,sports ball,0.397694,1095.601,570.211,1150.754,648.206,1123.177,609.209,55.153,77.996
01_0018_0020.mp4,76,1.267933,32,sports ball,0.710419,963.129,375.131,1014.854,429.806,988.992,402.469,51.726,54.675
01_0018_0020.mp4,76,1.267933,32,sports ball,0.236537,1089.641,535.472,1144.175,603.761,1116.908,569.617,54.534,68.289
01_0018_0020.mp4,77,1.284617,32,sports ball,0.890405,965.555,363.102,1016.230,417.668,990.892,390.385,50.675,54.566
01_0018_0020.mp4,77,1.284617,32,sports ball,0.754914,853.738,264.520,915.306,332.128,884.522,298.324,61.568,67.608
01_0018_0020.mp4,77,1.284617,32,sports ball,0.582106,1084.548,501.094,1138.347,565.889,1111.448,533.491,53.799,64.794
01_0018_0020.mp4,78,1.301300,32,sports ball,0.886319,846.800,289.740,907.259,355.323,877.029,322.532,60.459,65.582
01_0018_0020.mp4,78,1.301300,32,sports ball,0.879296,963.977,354.779,1019.402,409.149,991.689,381.964,55.425,54.369
01_0018_0020.mp4,78,1.301300,32,sports ball,0.781714,1077.415,471.437,1133.636,534.997,1105.525,503.217,56.222,63.560
01_0018_0020.mp4,79,1.317983,32,sports ball,0.811080,966.430,347.874,1022.674,403.617,994.552,375.746,56.244,55.743
01_0018_0020.mp4,79,1.317983,32,sports ball,0.792609,838.463,317.054,896.882,384.487,867.672,350.770,58.419,67.433
01_0018_0020.mp4,79,1.317983,32,sports ball,0.747331,1072.916,437.955,1129.574,500.170,1101.245,469.063,56.659,62.214
01_0018_0020.mp4,80,1.334667,32,sports ball,0.873981,967.473,343.309,1024.931,401.482,996.202,372.396,57.457,58.173
01_0018_0020.mp4,80,1.334667,32,sports ball,0.862829,1066.099,406.241,1123.037,467.023,1094.568,436.632,56.938,60.781
01_0018_0020.mp4,80,1.334667,32,sports ball,0.862350,827.639,345.434,893.465,420.783,860.552,383.108,65.826,75.349
01_0018_0020.mp4,81,1.351350,32,sports ball,0.869349,969.665,340.058,1027.368,399.011,998.516,369.535,57.703,58.953
01_0018_0020.mp4,81,1.351350,32,sports ball,0.842241,1059.689,379.371,1115.224,439.844,1087.456,409.608,55.535,60.473
01_0018_0020.mp4,81,1.351350,32,sports ball,0.798632,819.955,386.126,880.471,449.843,850.213,417.984,60.516,63.717
01_0018_0020.mp4,82,1.368033,32,sports ball,0.828511,972.530,338.772,1030.238,395.217,1001.384,366.995,57.708,56.445
01_0018_0020.mp4,82,1.368033,32,sports ball,0.825859,1052.654,350.333,1112.979,416.232,1082.816,383.283,60.325,65.899
01_0018_0020.mp4,82,1.368033,32,sports ball,0.689353,808.796,416.977,872.469,486.782,840.632,451.879,63.673,69.805
01_0018_0020.mp4,83,1.384717,32,sports ball,0.711837,1045.747,326.693,1107.299,387.198,1076.523,356.946,61.552,60.506
01_0018_0020.mp4,83,1.384717,32,sports ball,0.648066,974.970,338.861,1032.449,395.552,1003.710,367.207,57.479,56.691
01_0018_0020.mp4,83,1.384717,32,sports ball,0.543036,800.355,454.012,864.330,532.407,832.342,493.209,63.975,78.395
01_0018_0020.mp4,84,1.401400,32,sports ball,0.827754,977.614,341.958,1035.144,398.621,1006.379,370.290,57.530,56.663
01_0018_0020.mp4,84,1.401400,32,sports ball,0.796394,1041.410,301.633,1100.921,366.140,1071.165,333.887,59.512,64.507
01_0018_0020.mp4,84,1.401400,32,sports ball,0.449629,791.300,494.583,853.483,582.148,822.392,538.366,62.183,87.565
01_0018_0020.mp4,85,1.418083,32,sports ball,0.872789,1035.981,278.920,1093.553,339.378,1064.767,309.149,57.572,60.458
01_0018_0020.mp4,85,1.418083,32,sports ball,0.798444,980.925,345.327,1037.852,403.340,1009.388,374.334,56.926,58.014
01_0018_0020.mp4,85,1.418083,32,sports ball,0.673219,782.030,534.334,846.272,624.114,814.151,579.224,64.241,89.781
01_0018_0020.mp4,86,1.434767,32,sports ball,0.900877,982.991,352.019,1041.336,409.546,1012.163,380.783,58.345,57.526
01_0018_0020.mp4,86,1.434767,32,sports ball,0.863298,1029.562,258.898,1087.162,320.811,1058.362,289.854,57.600,61.913
01_0018_0020.mp4,86,1.434767,32,sports ball,0.761315,776.024,576.396,837.660,661.567,806.842,618.981,61.636,85.171
01_0018_0020.mp4,87,1.451450,32,sports ball,0.877175,984.540,357.718,1043.833,418.626,1014.186,388.172,59.293,60.908
01_0018_0020.mp4,87,1.451450,32,sports ball,0.873484,1023.105,240.600,1082.456,304.630,1052.781,272.615,59.352,64.031
01_0018_0020.mp4,87,1.451450,32,sports ball,0.775231,770.633,624.795,830.811,699.487,800.722,662.141,60.178,74.693
01_0018_0020.mp4,88,1.468133,32,sports ball,0.869334,1017.209,223.932,1076.065,284.513,1046.637,254.222,58.856,60.582
01_0018_0020.mp4,88,1.468133,32,sports ball,0.866046,988.752,369.699,1044.872,428.973,1016.812,399.336,56.121,59.274
01_0018_0020.mp4,88,1.468133,32,sports ball,0.491249,775.702,656.438,833.443,704.527,804.572,680.482,57.741,48.089
01_0018_0020.mp4,88,1.468133,32,sports ball,0.257469,775.146,655.882,835.748,728.131,805.447,692.006,60.603,72.248
01_0018_0020.mp4,89,1.484817,32,sports ball,0.904743,989.815,381.637,1047.670,443.864,1018.743,412.750,57.855,62.227
01_0018_0020.mp4,89,1.484817,32,sports ball,0.879076,1009.931,208.699,1069.757,270.731,1039.844,239.715,59.826,62.032
01_0018_0020.mp4,89,1.484817,32,sports ball,0.611581,778.655,672.616,842.264,718.566,810.460,695.591,63.609,45.951
01_0018_0020.mp4,90,1.501500,32,sports ball,0.898994,992.195,394.366,1050.598,457.250,1021.397,425.808,58.402,62.885
01_0018_0020.mp4,90,1.501500,32,sports ball,0.890707,1002.084,195.048,1063.029,258.254,1032.556,226.651,60.945,63.206
01_0018_0020.mp4,90,1.501500,32,sports ball,0.529482,796.090,692.867,857.619,737.968,826.855,715.418,61.529,45.101
01_0018_0020.mp4,91,1.518183,32,sports ball,0.915418,994.511,184.024,1055.669,245.883,1025.090,214.953,61.159,61.859
01_0018_0020.mp4,91,1.518183,32,sports ball,0.901486,994.142,408.993,1050.655,472.530,1022.398,440.761,56.513,63.537
01_0018_0020.mp4,91,1.518183,32,sports ball,0.761362,805.724,712.997,878.868,790.591,842.296,751.794,73.144,77.593
01_0018_0020.mp4,92,1.534867,32,sports ball,0.910660,989.209,174.397,1050.017,237.447,1019.613,205.922,60.808,63.050
01_0018_0020.mp4,92,1.534867,32,sports ball,0.886701,995.853,428.058,1053.181,491.632,1024.517,459.845,57.328,63.573
01_0018_0020.mp4,92,1.534867,32,sports ball,0.656789,822.517,740.696,895.932,796.483,859.225,768.590,73.416,55.787
01_0018_0020.mp4,93,1.551550,32,sports ball,0.908195,983.075,166.764,1043.545,229.357,1013.310,198.060,60.471,62.593
01_0018_0020.mp4,93,1.551550,32,sports ball,0.665563,847.930,762.702,915.623,818.768,881.777,790.735,67.693,56.066
01_0018_0020.mp4,93,1.551550,32,sports ball,0.571215,999.963,447.714,1042.732,498.177,1021.348,472.946,42.769,50.463
01_0018_0020.mp4,93,1.551550,32,sports ball,0.171316,846.050,762.372,916.392,834.988,881.221,798.680,70.342,72.616
01_0018_0020.mp4,94,1.568233,32,sports ball,0.906911,976.135,160.117,1037.358,223.507,1006.746,191.812,61.224,63.390
01_0018_0020.mp4,94,1.568233,32,sports ball,0.733787,875.759,789.853,943.390,848.260,909.574,819.056,67.631,58.406
01_0018_0020.mp4,95,1.584917,32,sports ball,0.917877,969.721,155.746,1030.460,218.721,1000.091,187.234,60.739,62.975
01_0018_0020.mp4,95,1.584917,32,sports ball,0.701935,897.102,807.597,960.788,866.969,928.945,837.283,63.686,59.373
01_0018_0020.mp4,96,1.601600,32,sports ball,0.924863,962.074,153.189,1023.833,216.534,992.954,184.861,61.760,63.345
01_0018_0020.mp4,96,1.601600,32,sports ball,0.846443,919.417,821.073,987.042,888.212,953.229,854.642,67.625,67.139
01_0018_0020.mp4,97,1.618283,32,sports ball,0.913406,955.712,153.335,1017.679,216.730,986.696,185.033,61.967,63.396
01_0018_0020.mp4,97,1.618283,32,sports ball,0.821432,945.129,830.066,1010.395,885.250,977.762,857.658,65.267,55.185
01_0018_0020.mp4,98,1.634967,32,sports ball,0.908777,949.105,154.523,1010.936,216.053,980.021,185.288,61.831,61.530
01_0018_0020.mp4,98,1.634967,32,sports ball,0.823752,970.069,827.417,1037.346,881.457,1003.707,854.437,67.278,54.040
01_0018_0020.mp4,99,1.651650,32,sports ball,0.923344,942.029,157.787,1003.305,219.072,972.667,188.430,61.276,61.284
01_0018_0020.mp4,99,1.651650,32,sports ball,0.793187,994.811,818.207,1064.671,877.534,1029.741,847.870,69.861,59.327
01_0018_0020.mp4,100,1.668333,32,sports ball,0.926420,934.905,162.233,997.195,223.494,966.050,192.863,62.290,61.262
01_0018_0020.mp4,100,1.668333,32,sports ball,0.760186,1024.931,802.849,1090.359,861.050,1057.645,831.950,65.427,58.200
01_0018_0020.mp4,100,1.668333,32,sports ball,0.530558,974.525,520.835,1018.604,554.191,996.565,537.513,44.078,33.356
01_0018_0020.mp4,101,1.685017,32,sports ball,0.926589,927.562,169.637,989.699,230.727,958.631,200.182,62.137,61.090
01_0018_0020.mp4,101,1.685017,32,sports ball,0.560017,1055.211,778.411,1119.125,838.631,1087.168,808.521,63.913,60.220
01_0018_0020.mp4,101,1.685017,32,sports ball,0.459712,977.249,511.948,1018.867,545.131,998.058,528.540,41.619,33.184
01_0018_0020.mp4,102,1.701700,32,sports ball,0.910651,919.998,178.431,982.334,239.588,951.166,209.009,62.336,61.157
01_0018_0020.mp4,102,1.701700,32,sports ball,0.688594,1085.992,746.372,1143.739,812.865,1114.865,779.619,57.747,66.493
01_0018_0020.mp4,102,1.701700,32,sports ball,0.339145,978.187,497.196,1020.059,533.870,999.123,515.533,41.872,36.675
01_0018_0020.mp4,102,1.701700,32,sports ball,0.327836,1002.760,497.242,1020.036,531.995,1011.398,514.618,17.276,34.753
01_0018_0020.mp4,103,1.718383,32,sports ball,0.910812,912.006,189.712,975.283,249.423,943.645,219.568,63.277,59.711
01_0018_0020.mp4,103,1.718383,32,sports ball,0.762071,1105.596,714.606,1161.116,783.696,1133.356,749.151,55.520,69.090
01_0018_0020.mp4,103,1.718383,32,sports ball,0.161919,1002.446,482.386,1025.248,520.634,1013.847,501.510,22.802,38.248
01_0018_0020.mp4,104,1.735067,32,sports ball,0.877799,905.186,202.533,967.147,259.279,936.166,230.906,61.962,56.746
01_0018_0020.mp4,104,1.735067,32,sports ball,0.623932,1115.935,676.720,1172.703,759.227,1144.319,717.974,56.768,82.507
01_0018_0020.mp4,104,1.735067,32,sports ball,0.195104,1000.995,465.215,1026.791,506.325,1013.893,485.770,25.796,41.110
01_0018_0020.mp4,105,1.751750,32,sports ball,0.775539,896.568,216.105,960.151,273.964,928.360,245.035,63.582,57.859
01_0018_0020.mp4,105,1.751750,32,sports ball,0.162788,1126.081,640.491,1182.198,711.758,1154.140,676.124,56.117,71.266
01_0018_0020.mp4,106,1.768433,32,sports ball,0.852207,889.474,233.881,952.457,306.302,920.966,270.091,62.983,72.422
01_0018_0020.mp4,106,1.768433,32,sports ball,0.403541,996.668,430.329,1030.580,478.314,1013.624,454.321,33.912,47.985
01_0018_0020.mp4,106,1.768433,32,sports ball,0.310324,1107.483,600.404,1184.876,685.552,1146.179,642.978,77.393,85.148
01_0018_0020.mp4,107,1.785117,32,sports ball,0.929175,882.046,251.303,945.138,319.833,913.592,285.568,63.091,68.530
01_0018_0020.mp4,107,1.785117,32,sports ball,0.681244,1116.180,561.606,1174.601,632.190,1145.391,596.898,58.421,70.584
01_0018_0020.mp4,108,1.801800,32,sports ball,0.889190,875.581,273.588,939.849,338.331,907.715,305.960,64.268,64.743
01_0018_0020.mp4,108,1.801800,32,sports ball,0.802560,984.388,398.553,1041.022,450.656,1012.705,424.604,56.634,52.103
01_0018_0020.mp4,108,1.801800,32,sports ball,0.687395,1109.923,523.912,1169.878,593.505,1139.900,558.708,59.955,69.593
01_0018_0020.mp4,109,1.818483,32,sports ball,0.810730,865.735,297.932,929.322,361.086,897.528,329.509,63.587,63.154
01_0018_0020.mp4,109,1.818483,32,sports ball,0.767675,1105.779,488.577,1164.536,560.626,1135.158,524.601,58.757,72.049
01_0018_0020.mp4,109,1.818483,32,sports ball,0.699540,991.649,390.714,1041.827,441.487,1016.738,416.100,50.179,50.772
01_0018_0020.mp4,110,1.835167,32,sports ball,0.833868,860.640,320.732,922.590,385.253,891.615,352.992,61.950,64.521
01_0018_0020.mp4,110,1.835167,32,sports ball,0.663256,987.474,380.367,1044.124,434.999,1015.799,407.683,56.650,54.632
01_0018_0020.mp4,110,1.835167,32,sports ball,0.635285,1101.771,453.222,1158.322,543.635,1130.047,498.429,56.550,90.413
01_0018_0020.mp4,111,1.851850,32,sports ball,0.883882,849.958,349.253,913.315,415.240,881.636,382.247,63.357,65.987
01_0018_0020.mp4,111,1.851850,32,sports ball,0.832833,986.573,373.000,1044.717,429.108,1015.645,401.054,58.144,56.107
01_0018_0020.mp4,111,1.851850,32,sports ball,0.782638,1096.349,426.723,1151.832,491.642,1124.091,459.183,55.483,64.919
01_0018_0020.mp4,112,1.868533,32,sports ball,0.756570,988.153,367.873,1045.623,423.593,1016.888,395.733,57.470,55.721
01_0018_0020.mp4,112,1.868533,32,sports ball,0.743153,842.571,383.489,901.921,445.753,872.246,414.621,59.350,62.264
01_0018_0020.mp4,112,1.868533,32,sports ball,0.696437,1088.715,392.130,1143.769,451.889,1116.242,422.009,55.054,59.760
01_0018_0020.mp4,113,1.885217,32,sports ball,0.779491,836.677,413.207,895.713,479.874,866.195,446.540,59.037,66.667
01_0018_0020.mp4,113,1.885217,32,sports ball,0.653549,988.745,364.745,1047.132,423.159,1017.939,393.952,58.387,58.414
01_0018_0020.mp4,113,1.885217,32,sports ball,0.599949,1080.641,361.250,1137.446,431.153,1109.043,396.202,56.805,69.903
01_0018_0020.mp4,114,1.901900,32,sports ball,0.845052,990.436,363.440,1047.610,420.378,1019.023,391.909,57.175,56.938
01_0018_0020.mp4,114,1.901900,32,sports ball,0.817339,1073.619,334.280,1135.031,398.840,1104.325,366.560,61.412,64.560
01_0018_0020.mp4,114,1.901900,32,sports ball,0.512141,828.781,446.743,889.186,518.155,858.984,482.449,60.405,71.412
01_0018_0020.mp4,115,1.918583,32,sports ball,0.822634,991.229,364.417,1048.403,419.187,1019.816,391.802,57.173,54.770
01_0018_0020.mp4,115,1.918583,32,sports ball,0.698120,1069.725,307.886,1128.885,375.450,1099.305,341.668,59.159,67.565
01_0018_0020.mp4,115,1.918583,32,sports ball,0.445791,818.463,480.644,878.858,561.038,848.661,520.841,60.395,80.394
01_0018_0020.mp4,116,1.935267,32,sports ball,0.884113,1062.330,282.392,1120.105,354.444,1091.217,318.418,57.775,72.051
01_0018_0020.mp4,116,1.935267,32,sports ball,0.846743,991.768,366.934,1049.961,421.937,1020.864,394.436,58.194,55.002
01_0018_0020.mp4,116,1.935267,32,sports ball,0.598364,810.942,523.536,871.027,610.178,840.984,566.857,60.085,86.642
01_0018_0020.mp4,117,1.951950,32,sports ball,0.885831,1055.343,258.758,1114.726,325.794,1085.034,292.276,59.383,67.036
01_0018_0020.mp4,117,1.951950,32,sports ball,0.882271,992.785,370.381,1051.147,426.221,1021.966,398.301,58.362,55.839
01_0018_0020.mp4,117,1.951950,32,sports ball,0.711572,800.799,560.086,863.464,646.988,832.132,603.537,62.665,86.903
01_0018_0020.mp4,118,1.968633,32,sports ball,0.901472,993.444,376.182,1051.449,432.424,1022.447,404.303,58.005,56.241
01_0018_0020.mp4,118,1.968633,32,sports ball,0.861535,1046.878,239.451,1106.987,302.611,1076.932,271.031,60.109,63.159
01_0018_0020.mp4,118,1.968633,32,sports ball,0.795669,796.756,600.772,855.480,680.199,826.118,640.486,58.724,79.427
01_0018_0020.mp4,119,1.985317,32,sports ball,0.918764,993.527,384.807,1052.121,440.717,1022.824,412.762,58.594,55.910
01_0018_0020.mp4,119,1.985317,32,sports ball,0.896364,1039.962,219.001,1101.496,284.793,1070.729,251.897,61.533,65.792
01_0018_0020.mp4,119,1.985317,32,sports ball,0.511966,787.546,646.024,848.033,705.453,817.789,675.738,60.487,59.429
01_0018_0020.mp4,120,2.002000,32,sports ball,0.912938,993.960,393.209,1052.846,453.573,1023.403,423.391,58.886,60.364
01_0018_0020.mp4,120,2.002000,32,sports ball,0.910109,1033.167,202.486,1092.175,268.807,1062.671,235.646,59.009,66.322
01_0018_0020.mp4,120,2.002000,32,sports ball,0.471618,790.784,657.419,850.997,709.326,820.891,683.372,60.214,51.907
