kind,stem,src,tgt,gap,min_hand_dist,ratio,vshape,end_d,start_d,spatial_jump,end_side,start_side,in_h7v3plus3,qa_verdict,h114_v1_default_fires,h114_v1_strict_fires,rule_a,rule_b,rule_c,fires_any
v4d_rejected,identical_balls_trick_000_018,35,40,27,15.27,7.486,V_DEEP,19.16,93.97,120.32,left,left,False,UNCLEAR,False,False,False,False,False,False
v4d_rejected,youtube_juggling_for_data_analysis_eh1I3SlZn48_075_090,15,25,11,8.29,4.244,V_DEEP,6.63,4.99,40.06,left,left,True,REAL,False,False,False,False,False,False
e6c_not_in_h7v2,identical_balls_trick_000_018,1,6,10,41.88,4.792,V_DEEP,77.85,96.15,248.5,right,right,False,,True,True,True,False,False,True
e6c_not_in_h7v2,identical_balls_trick_000_018,2,6,10,9.98,26.594,V_DEEP,91.93,96.15,352.79,left,right,False,,True,True,True,True,False,True
e6c_not_in_h7v2,identical_balls_trick_000_018,3,7,8,22.33,10.255,V_DEEP,106.16,66.22,310.07,left,right,False,,True,True,True,True,False,True
e6c_not_in_h7v2,identical_balls_trick_000_018,4,7,6,58.18,2.59,V_SHALLOW,55.99,66.22,87.61,right,right,False,,False,False,False,False,False,False
e6c_not_in_h7v2,identical_balls_trick_000_018,4,8,10,2.97,96.221,V_DEEP,55.99,71.47,306.0,right,left,False,FALSE,True,True,True,True,False,True
e6c_not_in_h7v2,identical_balls_trick_000_018,6,15,16,2.1,46.6,V_DEEP,47.25,15.21,101.09,right,right,False,REAL,False,False,False,False,False,False
e6c_not_in_h7v2,identical_balls_trick_000_018,7,10,8,57.35,2.239,V_SHALLOW,50.14,71.95,156.1,left,left,True,,False,False,False,False,False,False
e6c_not_in_h7v2,identical_balls_trick_000_018,9,12,6,15.43,14.396,V_DEEP,13.75,119.4,161.76,left,left,False,,False,False,False,False,False,False
e6c_not_in_h7v2,identical_balls_trick_000_018,9,13,6,15.43,8.169,V_DEEP,13.75,121.59,127.54,left,left,False,,False,False,False,False,False,False
e6c_not_in_h7v2,identical_balls_trick_000_018,10,11,8,34.72,2.714,V_DEEP,87.39,29.53,155.76,right,right,False,,False,False,False,False,False,False
e6c_not_in_h7v2,identical_balls_trick_000_018,11,13,7,34.51,8.073,V_DEEP,48.43,121.59,201.84,right,left,False,,True,True,True,True,False,True
e6c_not_in_h7v2,identical_balls_trick_000_018,11,12,7,40.62,8.78,V_DEEP,48.43,119.4,320.21,right,left,False,,True,True,True,True,False,True
e6c_not_in_h7v2,identical_balls_trick_000_018,12,17,16,38.25,4.488,V_DEEP,34.62,60.22,281.65,left,right,False,,True,True,True,True,False,True
e6c_not_in_h7v2,identical_balls_trick_000_018,12,16,8,38.25,8.854,V_DEEP,34.62,131.07,325.12,left,right,False,,True,True,True,True,False,True
e6c_not_in_h7v2,identical_balls_trick_000_018,14,19,14,54.08,3.241,V_SHALLOW,52.69,68.92,102.76,right,left,False,,False,False,False,True,False,True
e6c_not_in_h7v2,identical_balls_trick_000_018,14,18,6,41.5,10.367,V_DEEP,52.69,288.8,321.47,right,right,False,,True,True,True,False,False,True
e6c_not_in_h7v2,identical_balls_trick_000_018,15,17,16,27.68,3.371,V_DEEP,38.27,60.22,196.26,right,right,False,,False,False,False,False,False,False
e6c_not_in_h7v2,identical_balls_trick_000_018,15,16,8,46.6,5.237,V_DEEP,38.27,131.07,257.51,right,right,False,,True,True,True,False,False,True
e6c_not_in_h7v2,identical_balls_trick_000_018,16,19,8,51.27,7.456,V_SHALLOW,303.39,68.92,435.84,right,left,False,,True,True,True,True,False,True
e6c_not_in_h7v2,identical_balls_trick_000_018,17,22,13,22.44,17.243,V_DEEP,20.95,297.23,401.04,right,right,False,,False,False,False,False,False,False
e6c_not_in_h7v2,identical_balls_trick_000_018,18,21,6,46.78,6.287,V_DEEP,32.77,,256.49,left,,False,,False,False,False,False,False,False
e6c_not_in_h7v2,identical_balls_trick_000_018,18,22,14,46.78,10.843,V_DEEP,32.77,297.23,460.03,left,right,False,,True,True,True,True,False,True
e6c_not_in_h7v2,identical_balls_trick_000_018,25,27,8,32.17,2.417,V_DEEP,64.9,56.25,10.54,right,right,False,,False,False,False,False,False,False
e6c_not_in_h7v2,identical_balls_trick_000_018,25,26,2,32.17,3.003,V_DEEP,64.9,42.28,132.81,right,left,False,,False,False,False,True,False,True
e6c_not_in_h7v2,identical_balls_trick_000_018,31,38,11,28.35,17.275,V_DEEP,468.66,,446.3,left,,False,,False,False,False,False,False,False
e6c_not_in_h7v2,identical_balls_trick_000_018,31,37,11,33.27,14.214,V_DEEP,468.66,,456.52,left,,False,,False,False,False,False,False,False
e6c_not_in_h7v2,identical_balls_trick_000_018,35,38,11,6.99,13.619,V_DEEP,19.16,,108.24,left,,False,FALSE,False,False,False,False,False,False
e6c_not_in_h7v2,identical_balls_trick_000_018,35,36,11,15.27,29.629,V_DEEP,19.16,406.95,464.6,left,right,False,,False,False,False,False,False,False
e6c_not_in_h7v2,identical_balls_trick_000_018,36,41,13,11.6,10.246,V_DEEP,99.14,50.85,165.01,right,right,False,,False,False,False,False,False,False
e6c_not_in_h7v2,identical_balls_trick_000_018,37,39,11,33.27,4.645,V_DEEP,,62.73,127.57,,right,False,,False,False,False,False,False,False
e6c_not_in_h7v2,identical_balls_trick_000_018,38,40,15,28.35,4.17,V_DEEP,,93.97,118.02,,left,False,,False,False,False,False,False,False
e6c_not_in_h7v2,identical_balls_trick_000_018,39,48,15,99.48,5.712,V_SHALLOW,174.1,508.87,690.15,left,right,False,,True,True,True,True,False,True
e6c_not_in_h7v2,identical_balls_trick_000_018,40,42,11,19.22,9.886,V_DEEP,62.99,40.05,227.04,right,left,False,,True,True,True,True,False,True
e6c_not_in_h7v2,identical_balls_trick_000_018,41,44,15,14.43,16.416,V_DEEP,45.23,66.11,275.05,right,left,False,,True,True,True,True,False,True
e6c_not_in_h7v2,identical_balls_trick_000_018,44,53,11,55.9,3.487,V_SHALLOW,32.2,69.51,53.64,left,left,False,,False,False,False,False,False,False
e6c_not_in_h7v2,identical_balls_trick_000_018,45,47,15,55.01,2.038,V_SHALLOW,81.89,109.2,131.85,left,left,False,,False,False,False,False,False,False
e6c_not_in_h7v2,identical_balls_trick_000_018,47,52,9,32.83,6.943,V_DEEP,30.51,94.24,71.42,left,right,False,,False,False,False,False,False,False
e6c_not_in_h7v2,identical_balls_trick_000_018,50,56,9,8.9,30.147,V_DEEP,258.74,12.71,302.31,left,left,False,,False,False,False,False,False,False
e6c_not_in_h7v2,identical_balls_trick_000_018,52,53,11,29.65,9.219,V_DEEP,40.48,69.51,298.87,right,left,False,,True,True,True,True,False,True
e6c_not_in_h7v2,identical_balls_trick_000_018,53,58,16,40.78,2.724,V_DEEP,56.97,,97.7,right,,False,,False,False,False,False,False,False
e6c_not_in_h7v2,identical_balls_trick_000_018,54,57,9,8.51,38.118,V_DEEP,9.61,202.48,320.83,right,right,False,REAL,False,False,False,False,False,False
e6c_not_in_h7v2,identical_balls_trick_000_018,56,57,10,7.11,65.473,V_DEEP,7.01,202.48,346.47,left,right,False,REAL,False,False,False,False,False,False
e6c_not_in_h7v2,identical_balls_trick_000_018,57,63,10,42.64,7.894,V_DEEP,64.07,37.24,285.27,right,right,False,,True,True,True,False,False,True
e6c_not_in_h7v2,identical_balls_trick_000_018,59,61,11,18.94,5.303,V_DEEP,46.08,31.32,71.39,right,right,True,,False,False,False,False,False,False
e6c_not_in_h7v2,identical_balls_trick_000_018,59,62,13,12.52,12.529,V_DEEP,46.08,1.78,58.34,right,left,False,,False,False,False,False,False,False
e6c_not_in_h7v2,identical_balls_trick_000_018,62,65,8,32.58,11.688,V_DEEP,22.19,98.22,174.14,right,left,False,,False,False,False,False,False,False
e6c_not_in_h7v2,identical_balls_trick_000_018,63,66,12,16.74,9.664,V_DEEP,63.06,56.26,149.36,left,left,False,,False,False,False,False,False,False
e6c_not_in_h7v2,identical_balls_trick_000_018,63,65,11,39.9,5.315,V_DEEP,63.06,98.22,187.99,left,left,False,,False,False,False,False,False,False
e6c_not_in_h7v2,identical_balls_trick_000_018,64,69,13,38.12,4.665,V_DEEP,59.03,75.57,248.49,right,left,False,,True,True,True,True,False,True
e6c_not_in_h7v2,identical_balls_trick_000_018,65,69,7,38.12,9.652,V_DEEP,242.74,75.57,230.64,left,left,False,,True,True,True,False,False,True
e6c_not_in_h7v2,identical_balls_trick_000_018,66,69,12,18.3,9.55,V_DEEP,32.65,75.57,116.43,left,left,False,,False,False,False,False,False,False
e6c_not_in_h7v2,identical_balls_trick_000_018,66,68,5,10.86,19.129,V_DEEP,32.65,36.23,238.91,left,right,False,FALSE,True,True,True,True,False,True
e6c_not_in_h7v2,identical_balls_trick_000_018,67,72,9,26.14,11.886,V_DEEP,272.56,16.95,244.29,left,left,False,,False,False,False,False,False,False
e6c_not_in_h7v2,identical_balls_trick_000_018,67,71,9,20.36,19.756,V_DEEP,272.56,18.59,343.23,left,right,False,,False,False,False,False,False,False
e6c_not_in_h7v2,identical_balls_trick_000_018,68,72,14,12.95,16.569,V_DEEP,12.16,16.95,223.32,right,left,False,,False,False,False,False,False,False
e6c_not_in_h7v2,identical_balls_trick_000_018,68,70,14,12.95,21.896,V_DEEP,12.16,197.05,315.44,right,left,False,,False,False,False,False,False,False
e6c_not_in_h7v2,identical_balls_trick_000_018,72,74,6,30.89,9.946,V_DEEP,53.17,101.84,317.03,right,left,False,,True,True,True,True,False,True
e6c_not_in_h7v2,identical_balls_trick_000_018,73,75,10,35.2,3.474,V_DEEP,34.05,71.05,142.01,left,left,False,,False,False,False,False,False,False
e6c_not_in_h7v2,youtube_juggling_for_data_analysis_eh1I3SlZn48_075_090,1,10,15,8.19,19.604,V_DEEP,28.96,117.14,73.6,left,right,False,FALSE,False,False,False,False,False,False
e6c_not_in_h7v2,youtube_juggling_for_data_analysis_eh1I3SlZn48_075_090,10,11,9,4.69,38.56,V_DEEP,2.24,120.71,175.18,right,left,False,FALSE,False,False,False,False,False,False
e6c_not_in_h7v2,youtube_juggling_for_data_analysis_eh1I3SlZn48_075_090,20,21,12,5.32,17.308,V_DEEP,5.56,35.34,71.18,right,right,True,REAL,False,False,False,False,False,False
e6c_not_in_h7v2,youtube_juggling_for_data_analysis_eh1I3SlZn48_075_090,23,24,13,7.8,4.276,V_DEEP,,13.87,65.99,,right,False,PARTIAL,False,False,False,False,False,False
adjacent_vshape,identical_balls_trick_000_018,1,4,4,36.29,7.814,V_DEEP,77.85,48.05,312.64,right,left,False,,True,True,True,True,False,True
adjacent_vshape,identical_balls_trick_000_018,1,5,4,36.05,4.676,V_DEEP,77.85,,82.54,right,,False,,False,False,False,False,False,False
adjacent_vshape,identical_balls_trick_000_018,1,7,22,45.58,3.698,V_DEEP,77.85,66.22,248.3,right,right,False,,True,True,True,False,False,True
adjacent_vshape,identical_balls_trick_000_018,1,8,26,62.68,4.524,V_SHALLOW,77.85,71.47,172.57,right,left,False,,False,False,False,True,False,True
adjacent_vshape,identical_balls_trick_000_018,2,4,4,36.29,4.195,V_DEEP,91.93,48.05,61.58,left,left,False,,False,False,False,False,False,False
adjacent_vshape,identical_balls_trick_000_018,2,5,4,36.05,10.478,V_DEEP,91.93,,317.31,left,,False,,False,False,False,False,False,False
adjacent_vshape,identical_balls_trick_000_018,2,7,22,14.34,26.331,V_DEEP,91.93,66.22,491.14,left,right,False,,True,True,True,True,False,True
adjacent_vshape,identical_balls_trick_000_018,2,8,26,62.68,2.645,V_SHALLOW,91.93,71.47,168.35,left,left,False,,False,False,False,False,False,False
adjacent_vshape,identical_balls_trick_000_018,3,9,20,31.58,4.93,V_DEEP,106.16,31.19,77.09,left,left,False,,False,False,False,False,False,False
adjacent_vshape,identical_balls_trick_000_018,4,9,18,35.31,11.539,V_DEEP,55.99,31.19,254.05,right,left,False,,True,True,True,True,False,True
adjacent_vshape,identical_balls_trick_000_018,5,7,17,10.3,8.173,V_DEEP,,66.22,186.43,,right,False,,False,False,False,False,False,False
adjacent_vshape,identical_balls_trick_000_018,5,8,21,36.05,7.915,V_DEEP,,71.47,172.22,,left,False,,False,False,False,False,False,False
adjacent_vshape,identical_balls_trick_000_018,5,9,29,35.31,6.236,V_DEEP,,31.19,189.84,,left,False,,False,False,False,False,False,False
adjacent_vshape,identical_balls_trick_000_018,6,14,4,54.75,2.998,V_SHALLOW,47.25,51.55,127.44,right,right,False,,False,False,False,False,False,False
adjacent_vshape,identical_balls_trick_000_018,8,9,5,10.13,15.36,V_DEEP,50.3,31.19,127.54,left,left,False,,False,False,False,False,False,False
adjacent_vshape,identical_balls_trick_000_018,8,10,18,41.25,2.177,V_DEEP,50.3,71.95,141.61,left,left,False,,False,False,False,False,False,False
adjacent_vshape,identical_balls_trick_000_018,9,14,28,15.43,17.167,V_DEEP,13.75,51.55,160.28,left,right,False,,False,False,False,False,False,False
adjacent_vshape,identical_balls_trick_000_018,10,12,25,60.62,5.883,V_SHALLOW,87.39,119.4,166.19,right,left,False,,False,False,False,True,False,True
adjacent_vshape,identical_balls_trick_000_018,10,13,25,50.32,5.805,V_SHALLOW,87.39,121.59,42.96,right,left,False,,False,False,False,False,False,False
adjacent_vshape,identical_balls_trick_000_018,12,18,17,38.25,11.247,V_DEEP,34.62,288.8,468.48,left,right,False,,True,True,True,True,False,True
adjacent_vshape,identical_balls_trick_000_018,12,19,25,35.97,3.211,V_DEEP,34.62,68.92,325.27,left,left,False,,True,True,True,False,False,True
adjacent_vshape,identical_balls_trick_000_018,13,15,5,2.1,56.641,V_DEEP,45.03,15.21,60.96,right,right,False,PARTIAL,False,False,False,False,False,False
adjacent_vshape,identical_balls_trick_000_018,13,16,24,44.59,5.473,V_DEEP,45.03,131.07,136.83,right,right,False,,False,False,False,False,False,False
adjacent_vshape,identical_balls_trick_000_018,14,17,5,18.24,9.61,V_DEEP,52.69,60.22,110.54,right,right,False,,False,False,False,False,False,False
adjacent_vshape,identical_balls_trick_000_018,15,18,17,50.94,6.131,V_SHALLOW,38.27,288.8,425.37,right,right,False,,True,True,True,False,False,True
adjacent_vshape,identical_balls_trick_000_018,15,19,25,11.49,15.207,V_DEEP,38.27,68.92,124.93,right,left,False,,False,False,False,True,False,True
adjacent_vshape,identical_balls_trick_000_018,17,21,5,22.44,7.957,V_DEEP,20.95,,181.72,right,,False,,False,False,False,False,False,False
adjacent_vshape,identical_balls_trick_000_018,17,24,25,22.44,7.281,V_DEEP,20.95,71.53,166.27,right,left,False,,False,False,False,False,False,False
adjacent_vshape,identical_balls_trick_000_018,18,24,26,28.77,3.95,V_DEEP,32.77,71.53,299.99,left,left,False,,True,True,True,False,False,True
adjacent_vshape,identical_balls_trick_000_018,18,23,26,46.78,3.842,V_DEEP,32.77,52.43,238.4,left,right,False,,True,True,True,True,False,True
adjacent_vshape,identical_balls_trick_000_018,20,21,4,89.17,3.538,V_SHALLOW,278.1,,188.03,right,,False,,False,False,False,False,False,False
adjacent_vshape,identical_balls_trick_000_018,20,24,24,51.79,6.091,V_SHALLOW,278.1,71.53,327.07,right,left,False,,True,True,True,True,False,True
adjacent_vshape,identical_balls_trick_000_018,20,23,24,65.59,4.809,V_SHALLOW,278.1,52.43,205.43,right,right,False,,True,True,True,False,False,True
adjacent_vshape,identical_balls_trick_000_018,21,24,19,44.96,6.541,V_DEEP,,71.53,263.02,,left,False,,False,False,False,False,False,False
adjacent_vshape,identical_balls_trick_000_018,21,23,19,68.87,2.593,V_SHALLOW,,52.43,53.93,,right,False,,False,False,False,False,False,False
adjacent_vshape,identical_balls_trick_000_018,21,25,30,18.39,9.709,V_DEEP,,83.23,160.29,,left,False,,False,False,False,False,False,False
adjacent_vshape,identical_balls_trick_000_018,22,26,5,11.59,10.699,V_DEEP,46.69,42.28,110.74,left,left,False,,False,False,False,False,False,False
adjacent_vshape,identical_balls_trick_000_018,24,28,5,59.53,4.388,V_SHALLOW,60.58,238.21,234.31,right,right,False,,True,True,True,False,False,True
adjacent_vshape,identical_balls_trick_000_018,23,26,22,21.7,4.943,V_DEEP,76.77,42.28,164.87,left,left,False,,False,False,False,False,False,False
adjacent_vshape,identical_balls_trick_000_018,23,27,28,16.59,9.708,V_DEEP,76.77,56.25,270.44,left,right,False,,True,True,True,True,False,True
adjacent_vshape,identical_balls_trick_000_018,28,30,17,99.55,3.34,V_SHALLOW,332.27,93.82,246.52,right,right,False,,True,True,True,False,False,True
adjacent_vshape,identical_balls_trick_000_018,28,31,29,32.61,10.196,V_DEEP,332.27,68.38,488.52,right,left,False,,True,True,True,True,False,True
adjacent_vshape,identical_balls_trick_000_018,29,33,1,5.63,16.183,V_DEEP,47.51,71.37,127.47,left,left,False,PARTIAL,False,False,False,False,False,False
adjacent_vshape,identical_balls_trick_000_018,30,34,21,15.7,4.203,V_DEEP,57.47,,29.52,left,,False,,False,False,False,False,False,False
adjacent_vshape,identical_balls_trick_000_018,31,39,23,66.15,7.404,V_SHALLOW,468.66,62.73,342.0,left,right,False,,True,True,True,True,False,True
adjacent_vshape,identical_balls_trick_000_018,31,40,27,94.49,5.004,V_SHALLOW,468.66,93.97,377.31,left,left,False,,True,True,True,False,False,True
adjacent_vshape,identical_balls_trick_000_018,35,39,23,14.06,10.991,V_DEEP,19.16,62.73,163.86,left,right,False,,False,False,False,False,False,False
adjacent_vshape,identical_balls_trick_000_018,36,42,15,41.34,3.345,V_DEEP,99.14,40.05,85.06,right,left,False,,False,False,False,False,False,False
adjacent_vshape,identical_balls_trick_000_018,39,46,3,51.9,3.355,V_SHALLOW,174.1,89.36,237.68,left,left,False,,True,True,True,False,False,True
adjacent_vshape,identical_balls_trick_000_018,39,49,21,93.6,5.316,V_SHALLOW,174.1,,630.95,left,,False,,False,False,False,False,False,False
adjacent_vshape,identical_balls_trick_000_018,41,45,23,43.62,1.646,V_DEEP,45.23,60.86,22.65,right,right,False,,False,False,False,False,False,False
adjacent_vshape,identical_balls_trick_000_018,42,43,23,11.4,17.9,V_DEEP,43.8,,255.74,left,,False,,False,False,False,False,False,False
adjacent_vshape,identical_balls_trick_000_018,42,44,25,43.11,1.583,V_DEEP,43.8,66.11,40.15,left,left,False,,False,False,False,False,False,False
adjacent_vshape,identical_balls_trick_000_018,43,44,1,9.03,26.229,V_DEEP,,66.11,287.09,,left,False,,False,False,False,False,False,False
adjacent_vshape,identical_balls_trick_000_018,44,54,17,51.67,8.242,V_SHALLOW,32.2,39.11,309.22,left,right,False,,True,True,True,True,False,True
adjacent_vshape,identical_balls_trick_000_018,45,48,21,82.32,6.904,V_SHALLOW,81.89,508.87,620.79,left,right,False,,True,True,True,True,False,True
adjacent_vshape,identical_balls_trick_000_018,45,49,27,77.57,6.414,V_SHALLOW,81.89,,551.77,left,,False,,False,False,False,False,False,False
adjacent_vshape,identical_balls_trick_000_018,46,50,17,19.9,3.157,V_DEEP,19.21,50.3,60.4,right,right,False,,False,False,False,False,False,False
adjacent_vshape,identical_balls_trick_000_018,47,53,25,20.33,4.164,V_DEEP,30.51,69.51,257.72,left,left,False,,True,True,True,False,False,True
adjacent_vshape,identical_balls_trick_000_018,51,53,25,16.65,4.483,V_DEEP,,69.51,255.68,,left,False,,False,False,False,False,False,False
adjacent_vshape,identical_balls_trick_000_018,53,59,17,40.78,4.952,V_DEEP,56.97,80.19,182.42,right,right,False,,False,False,False,False,False,False
adjacent_vshape,identical_balls_trick_000_018,54,58,25,8.51,23.391,V_DEEP,9.61,,120.17,right,,False,,False,False,False,False,False,False
adjacent_vshape,identical_balls_trick_000_018,54,60,30,8.51,33.41,V_DEEP,9.61,46.85,179.16,right,right,False,,False,False,False,False,False,False
adjacent_vshape,identical_balls_trick_000_018,55,56,3,8.9,15.739,V_DEEP,,12.71,115.1,,left,False,,False,False,False,False,False,False
adjacent_vshape,identical_balls_trick_000_018,56,58,26,7.11,13.656,V_DEEP,7.01,,226.11,left,,False,REAL,False,False,False,False,False,False
adjacent_vshape,identical_balls_trick_000_018,56,59,27,7.11,29.519,V_DEEP,7.01,80.19,190.0,left,right,False,,False,False,False,False,False,False
adjacent_vshape,identical_balls_trick_000_018,57,61,3,31.47,10.695,V_DEEP,64.07,31.32,50.41,right,right,False,,False,False,False,False,False,False
adjacent_vshape,identical_balls_trick_000_018,57,62,5,12.52,26.954,V_DEEP,64.07,1.78,157.56,right,left,False,,False,False,False,False,False,False
adjacent_vshape,identical_balls_trick_000_018,58,60,4,40.46,7.031,V_DEEP,,46.85,117.86,,right,False,,False,False,False,False,False,False
adjacent_vshape,identical_balls_trick_000_018,58,61,27,25.57,7.789,V_DEEP,,31.32,211.93,,right,False,,False,False,False,False,False,False
adjacent_vshape,identical_balls_trick_000_018,58,62,29,12.52,11.289,V_DEEP,,1.78,226.79,,left,False,,False,False,False,False,False,False
adjacent_vshape,identical_balls_trick_000_018,60,66,21,48.31,11.215,V_DEEP,436.11,56.26,489.28,left,left,False,,True,True,True,False,False,True
adjacent_vshape,identical_balls_trick_000_018,61,63,5,24.97,6.34,V_DEEP,8.21,37.24,182.38,right,right,False,,False,False,False,False,False,False
adjacent_vshape,identical_balls_trick_000_018,62,67,20,32.58,11.665,V_DEEP,22.19,228.42,290.75,right,left,False,,False,False,False,False,False,False
adjacent_vshape,identical_balls_trick_000_018,62,68,22,24.72,4.667,V_DEEP,22.19,36.23,114.0,right,right,False,,False,False,False,False,False,False
adjacent_vshape,identical_balls_trick_000_018,62,69,29,32.58,5.706,V_DEEP,22.19,75.57,72.86,right,left,False,,False,False,False,False,False,False
adjacent_vshape,identical_balls_trick_000_018,63,67,23,64.92,3.57,V_SHALLOW,63.06,228.42,346.63,left,left,False,,True,True,True,False,False,True
adjacent_vshape,identical_balls_trick_000_018,63,68,25,34.83,8.014,V_DEEP,63.06,36.23,181.87,left,right,False,,False,False,False,True,False,True
adjacent_vshape,identical_balls_trick_000_018,64,67,4,59.71,6.364,V_SHALLOW,59.03,228.42,465.97,right,left,False,,True,True,True,True,False,True
adjacent_vshape,identical_balls_trick_000_018,66,67,3,38.32,6.048,V_DEEP,32.65,228.42,210.32,left,left,False,,True,True,True,False,False,True
adjacent_vshape,identical_balls_trick_000_018,69,70,18,37.83,5.439,V_DEEP,44.29,197.05,172.3,left,left,False,,False,False,False,False,False,False
adjacent_vshape,identical_balls_trick_000_018,69,72,18,26.14,6.064,V_DEEP,44.29,16.95,22.27,left,left,False,,False,False,False,False,False,False
adjacent_vshape,identical_balls_trick_000_018,69,71,18,20.36,15.447,V_DEEP,44.29,18.59,177.29,left,right,False,,False,False,False,False,False,False
adjacent_vshape,identical_balls_trick_000_018,70,73,4,21.49,8.735,V_DEEP,33.94,51.71,199.1,left,right,False,,False,False,False,True,False,True
adjacent_vshape,identical_balls_trick_000_018,70,75,20,22.21,3.341,V_DEEP,33.94,71.05,169.99,left,left,False,,False,False,False,False,False,False
adjacent_vshape,identical_balls_trick_000_018,72,75,20,7.19,42.643,V_DEEP,53.17,71.05,466.09,right,left,False,,True,True,True,True,False,True
adjacent_vshape,youtube_juggling_for_data_analysis_eh1I3SlZn48_075_090,5,11,19,9.91,20.568,V_DEEP,17.76,120.71,194.14,left,left,False,,False,False,False,False,False,False
adjacent_vshape,youtube_juggling_for_data_analysis_eh1I3SlZn48_075_090,5,12,27,17.36,9.124,V_DEEP,17.76,48.63,126.5,left,right,False,,False,False,False,False,False,False
adjacent_vshape,youtube_juggling_for_data_analysis_eh1I3SlZn48_075_090,6,9,17,8.83,10.715,V_DEEP,7.33,10.08,91.72,right,left,False,,False,False,False,False,False,False
adjacent_vshape,youtube_juggling_for_data_analysis_eh1I3SlZn48_075_090,6,10,20,8.62,21.774,V_DEEP,7.33,117.14,156.8,right,right,False,,False,False,False,False,False,False
adjacent_vshape,youtube_juggling_for_data_analysis_eh1I3SlZn48_075_090,7,8,21,38.51,3.397,V_DEEP,,38.17,73.9,,right,False,,False,False,False,False,False,False
adjacent_vshape,youtube_juggling_for_data_analysis_eh1I3SlZn48_075_090,8,19,19,11.39,13.734,V_DEEP,8.48,78.11,154.2,left,left,False,,False,False,False,False,False,False
adjacent_vshape,youtube_juggling_for_data_analysis_eh1I3SlZn48_075_090,10,13,29,4.69,32.169,V_DEEP,2.24,18.7,85.66,right,left,False,,False,False,False,False,False,False
adjacent_vshape,youtube_juggling_for_data_analysis_eh1I3SlZn48_075_090,11,15,30,13.56,13.73,V_DEEP,12.41,78.09,167.42,right,left,False,,False,False,False,False,False,False
adjacent_vshape,youtube_juggling_for_data_analysis_eh1I3SlZn48_075_090,12,15,20,6.86,23.297,V_DEEP,1.07,78.09,124.9,left,left,False,,False,False,False,False,False,False
adjacent_vshape,youtube_juggling_for_data_analysis_eh1I3SlZn48_075_090,12,16,30,6.86,19.558,V_DEEP,1.07,21.72,81.32,left,right,False,,False,False,False,False,False,False
adjacent_vshape,youtube_juggling_for_data_analysis_eh1I3SlZn48_075_090,13,15,2,5.94,31.359,V_DEEP,16.22,78.09,171.41,right,left,False,,False,False,False,False,False,False
adjacent_vshape,youtube_juggling_for_data_analysis_eh1I3SlZn48_075_090,17,25,24,4.56,21.365,V_DEEP,6.74,4.99,76.19,right,left,False,,False,False,False,False,False,False
adjacent_vshape,youtube_juggling_for_data_analysis_eh1I3SlZn48_075_090,18,31,22,32.96,5.294,V_DEEP,27.49,50.19,138.06,right,left,False,,False,False,False,False,False,False
adjacent_vshape,youtube_juggling_for_data_analysis_eh1I3SlZn48_075_090,21,30,22,20.68,6.974,V_DEEP,18.79,34.96,98.89,left,right,False,,False,False,False,False,False,False
adjacent_vshape,youtube_juggling_for_data_analysis_eh1I3SlZn48_075_090,22,27,26,10.84,8.633,V_DEEP,10.58,,101.18,right,,False,,False,False,False,False,False,False
adjacent_vshape,youtube_juggling_for_data_analysis_eh1I3SlZn48_075_090,23,25,28,10.42,8.167,V_DEEP,,4.99,87.85,,left,False,,False,False,False,False,False,False
adjacent_vshape,youtube_juggling_for_data_analysis_eh1I3SlZn48_075_090,24,26,3,1.06,133.217,V_DEEP,3.01,33.66,73.55,left,right,False,,False,False,False,False,False,False
adjacent_vshape,youtube_juggling_for_data_analysis_eh1I3SlZn48_075_090,24,27,17,1.06,24.88,V_DEEP,3.01,,36.91,left,,False,FALSE,False,False,False,False,False,False
adjacent_vshape,youtube_juggling_for_data_analysis_eh1I3SlZn48_075_090,24,28,25,1.06,173.333,V_DEEP,3.01,108.06,128.06,left,left,False,,False,False,False,False,False,False
adjacent_vshape,youtube_juggling_for_data_analysis_eh1I3SlZn48_075_090,25,34,20,9.9,11.771,V_DEEP,21.97,4.45,71.08,left,right,False,,False,False,False,False,False,False
adjacent_vshape,youtube_juggling_for_data_analysis_eh1I3SlZn48_075_090,26,32,26,13.6,10.31,V_DEEP,11.72,30.04,96.08,left,right,False,,False,False,False,False,False,False
adjacent_vshape,youtube_juggling_for_data_analysis_eh1I3SlZn48_075_090,28,33,17,14.38,8.637,V_DEEP,20.37,11.52,76.17,right,left,False,,False,False,False,False,False,False
adjacent_vshape,youtube_juggling_for_data_analysis_eh1I3SlZn48_075_090,30,38,24,14.14,10.282,V_DEEP,14.07,16.76,109.07,right,left,False,,False,False,False,False,False,False
adjacent_vshape,youtube_juggling_for_data_analysis_eh1I3SlZn48_075_090,32,40,5,21.28,4.026,V_DEEP,24.17,19.59,70.84,right,right,False,,False,False,False,False,False,False
adjacent_vshape,youtube_juggling_for_data_analysis_eh1I3SlZn48_075_090,35,39,16,8.03,7.412,V_DEEP,23.14,18.69,103.94,left,left,False,,False,False,False,False,False,False
adjacent_vshape,youtube_juggling_for_data_analysis_eh1I3SlZn48_075_090,35,40,21,21.28,5.879,V_DEEP,23.14,19.59,89.39,left,right,False,,False,False,False,False,False,False
adjacent_vshape,youtube_juggling_for_data_analysis_eh1I3SlZn48_075_090,39,40,1,21.28,6.222,V_DEEP,19.28,19.59,100.77,left,right,False,,False,False,False,False,False,False
