frame,L42,R42,A42,source,L36,R36,A36,L40v2,R40v2,h12_pattern,h12_conf
0,0,0,5,hold,0,0,5,0,0,,0.0
1,0,0,5,hold,0,0,5,0,0,,0.0
2,0,1,4,h40,0,0,5,0,1,MIXED_3+_UNCONFIRMED,0.333
3,0,1,4,h40,0,0,5,0,1,MIXED_3+_UNCONFIRMED,0.333
4,0,1,4,h40,0,0,5,0,1,MIXED_3+_UNCONFIRMED,0.333
5,1,1,3,h40,0,0,5,1,1,MIXED_3+_UNCONFIRMED,0.333
6,1,1,3,h40,0,0,5,1,1,MIXED_3+_UNCONFIRMED,0.333
7,1,1,3,h40,0,0,5,1,1,MIXED_3+_UNCONFIRMED,0.333
8,1,1,3,h40,0,0,5,1,1,MIXED_3+_UNCONFIRMED,0.333
9,1,1,3,h40,0,0,5,1,1,MIXED_3+_UNCONFIRMED,0.333
10,1,1,3,h40,0,0,5,1,1,MIXED_3+_UNCONFIRMED,0.333
11,1,1,3,h40,0,0,5,1,1,MIXED_3+_UNCONFIRMED,0.333
12,1,1,3,h40,0,0,5,1,1,MIXED_3+_UNCONFIRMED,0.333
13,1,1,3,h40,0,0,5,1,1,MIXED_3+_UNCONFIRMED,0.333
14,1,1,3,h40,0,0,5,1,1,MIXED_3+_UNCONFIRMED,0.333
15,1,1,3,h40,0,0,5,1,1,MIXED_3+_UNCONFIRMED,0.333
16,1,1,3,h40,0,0,5,1,1,MIXED_3+_UNCONFIRMED,0.333
17,1,1,3,h40,0,0,5,1,1,MIXED_3+_UNCONFIRMED,0.333
18,1,1,3,h40,0,0,5,1,1,MIXED_3+_UNCONFIRMED,0.333
19,1,1,3,h40,0,0,5,1,1,MIXED_3+_UNCONFIRMED,0.333
20,1,1,3,h40,0,0,5,1,1,MIXED_3+_UNCONFIRMED,0.333
21,1,1,3,h40,0,0,5,1,1,MIXED_3+_UNCONFIRMED,0.333
22,1,0,4,h36,1,0,4,1,1,MIXED_3+_UNCONFIRMED,0.399
23,1,0,4,h36,1,0,4,1,1,MIXED_3+_UNCONFIRMED,0.344
24,1,0,4,h36,1,0,4,1,1,MIXED_3+_UNCONFIRMED,0.344
25,1,0,4,h36,1,0,4,1,1,MIXED_3+_UNCONFIRMED,0.344
26,1,0,4,h36,1,0,4,1,1,MIXED_3+_UNCONFIRMED,0.344
27,1,0,4,h36,1,0,4,1,1,MIXED_3+_UNCONFIRMED,0.344
28,1,0,4,h36,1,0,4,0,1,MIXED_3+_UNCONFIRMED,0.344
29,1,0,4,h36,1,0,4,0,1,MIXED_3+_UNCONFIRMED,0.344
30,1,0,4,h36,1,0,4,0,1,MIXED_3+_UNCONFIRMED,0.344
31,1,0,4,h36,1,0,4,0,1,MIXED_3+_UNCONFIRMED,0.344
32,1,0,4,h36,1,0,4,0,1,MIXED_3+_UNCONFIRMED,0.344
33,1,0,4,h36,1,0,4,0,1,MIXED_3+_UNCONFIRMED,0.344
34,1,1,3,h40,0,0,5,1,1,MIXED_3+_UNCONFIRMED,0.399
35,1,1,3,h40,0,0,5,1,1,MIXED_3+_UNCONFIRMED,0.333
36,1,1,3,h40,0,0,5,1,1,MIXED_3+_UNCONFIRMED,0.333
37,1,1,3,h40,0,0,5,1,1,MIXED_3+_UNCONFIRMED,0.333
38,1,1,3,h40,0,0,5,1,1,MIXED_3+_UNCONFIRMED,0.333
39,1,1,3,h40,0,0,5,1,1,MIXED_3+_UNCONFIRMED,0.333
40,1,1,3,h40,0,0,5,1,1,MIXED_3+_UNCONFIRMED,0.333
41,1,1,3,h40,0,0,5,1,1,MIXED_3+_UNCONFIRMED,0.333
42,1,1,3,h40,0,0,5,1,1,MIXED_3+_UNCONFIRMED,0.333
43,1,1,3,h40,0,0,5,1,1,MIXED_3+_UNCONFIRMED,0.333
44,1,1,3,h40,0,0,5,1,1,MIXED_3+_UNCONFIRMED,0.333
45,1,1,3,h40,0,0,5,1,1,MIXED_3+_UNCONFIRMED,0.333
46,1,1,3,h40,0,0,5,1,1,MIXED_3+_UNCONFIRMED,0.333
47,1,1,3,h40,0,0,5,1,1,MIXED_3+_UNCONFIRMED,0.333
48,1,0,4,h40,0,0,5,1,0,MIXED_3+_UNCONFIRMED,0.333
49,1,1,3,h40,0,0,5,1,1,MIXED_3+_UNCONFIRMED,0.333
50,1,1,3,h40,0,0,5,1,1,MIXED_3+_UNCONFIRMED,0.333
51,1,1,3,h40,0,0,5,1,1,MIXED_3+_UNCONFIRMED,0.333
52,1,1,3,h40,0,0,5,1,1,MIXED_3+_UNCONFIRMED,0.333
53,1,1,3,h40,0,0,5,1,1,MIXED_3+_UNCONFIRMED,0.333
54,1,1,3,h40,0,0,5,1,1,MIXED_3+_UNCONFIRMED,0.333
55,1,1,3,h40,0,0,5,1,1,MIXED_3+_UNCONFIRMED,0.333
56,1,1,3,h40,0,0,5,1,1,MIXED_3+_UNCONFIRMED,0.333
57,1,1,3,h40,0,0,5,1,1,MIXED_3+_UNCONFIRMED,0.333
58,1,1,3,h40,0,0,5,1,1,MIXED_3+_UNCONFIRMED,0.33
59,1,1,3,h40,0,0,5,1,1,MIXED_3+_UNCONFIRMED,0.33
60,1,1,3,h40,0,0,5,1,1,MIXED_3+_UNCONFIRMED,0.33
61,1,1,3,h40,0,0,5,1,1,MIXED_3+_UNCONFIRMED,0.33
62,1,1,3,h40,0,0,5,1,1,MIXED_3+_UNCONFIRMED,0.33
63,1,1,3,h40,0,0,5,1,1,MIXED_3+_UNCONFIRMED,0.333
64,1,1,3,h40,0,0,5,1,1,MIXED_3+_UNCONFIRMED,0.333
65,1,1,3,h40,0,0,5,1,1,MIXED_3+_UNCONFIRMED,0.333
66,1,1,3,h40,0,0,5,1,1,MIXED_3+_UNCONFIRMED,0.333
67,1,1,3,h40,0,0,5,1,1,MIXED_3+_UNCONFIRMED,0.333
68,1,1,3,h40,0,0,5,1,1,MIXED_3+_UNCONFIRMED,0.333
69,1,1,3,h40,0,0,5,1,1,MIXED_3+_UNCONFIRMED,0.333
70,1,1,3,h40,0,0,5,1,1,MIXED_3+_UNCONFIRMED,0.333
71,1,1,3,h40,0,0,5,1,1,MIXED_3+_UNCONFIRMED,0.333
72,0,1,4,h36,0,1,4,1,1,CASCADE_3+,0.665
73,0,1,4,h36,0,1,4,1,1,CASCADE_3+,0.684
74,0,1,4,h36,0,1,4,1,1,CASCADE_3+,0.684
75,0,1,4,h36,0,1,4,1,1,CASCADE_3+,0.684
76,0,1,4,h36,0,1,4,1,1,CASCADE_3+,0.684
77,0,1,4,h36,0,1,4,1,1,CASCADE_3+,0.684
78,0,1,4,h36,0,1,4,1,1,CASCADE_3+,0.684
79,0,1,4,h36,0,1,4,1,1,CASCADE_3+,0.684
80,0,1,4,h36,0,1,4,1,1,CASCADE_3+,0.684
81,0,1,4,h36,0,1,4,1,1,CASCADE_3+,0.684
82,0,1,4,h36,0,1,4,1,1,CASCADE_3+,0.684
83,1,1,3,h40,0,0,5,1,1,MIXED_3+,0.665
84,1,1,3,h40,0,0,5,1,1,MIXED_3+,0.665
85,1,1,3,h40,0,0,5,1,1,MIXED_3+,0.665
86,0,1,4,h40,0,0,5,0,1,MIXED_3+,0.665
87,0,1,4,h40,0,0,5,0,1,MIXED_3+,0.665
88,0,1,4,h40,0,0,5,0,1,MIXED_3+,0.665
89,0,1,4,h40,0,0,5,0,1,MIXED_3+,0.665
90,1,1,3,h40,0,0,5,1,1,MIXED_3+,0.665
91,1,1,3,h40,0,0,5,1,1,MIXED_3+,0.665
92,1,1,3,h40,0,0,5,1,1,MIXED_3+,0.665
93,1,1,3,h40,0,0,5,1,1,MIXED_3+,0.665
94,1,1,3,h40,0,0,5,1,1,MIXED_3+,0.665
95,1,1,3,h40,0,0,5,1,1,MIXED_3+,0.665
96,1,1,3,h40,0,0,5,1,1,MIXED_3+,0.665
97,1,1,3,h40,0,0,5,1,1,MIXED_3+,0.665
98,1,1,3,h40,0,0,5,1,1,MIXED_3+,0.687
99,1,0,4,h40,0,0,5,1,0,MIXED_3+,0.687
100,1,0,4,h40,0,0,5,1,0,MIXED_3+,0.687
101,1,0,4,h40,0,0,5,1,0,MIXED_3+,0.687
102,1,0,4,h36,1,0,4,1,0,CASCADE_3+,0.687
103,1,0,4,h36,1,0,4,1,1,CASCADE_3+,0.688
104,1,0,4,h36,1,0,4,1,1,CASCADE_3+,0.688
105,1,0,4,h36,1,0,4,1,1,CASCADE_3+,0.688
106,1,0,4,h36,1,0,4,1,1,CASCADE_3+,0.688
107,1,0,4,h36,1,0,4,1,1,CASCADE_3+,0.688
108,1,0,4,h36,1,0,4,1,1,CASCADE_3+,0.688
109,1,0,4,h36,1,0,4,1,1,CASCADE_3+,0.688
110,1,0,4,h36,1,0,4,0,0,CASCADE_3+,0.688
111,1,0,4,h36,1,0,4,0,1,CASCADE_3+,0.688
112,1,0,4,h36,1,0,4,0,1,CASCADE_3+,0.688
113,1,0,4,h36,1,0,4,0,1,CASCADE_3+,0.688
114,1,1,3,h40,0,0,5,1,1,MIXED_3+,0.687
115,1,1,3,h40,0,0,5,1,1,MIXED_3+,0.687
116,1,1,3,h40,0,0,5,1,1,MIXED_3+,0.687
117,1,1,3,h40,0,0,5,1,1,MIXED_3+,0.718
118,1,1,3,h40,0,0,5,1,1,MIXED_3+,0.718
119,1,1,3,h40,0,0,5,1,1,MIXED_3+,0.718
120,1,1,3,h40,0,0,5,1,1,MIXED_3+,0.718
121,1,1,3,h40,0,0,5,1,1,MIXED_3+,0.718
122,1,1,3,h40,0,0,5,1,1,MIXED_3+,0.718
123,1,1,3,h40,0,0,5,1,1,MIXED_3+,0.718
124,1,1,3,h40,0,0,5,1,1,MIXED_3+,0.718
125,1,1,3,h40,0,0,5,1,1,MIXED_3+,0.718
126,1,1,3,h40,0,0,5,1,1,MIXED_3+,0.718
127,1,1,3,h40,0,0,5,1,1,MIXED_3+,0.718
128,1,1,3,h40,0,0,5,1,1,MIXED_3+,0.718
129,1,0,4,h40,0,0,5,1,0,MIXED_3+,0.718
130,1,1,3,h40,0,0,5,1,1,MIXED_3+,0.718
131,1,1,3,h40,0,0,5,1,1,MIXED_3+,0.718
132,1,1,3,h40,0,0,5,1,1,MIXED_3+,0.718
133,1,0,4,h40,0,0,5,1,0,MIXED_3+,0.718
134,1,1,3,h40,0,0,5,1,1,MIXED_3+,0.718
135,1,1,3,h40,0,0,5,1,1,MIXED_3+,0.718
136,1,1,3,h40,0,0,5,1,1,MIXED_3+,0.718
137,1,1,3,h40,0,0,5,1,1,MIXED_3+,0.718
138,1,1,3,h40,0,0,5,1,1,MIXED_3+,0.718
139,1,1,3,h40,0,0,5,1,1,MIXED_3+,0.718
140,1,1,3,h40,0,0,5,1,1,MIXED_3+,0.718
141,0,1,4,h40,0,0,5,0,1,MIXED_3+,0.718
142,1,1,3,h40,0,0,5,1,1,MIXED_3+,0.718
143,1,1,3,h40,0,0,5,1,1,MIXED_3+,0.718
144,1,1,3,h40,0,0,5,1,1,MIXED_3+,0.718
145,1,1,3,h40,0,0,5,1,1,MIXED_3+,0.718
146,1,1,3,h40,0,0,5,1,1,MIXED_3+,0.718
147,1,1,3,h40,0,0,5,1,1,MIXED_3+,0.718
148,1,1,3,h40,0,0,5,1,1,MIXED_3+,0.718
149,1,1,3,h40,0,0,5,1,1,MIXED_3+,0.718
150,1,1,3,h40,0,0,5,1,1,MIXED_3+,0.718
151,1,1,3,h40,0,0,5,1,1,MIXED_3+,0.718
152,1,1,3,h40,0,0,5,1,1,MIXED_3+,0.718
153,1,1,3,h40,0,0,5,1,1,MIXED_3+,0.718
154,1,1,3,h40,0,0,5,1,1,MIXED_3+,0.718
155,1,1,3,h40,0,0,5,1,1,MIXED_3+,0.718
156,1,0,4,h40,0,0,5,1,0,MIXED_3+,0.718
157,1,0,4,h40,0,0,5,1,0,MIXED_3+,0.718
158,1,1,3,h40,0,0,5,1,1,MIXED_3+,0.718
159,1,1,3,h40,0,0,5,1,1,MIXED_3+,0.718
160,1,1,3,h40,0,0,5,1,1,MIXED_3+,0.718
161,1,1,3,h40,0,0,5,1,1,MIXED_3+,0.718
162,1,1,3,h40,0,0,5,1,1,MIXED_3+,0.718
163,1,1,3,h40,0,0,5,1,1,MIXED_3+,0.718
164,1,1,3,h40,0,0,5,1,1,MIXED_3+,0.718
165,1,1,3,h40,0,0,5,1,1,MIXED_3+,0.718
166,1,1,3,h40,0,0,5,1,1,MIXED_3+,0.718
167,1,1,3,h40,0,0,5,1,1,MIXED_3+,0.718
168,1,1,3,h40,0,0,5,1,1,MIXED_3+,0.718
169,1,1,3,h40,0,0,5,1,1,MIXED_3+,0.718
170,0,1,4,h40,0,0,5,0,1,MIXED_3+,0.718
171,0,1,4,h40,0,0,5,0,1,MIXED_3+,0.718
172,0,1,4,h40,0,0,5,0,1,MIXED_3+,0.718
173,0,1,4,h40,0,0,5,0,1,MIXED_3+,0.718
174,0,1,4,h40,0,0,5,0,1,MIXED_3+,0.718
175,1,1,3,h40,0,0,5,1,1,MIXED_3+,0.718
176,1,1,3,h40,0,0,5,1,1,MIXED_3+,0.718
177,1,1,3,h40,0,0,5,1,1,MIXED_3+,0.718
178,1,1,3,h40,0,0,5,1,1,MIXED_3+,0.718
179,1,1,3,h40,0,0,5,1,1,MIXED_3+,0.718
180,1,1,3,h40,0,0,5,1,1,MIXED_3+,0.718
181,1,1,3,h40,0,0,5,1,1,MIXED_3+,0.718
182,1,1,3,h40,0,0,5,1,1,MIXED_3+,0.718
183,1,1,3,h40,0,0,5,1,1,MIXED_3+,0.718
184,1,1,3,h40,0,0,5,1,1,MIXED_3+,0.718
185,1,0,4,h40,0,0,5,1,0,MIXED_3+,0.718
186,1,0,4,h40,0,0,5,1,0,MIXED_3+,0.718
187,1,0,4,h40,0,0,5,1,0,MIXED_3+,0.718
188,1,1,3,h40,0,0,5,1,1,MIXED_3+,0.718
189,1,1,3,h40,0,0,5,1,1,MIXED_3+,0.718
190,1,1,3,h40,0,0,5,1,1,MIXED_3+,0.718
191,1,1,3,h40,0,0,5,1,1,MIXED_3+,0.718
192,1,0,4,h40,0,0,5,1,0,MIXED_3+,0.718
193,1,1,3,h40,0,0,5,1,1,MIXED_3+,0.718
194,1,1,3,h40,0,0,5,1,1,MIXED_3+,0.718
195,1,1,3,h40,0,0,5,1,1,MIXED_3+,0.718
196,1,1,3,h40,0,0,5,1,1,MIXED_3+,0.718
197,1,1,3,h40,0,0,5,1,1,MIXED_3+,0.718
198,1,1,3,h40,0,0,5,1,1,MIXED_3+,0.718
199,0,1,4,h40,0,0,5,0,1,MIXED_3+,0.718
200,0,1,4,h40,0,0,5,0,1,MIXED_3+,0.718
201,0,1,4,h40,0,0,5,0,1,MIXED_3+,0.718
202,0,1,4,h40,0,0,5,0,1,MIXED_3+,0.718
203,0,1,4,h40,0,0,5,0,1,MIXED_3+,0.718
204,0,1,4,h40,0,0,5,0,1,MIXED_3+,0.718
205,1,1,3,h40,0,0,5,1,1,MIXED_3+,0.718
206,1,1,3,h40,0,0,5,1,1,MIXED_3+,0.718
207,1,1,3,h40,0,0,5,1,1,MIXED_3+,0.718
208,1,1,3,h40,0,0,5,1,1,MIXED_3+,0.718
209,1,1,3,h40,0,0,5,1,1,MIXED_3+,0.718
210,1,1,3,h40,0,0,5,1,1,MIXED_3+,0.718
211,1,1,3,h40,0,0,5,1,1,MIXED_3+,0.718
212,1,1,3,h40,0,0,5,1,1,MIXED_3+,0.718
213,1,1,3,h40,0,0,5,1,1,MIXED_3+,0.718
214,1,1,3,h40,0,0,5,1,1,MIXED_3+,0.718
215,1,1,3,h40,0,0,5,1,1,MIXED_3+,0.718
216,1,1,3,h40,0,0,5,1,1,MIXED_3+,0.718
217,1,1,3,h40,0,0,5,1,1,MIXED_3+,0.718
218,1,1,3,h40,0,0,5,1,1,MIXED_3+,0.718
219,1,1,3,h40,0,0,5,1,1,MIXED_3+,0.718
220,1,1,3,h40,0,0,5,1,1,MIXED_3+,0.718
221,1,1,3,h40,0,0,5,1,1,MIXED_3+,0.718
222,1,1,3,h40,0,0,5,1,1,MIXED_3+,0.718
223,1,1,3,h40,0,0,5,1,1,MIXED_3+,0.718
224,1,1,3,h40,0,0,5,1,1,MIXED_3+,0.718
225,1,1,3,h40,0,0,5,1,1,MIXED_3+,0.718
226,1,1,3,h40,0,0,5,1,1,MIXED_3+,0.718
227,1,1,3,h40,0,0,5,1,1,MIXED_3+,0.718
228,1,1,3,h40,0,0,5,1,1,MIXED_3+,0.718
229,0,1,4,h40,0,0,5,0,1,MIXED_3+,0.698
230,0,1,4,h40,0,0,5,0,1,MIXED_3+,0.698
231,0,1,4,h40,0,0,5,0,1,MIXED_3+,0.698
232,1,1,3,h40,0,0,5,1,1,MIXED_3+,0.698
233,1,1,3,h40,0,0,5,1,1,MIXED_3+,0.698
234,1,1,3,h40,0,0,5,1,1,MIXED_3+,0.698
235,1,1,3,h40,0,0,5,1,1,MIXED_3+,0.698
236,0,0,5,hold,0,0,5,0,0,MIXED_3+,0.698
237,0,0,5,hold,0,0,5,0,0,MIXED_3+,0.698
238,0,1,4,h36,0,1,4,1,1,MIXED_3+,0.698
239,0,1,4,h36,0,1,4,1,1,MIXED_3+,0.651
240,0,1,4,h36,0,1,4,1,1,MIXED_3+,0.651
241,0,1,4,h36,0,1,4,1,1,MIXED_3+,0.651
242,0,1,4,h36,0,1,4,1,1,MIXED_3+,0.651
243,0,1,4,h36,0,1,4,1,1,MIXED_3+,0.651
244,0,1,4,h36,0,1,4,1,0,MIXED_3+,0.651
245,0,1,4,h36,0,1,4,1,0,MIXED_3+,0.651
246,0,1,4,h36,0,1,4,1,0,MIXED_3+,0.651
247,0,1,4,h36,0,1,4,1,0,MIXED_3+,0.642
248,0,1,4,h36,0,1,4,1,1,MIXED_3+,0.642
249,0,1,4,h36,0,1,4,1,1,MIXED_3+,0.642
250,0,1,4,h36,0,1,4,1,1,MIXED_3+,0.642
251,0,1,4,h36,0,1,4,1,1,MIXED_3+,0.642
252,0,1,4,h36,0,1,4,1,1,MIXED_3+,0.642
253,0,1,4,h36,0,1,4,1,1,MIXED_3+,0.642
254,0,1,4,h36,0,1,4,0,0,MIXED_3+,0.642
255,0,1,4,h40,0,0,5,0,1,MIXED_3+,0.682
256,1,0,4,h36,1,0,4,1,1,CASCADE_3+,0.682
257,1,0,4,h36,1,0,4,1,1,CASCADE_3+,0.681
258,1,0,4,h36,1,0,4,1,1,CASCADE_3+,0.681
259,1,0,4,h36,1,0,4,1,1,CASCADE_3+,0.681
260,1,0,4,h36,1,0,4,1,1,CASCADE_3+,0.681
261,1,0,4,h36,1,0,4,1,1,CASCADE_3+,0.681
262,1,0,4,h36,1,0,4,1,1,CASCADE_3+,0.681
263,1,0,4,h36,1,0,4,1,1,CASCADE_3+,0.681
264,1,0,4,h36,1,0,4,1,1,CASCADE_3+,0.681
265,1,0,4,h36,1,0,4,1,1,CASCADE_3+,0.681
266,1,0,4,h36,1,0,4,1,1,CASCADE_3+,0.681
267,1,1,3,h40,0,0,5,1,1,MIXED_3+,0.682
268,1,1,3,h40,0,0,5,1,1,MIXED_3+,0.682
269,1,1,3,h40,0,0,5,1,1,MIXED_3+,0.682
270,1,1,3,h40,0,0,5,1,1,MIXED_3+,0.682
271,1,1,3,h40,0,0,5,1,1,MIXED_3+,0.682
272,1,1,3,h40,0,0,5,1,1,MIXED_3+,0.682
273,1,1,3,h40,0,0,5,1,1,MIXED_3+,0.682
274,1,1,3,h40,0,0,5,1,1,MIXED_3+,0.682
275,1,1,3,h40,0,0,5,1,1,MIXED_3+,0.682
276,1,1,3,h40,0,0,5,1,1,MIXED_3+,0.682
277,1,1,3,h40,0,0,5,1,1,MIXED_3+,0.682
278,1,1,3,h40,0,0,5,1,1,MIXED_3+,0.682
279,1,1,3,h40,0,0,5,1,1,MIXED_3+,0.682
280,1,1,3,h40,0,0,5,1,1,MIXED_3+,0.682
281,1,1,3,h40,0,0,5,1,1,MIXED_3+,0.682
282,1,1,3,h40,0,0,5,1,1,MIXED_3+,0.682
283,1,1,3,h40,0,0,5,1,1,MIXED_3+,0.682
284,1,1,3,h40,0,0,5,1,1,MIXED_3+,0.682
285,1,1,3,h40,0,0,5,1,1,MIXED_3+,0.682
286,1,1,3,h40,0,0,5,1,1,MIXED_3+,0.682
287,1,1,3,h40,0,0,5,1,1,MIXED_3+,0.682
288,1,1,3,h40,0,0,5,1,1,MIXED_3+,0.682
289,1,1,3,h40,0,0,5,1,1,MIXED_3+,0.682
290,1,1,3,h40,0,0,5,1,1,MIXED_3+,0.682
291,1,1,3,h40,0,0,5,1,1,MIXED_3+,0.682
292,1,1,3,h40,0,0,5,1,1,MIXED_3+,0.682
293,1,1,3,h40,0,0,5,1,1,MIXED_3+,0.682
294,1,1,3,h40,0,0,5,1,1,MIXED_3+,0.682
295,1,1,3,h40,0,0,5,1,1,MIXED_3+,0.682
296,1,1,3,h40,0,0,5,1,1,MIXED_3+,0.682
297,1,1,3,h40,0,0,5,1,1,MIXED_3+,0.682
298,1,1,3,h40,0,0,5,1,1,MIXED_3+,0.682
299,0,1,4,h36,0,1,4,1,1,CASCADE_3+,0.682
300,0,1,4,h36,0,1,4,1,1,CASCADE_3+,0.698
301,0,1,4,h36,0,1,4,1,1,CASCADE_3+,0.698
302,0,1,4,h36,0,1,4,1,1,CASCADE_3+,0.698
303,0,1,4,h36,0,1,4,1,1,CASCADE_3+,0.698
304,0,1,4,h36,0,1,4,1,1,CASCADE_3+,0.698
305,0,1,4,h36,0,1,4,1,1,CASCADE_3+,0.698
306,0,1,4,h36,0,1,4,1,1,CASCADE_3+,0.698
307,0,1,4,h36,0,1,4,1,1,CASCADE_3+,0.698
308,1,1,3,h40,0,0,5,1,1,MIXED_3+,0.682
309,1,1,3,h40,0,0,5,1,1,MIXED_3+,0.682
310,1,1,3,h40,0,0,5,1,1,MIXED_3+,0.642
311,1,1,3,h40,0,0,5,1,1,MIXED_3+,0.642
312,1,1,3,h40,0,0,5,1,1,MIXED_3+,0.642
313,1,1,3,h40,0,0,5,1,1,MIXED_3+,0.642
314,1,1,3,h40,0,0,5,1,1,MIXED_3+,0.642
315,1,1,3,h40,0,0,5,1,1,MIXED_3+,0.642
316,1,1,3,h40,0,0,5,1,1,MIXED_3+,0.642
317,0,1,4,h40,0,0,5,0,1,MIXED_3+,0.642
318,1,1,3,h40,0,0,5,1,1,MIXED_3+,0.642
319,1,1,3,h40,0,0,5,1,1,MIXED_3+,0.642
320,1,1,3,h40,0,0,5,1,1,MIXED_3+,0.642
321,1,1,3,h40,0,0,5,1,1,MIXED_3+,0.642
322,1,1,3,h40,0,0,5,1,1,MIXED_3+,0.642
323,1,1,3,h40,0,0,5,1,1,MIXED_3+,0.642
324,0,0,5,hold,0,0,5,0,0,MIXED_3+,0.642
325,1,0,4,h40,0,0,5,1,0,MIXED_3+,0.642
326,1,0,4,h40,0,0,5,1,0,MIXED_3+,0.642
327,0,1,4,h36,0,1,4,1,1,MIXED_3+,0.642
328,0,1,4,h36,0,1,4,1,1,MIXED_3+,0.628
329,0,1,4,h36,0,1,4,1,1,MIXED_3+,0.64
330,0,1,4,h36,0,1,4,1,1,MIXED_3+,0.64
331,0,1,4,h36,0,1,4,1,1,MIXED_3+,0.64
332,0,1,4,h36,0,1,4,1,1,MIXED_3+,0.64
333,0,1,4,h36,0,1,4,1,0,MIXED_3+,0.64
334,0,1,4,h36,0,1,4,0,0,MIXED_3+,0.64
335,0,1,4,h36,0,1,4,0,0,MIXED_3+,0.64
336,0,1,4,h36,0,1,4,0,0,MIXED_3+,0.64
337,0,1,4,h36,0,1,4,0,0,MIXED_3+,0.64
338,0,1,4,h36,0,1,4,1,1,MIXED_3+,0.64
339,1,1,3,h40,0,0,5,1,1,FOUNTAIN_3+,0.649
340,1,1,3,h40,0,0,5,1,1,FOUNTAIN_3+,0.649
341,1,1,3,h40,0,0,5,1,1,FOUNTAIN_3+,0.649
342,1,1,3,h40,0,0,5,1,1,FOUNTAIN_3+,0.649
343,1,1,3,h40,0,0,5,1,1,FOUNTAIN_3+,0.649
344,1,1,3,h40,0,0,5,1,1,FOUNTAIN_3+,0.649
345,1,1,3,h40,0,0,5,1,1,FOUNTAIN_3+,0.649
346,0,1,4,h40,0,0,5,0,1,FOUNTAIN_3+,0.649
347,0,1,4,h40,0,0,5,0,1,FOUNTAIN_3+,0.649
348,1,1,3,h40,0,0,5,1,1,FOUNTAIN_3+,0.649
349,1,1,3,h40,0,0,5,1,1,FOUNTAIN_3+,0.649
350,1,1,3,h40,0,0,5,1,1,FOUNTAIN_3+,0.649
351,1,1,3,h40,0,0,5,1,1,FOUNTAIN_3+,0.649
352,1,1,3,h40,0,0,5,1,1,FOUNTAIN_3+,0.649
353,1,1,3,h40,0,0,5,1,1,FOUNTAIN_3+,0.649
354,1,1,3,h40,0,0,5,1,1,FOUNTAIN_3+,0.649
355,1,1,3,h40,0,0,5,1,1,FOUNTAIN_3+,0.649
356,1,1,3,h40,0,0,5,1,1,FOUNTAIN_3+,0.649
357,1,1,3,h40,0,0,5,1,1,FOUNTAIN_3+,0.649
358,1,1,3,h40,0,0,5,1,1,FOUNTAIN_3+,0.649
359,1,1,3,h40,0,0,5,1,1,FOUNTAIN_3+,0.649
360,1,1,3,h40,0,0,5,1,1,FOUNTAIN_3+,0.649
361,1,1,3,h40,0,0,5,1,1,FOUNTAIN_3+,0.649
362,1,0,4,h40,0,0,5,1,0,FOUNTAIN_3+,0.649
363,0,0,5,hold,0,0,5,0,0,FOUNTAIN_3+,0.649
364,1,1,3,h40,0,0,5,1,1,FOUNTAIN_3+,0.649
365,1,1,3,h40,0,0,5,1,1,FOUNTAIN_3+,0.649
366,1,1,3,h40,0,0,5,1,1,FOUNTAIN_3+,0.649
367,1,1,3,h40,0,0,5,1,1,FOUNTAIN_3+,0.649
368,1,1,3,h40,0,0,5,1,1,FOUNTAIN_3+,0.649
369,1,1,3,h40,0,0,5,1,1,FOUNTAIN_3+,0.649
370,1,1,3,h40,0,0,5,1,1,FOUNTAIN_3+,0.649
371,1,1,3,h40,0,0,5,1,1,FOUNTAIN_3+,0.649
372,0,1,4,h40,0,0,5,0,1,FOUNTAIN_3+,0.649
373,0,1,4,h40,0,0,5,0,1,FOUNTAIN_3+,0.649
374,1,1,3,h40,0,0,5,1,1,FOUNTAIN_3+,0.649
375,1,0,4,h36,1,0,4,1,1,MIXED_3+,0.649
376,1,0,4,h36,1,0,4,1,1,MIXED_3+,0.657
377,1,0,4,h36,1,0,4,1,1,MIXED_3+,0.657
378,1,0,4,h36,1,0,4,1,1,MIXED_3+,0.657
379,1,0,4,h36,1,0,4,0,0,MIXED_3+,0.657
380,1,0,4,h36,1,0,4,1,1,MIXED_3+,0.657
381,1,1,3,h40,0,0,5,1,1,MIXED_3+,0.649
382,1,1,3,h40,0,0,5,1,1,MIXED_3+,0.649
383,1,1,3,h40,0,0,5,1,1,MIXED_3+,0.649
384,1,1,3,h40,0,0,5,1,1,MIXED_3+,0.649
385,1,1,3,h40,0,0,5,1,1,MIXED_3+,0.649
386,1,1,3,h40,0,0,5,1,1,MIXED_3+,0.649
387,1,1,3,h40,0,0,5,1,1,MIXED_3+,0.649
388,1,0,4,h40,0,0,5,1,0,MIXED_3+,0.649
389,1,0,4,h40,0,0,5,1,0,MIXED_3+,0.649
390,1,1,3,h40,0,0,5,1,1,MIXED_3+,0.649
391,1,1,3,h40,0,0,5,1,1,MIXED_3+,0.649
392,1,1,3,h40,0,0,5,1,1,MIXED_3+,0.649
393,1,1,3,h40,0,0,5,1,1,MIXED_3+,0.649
394,1,1,3,h40,0,0,5,1,1,MIXED_3+,0.649
395,1,1,3,h40,0,0,5,1,1,MIXED_3+,0.649
396,1,1,3,h40,0,0,5,1,1,MIXED_3+,0.649
397,1,1,3,h40,0,0,5,1,1,MIXED_3+,0.649
398,1,1,3,h40,0,0,5,1,1,MIXED_3+,0.649
399,1,1,3,h40,0,0,5,1,1,MIXED_3+,0.649
400,1,1,3,h40,0,0,5,1,1,MIXED_3+,0.649
401,1,1,3,h40,0,0,5,1,1,MIXED_3+,0.649
402,1,1,3,h40,0,0,5,1,1,MIXED_3+,0.649
403,1,1,3,h40,0,0,5,1,1,MIXED_3+,0.649
404,1,1,3,h40,0,0,5,1,1,MIXED_3+,0.649
405,1,1,3,h40,0,0,5,1,1,MIXED_3+,0.649
406,1,1,3,h40,0,0,5,1,1,MIXED_3+,0.649
407,1,1,3,h40,0,0,5,1,1,MIXED_3+,0.649
408,1,1,3,h40,0,0,5,1,1,MIXED_3+,0.649
409,1,1,3,h40,0,0,5,1,1,MIXED_3+,0.649
410,1,1,3,h40,0,0,5,1,1,MIXED_3+,0.649
411,0,1,4,h36,0,1,4,1,1,CASCADE_3+,0.649
412,0,1,4,h36,0,1,4,1,1,CASCADE_3+,0.641
413,0,1,4,h36,0,1,4,0,1,CASCADE_3+,0.641
414,0,1,4,h36,0,1,4,1,1,CASCADE_3+,0.641
415,0,1,4,h36,0,1,4,1,1,CASCADE_3+,0.641
416,0,1,4,h36,0,1,4,1,1,CASCADE_3+,0.641
417,0,1,4,h36,0,1,4,1,1,CASCADE_3+,0.641
418,0,1,4,h36,0,1,4,1,1,CASCADE_3+,0.641
419,0,1,4,h36,0,1,4,1,0,CASCADE_3+,0.641
420,1,1,3,h40,0,0,5,1,1,MIXED_3+,0.649
421,1,1,3,h40,0,0,5,1,1,MIXED_3+,0.649
422,1,1,3,h40,0,0,5,1,1,MIXED_3+,0.649
423,1,1,3,h40,0,0,5,1,1,MIXED_3+,0.649
424,1,1,3,h40,0,0,5,1,1,MIXED_3+,0.649
425,1,1,3,h40,0,0,5,1,1,MIXED_3+,0.649
426,1,1,3,h40,0,0,5,1,1,MIXED_3+,0.649
427,1,1,3,h40,0,0,5,1,1,MIXED_3+,0.663
428,0,1,4,h40,0,0,5,0,1,MIXED_3+,0.663
429,0,1,4,h40,0,0,5,0,1,MIXED_3+,0.663
430,0,1,4,h40,0,0,5,0,1,MIXED_3+,0.663
431,0,1,4,h40,0,0,5,0,1,MIXED_3+,0.663
432,1,1,3,h40,0,0,5,1,1,MIXED_3+,0.663
433,1,1,3,h40,0,0,5,1,1,MIXED_3+,0.663
434,1,1,3,h40,0,0,5,1,1,MIXED_3+,0.663
435,1,1,3,h40,0,0,5,1,1,MIXED_3+,0.663
436,1,1,3,h40,0,0,5,1,1,MIXED_3+,0.663
437,1,1,3,h40,0,0,5,1,1,MIXED_3+,0.663
438,1,1,3,h40,0,0,5,1,1,MIXED_3+,0.663
439,0,0,5,hold,0,0,5,0,0,MIXED_3+,0.663
440,0,1,4,h40,0,0,5,0,1,MIXED_3+,0.663
441,0,1,4,h40,0,0,5,0,1,MIXED_3+,0.663
442,1,1,3,h40,0,0,5,1,1,MIXED_3+,0.663
443,1,1,3,h40,0,0,5,1,1,MIXED_3+,0.663
444,1,1,3,h40,0,0,5,1,1,MIXED_3+,0.663
445,1,1,3,h40,0,0,5,1,1,MIXED_3+,0.654
446,1,1,3,h40,0,0,5,1,1,MIXED_3+,0.654
447,1,1,3,h40,0,0,5,1,1,MIXED_3+,0.654
448,1,1,3,h40,0,0,5,1,1,MIXED_3+,0.654
449,1,1,3,h40,0,0,5,1,1,MIXED_3+,0.654
450,1,1,3,h40,0,0,5,1,1,MIXED_3+,0.654
451,1,1,3,h40,0,0,5,1,1,MIXED_3+,0.654
452,1,1,3,h40,0,0,5,1,1,MIXED_3+,0.654
453,1,1,3,h40,0,0,5,1,1,MIXED_3+,0.654
454,1,1,3,h40,0,0,5,1,1,MIXED_3+,0.654
455,1,1,3,h40,0,0,5,1,1,MIXED_3+,0.654
456,1,1,3,h40,0,0,5,1,1,MIXED_3+,0.654
457,1,1,3,h40,0,0,5,1,1,MIXED_3+,0.654
458,0,1,4,h40,0,0,5,0,1,MIXED_3+,0.654
459,1,1,3,h40,0,0,5,1,1,MIXED_3+,0.654
460,1,1,3,h40,0,0,5,1,1,MIXED_3+,0.654
461,1,1,3,h40,0,0,5,1,1,MIXED_3+,0.654
462,0,1,4,h40,0,0,5,0,1,MIXED_3+,0.654
463,1,1,3,h40,0,0,5,1,1,MIXED_3+,0.654
464,1,1,3,h40,0,0,5,1,1,MIXED_3+,0.654
465,1,1,3,h40,0,0,5,1,1,MIXED_3+,0.654
466,1,1,3,h40,0,0,5,1,1,MIXED_3+,0.646
467,1,1,3,h40,0,0,5,1,1,MIXED_3+,0.646
468,1,1,3,h40,0,0,5,1,1,MIXED_3+,0.646
469,1,1,3,h40,0,0,5,1,1,MIXED_3+,0.639
470,1,1,3,h40,0,0,5,1,1,CASCADE_3+,0.639
471,1,1,3,h40,0,0,5,1,1,CASCADE_3+,0.646
472,1,1,3,h40,0,0,5,1,1,CASCADE_3+,0.646
473,1,1,3,h40,0,0,5,1,1,CASCADE_3+,0.646
474,0,0,5,hold,0,0,5,0,0,CASCADE_3+,0.646
475,1,1,3,h40,0,0,5,1,1,CASCADE_3+,0.646
476,1,0,4,h40,0,0,5,1,0,CASCADE_3+,0.646
477,1,0,4,h40,0,0,5,1,0,CASCADE_3+,0.646
478,1,0,4,h40,0,0,5,1,0,CASCADE_3+,0.646
479,1,1,3,h40,0,0,5,1,1,CASCADE_3+,0.646
480,1,1,3,h40,0,0,5,1,1,CASCADE_3+,0.646
481,1,1,3,h40,0,0,5,1,1,CASCADE_3+,0.646
482,1,1,3,h40,0,0,5,1,1,MIXED_3+,0.639
483,1,1,3,h40,0,0,5,1,1,MIXED_3+,0.639
484,1,1,3,h40,0,0,5,1,1,MIXED_3+,0.639
485,1,1,3,h40,0,0,5,1,1,MIXED_3+,0.639
486,1,1,3,h40,0,0,5,1,1,MIXED_3+,0.639
487,1,1,3,h40,0,0,5,1,1,MIXED_3+,0.639
488,1,1,3,h40,0,0,5,1,1,MIXED_3+,0.639
489,0,1,4,h40,0,0,5,0,1,MIXED_3+,0.639
490,1,1,3,h40,0,0,5,1,1,MIXED_3+,0.639
491,1,1,3,h40,0,0,5,1,1,MIXED_3+,0.639
492,1,1,3,h40,0,0,5,1,1,MIXED_3+,0.639
493,1,1,3,h40,0,0,5,1,1,MIXED_3+,0.639
494,1,1,3,h40,0,0,5,1,1,MIXED_3+,0.639
495,1,1,3,h40,0,0,5,1,1,MIXED_3+,0.639
496,1,1,3,h40,0,0,5,1,1,MIXED_3+,0.639
497,1,1,3,h40,0,0,5,1,1,MIXED_3+,0.639
498,0,1,4,h36,0,1,4,1,1,CASCADE_3+,0.639
499,0,1,4,h36,0,1,4,1,1,CASCADE_3+,0.645
500,0,1,4,h36,0,1,4,1,1,CASCADE_3+,0.645
501,0,1,4,h36,0,1,4,1,1,CASCADE_3+,0.645
502,0,1,4,h36,0,1,4,1,1,CASCADE_3+,0.645
503,0,1,4,h36,0,1,4,1,1,CASCADE_3+,0.645
504,0,1,4,h36,0,1,4,1,1,CASCADE_3+,0.645
505,0,1,4,h36,0,1,4,1,1,CASCADE_3+,0.645
506,0,1,4,h36,0,1,4,1,0,CASCADE_3+,0.645
507,0,1,4,h36,0,1,4,1,1,CASCADE_3+,0.645
508,0,1,4,h36,0,1,4,1,1,CASCADE_3+,0.645
509,0,1,4,h36,0,1,4,1,1,CASCADE_3+,0.645
510,1,1,3,h40,0,0,5,1,1,MIXED_3+,0.639
511,1,1,3,h40,0,0,5,1,1,MIXED_3+,0.639
512,1,1,3,h40,0,0,5,1,1,MIXED_3+,0.639
513,1,1,3,h40,0,0,5,1,1,MIXED_3+,0.639
514,1,1,3,h40,0,0,5,1,1,MIXED_3+,0.639
515,1,1,3,h40,0,0,5,1,1,MIXED_3+,0.639
516,1,1,3,h40,0,0,5,1,1,MIXED_3+,0.639
517,1,1,3,h40,0,0,5,1,1,MIXED_3+,0.639
518,1,1,3,h40,0,0,5,1,1,MIXED_3+,0.639
519,1,1,3,h40,0,0,5,1,1,MIXED_3+,0.639
520,1,1,3,h40,0,0,5,1,1,MIXED_3+,0.639
521,1,1,3,h40,0,0,5,1,1,MIXED_3+,0.639
522,1,1,3,h40,0,0,5,1,1,MIXED_3+,0.639
523,1,1,3,h40,0,0,5,1,1,MIXED_3+,0.639
524,1,1,3,h40,0,0,5,1,1,MIXED_3+,0.639
525,1,1,3,h40,0,0,5,1,1,MIXED_3+,0.639
526,1,1,3,h40,0,0,5,1,1,MIXED_3+,0.639
527,1,1,3,h40,0,0,5,1,1,MIXED_3+,0.639
528,1,1,3,h40,0,0,5,1,1,MIXED_3+,0.639
529,1,0,4,h40,0,0,5,1,0,MIXED_3+,0.639
530,1,0,4,h40,0,0,5,1,0,MIXED_3+,0.639
531,1,0,4,h40,0,0,5,1,0,MIXED_3+,0.639
532,1,1,3,h40,0,0,5,1,1,MIXED_3+,0.639
533,1,1,3,h40,0,0,5,1,1,MIXED_3+,0.639
534,1,1,3,h40,0,0,5,1,1,MIXED_3+,0.639
535,1,1,3,h40,0,0,5,1,1,MIXED_3+,0.639
536,1,1,3,h40,0,0,5,1,1,MIXED_3+,0.639
537,1,1,3,h40,0,0,5,1,1,MIXED_3+,0.639
538,1,1,3,h40,0,0,5,1,1,MIXED_3+,0.639
539,1,1,3,h40,0,0,5,1,1,MIXED_3+,0.639
540,1,1,3,h40,0,0,5,1,1,MIXED_3+,0.639
541,1,1,3,h40,0,0,5,1,1,MIXED_3+,0.639
542,1,1,3,h40,0,0,5,1,1,MIXED_3+,0.639
543,1,1,3,h40,0,0,5,1,1,MIXED_3+,0.639
544,1,1,3,h40,0,0,5,1,1,MIXED_3+,0.639
545,1,1,3,h40,0,0,5,1,1,MIXED_3+,0.639
546,1,1,3,h40,0,0,5,1,1,MIXED_3+,0.639
547,1,1,3,h40,0,0,5,1,1,MIXED_3+,0.639
548,1,1,3,h40,0,0,5,1,1,MIXED_3+,0.639
549,1,1,3,h40,0,0,5,1,1,MIXED_3+,0.639
550,1,1,3,h40,0,0,5,1,1,MIXED_3+,0.639
551,1,1,3,h40,0,0,5,1,1,MIXED_3+,0.639
552,1,1,3,h40,0,0,5,1,1,MIXED_3+,0.639
553,1,1,3,h40,0,0,5,1,1,MIXED_3+,0.639
554,1,1,3,h40,0,0,5,1,1,MIXED_3+,0.639
555,1,1,3,h40,0,0,5,1,1,MIXED_3+,0.639
556,1,1,3,h40,0,0,5,1,1,MIXED_3+,0.639
557,1,1,3,h40,0,0,5,1,1,MIXED_3+,0.639
558,1,1,3,h40,0,0,5,1,1,MIXED_3+,0.639
559,1,0,4,h40,0,0,5,1,0,MIXED_3+,0.639
560,1,0,4,h40,0,0,5,1,0,MIXED_3+,0.639
561,1,0,4,h40,0,0,5,1,0,MIXED_3+,0.639
562,1,1,3,h40,0,0,5,1,1,MIXED_3+,0.639
563,1,1,3,h40,0,0,5,1,1,MIXED_3+,0.639
564,1,1,3,h40,0,0,5,1,1,MIXED_3+,0.639
565,1,1,3,h40,0,0,5,1,1,MIXED_3+,0.639
566,1,1,3,h40,0,0,5,1,1,MIXED_3+,0.639
567,1,1,3,h40,0,0,5,1,1,MIXED_3+,0.639
568,1,1,3,h40,0,0,5,1,1,MIXED_3+,0.639
569,1,1,3,h40,0,0,5,1,1,MIXED_3+,0.639
570,1,1,3,h40,0,0,5,1,1,MIXED_3+,0.639
571,1,1,3,h40,0,0,5,1,1,MIXED_3+,0.639
572,1,1,3,h40,0,0,5,1,1,MIXED_3+,0.639
573,1,1,3,h40,0,0,5,1,1,MIXED_3+,0.639
574,1,1,3,h40,0,0,5,1,1,MIXED_3+,0.639
575,1,1,3,h40,0,0,5,1,1,MIXED_3+,0.639
576,1,1,3,h40,0,0,5,1,1,MIXED_3+,0.639
577,1,1,3,h40,0,0,5,1,1,MIXED_3+,0.639
578,1,1,3,h40,0,0,5,1,1,MIXED_3+,0.671
579,1,1,3,h40,0,0,5,1,1,MIXED_3+,0.639
580,1,1,3,h40,0,0,5,1,1,MIXED_3+,0.639
581,1,1,3,h40,0,0,5,1,1,MIXED_3+,0.639
582,0,1,4,h36,0,1,4,1,1,MIXED_3+,0.639
583,0,1,4,h36,0,1,4,1,1,MIXED_3+,0.644
584,0,1,4,h36,0,1,4,1,0,MIXED_3+,0.644
585,0,1,4,h36,0,1,4,1,0,MIXED_3+,0.644
586,0,1,4,h36,0,1,4,1,0,MIXED_3+,0.644
587,0,1,4,h36,0,1,4,1,0,MIXED_3+,0.644
588,0,1,4,h36,0,1,4,1,0,MIXED_3+,0.644
589,0,1,4,h36,0,1,4,1,0,MIXED_3+,0.644
590,0,1,4,h36,0,1,4,1,0,MIXED_3+,0.644
591,1,0,4,h40,0,0,5,1,0,FOUNTAIN_3+,0.639
592,1,0,4,h40,0,0,5,1,0,FOUNTAIN_3+,0.639
593,1,0,4,h40,0,0,5,1,0,FOUNTAIN_3+,0.639
594,1,1,3,h40,0,0,5,1,1,FOUNTAIN_3+,0.639
595,1,0,4,h36,1,0,4,1,1,MIXED_3+,0.639
596,1,0,4,h36,1,0,4,1,1,MIXED_3+,0.629
597,1,0,4,h36,1,0,4,1,1,MIXED_3+,0.629
598,1,0,4,h36,1,0,4,1,1,MIXED_3+,0.629
599,1,0,4,h36,1,0,4,1,1,MIXED_3+,0.629
600,1,0,4,h36,1,0,4,1,1,MIXED_3+,0.629
601,1,0,4,h36,1,0,4,0,1,MIXED_3+,0.629
602,1,0,4,h36,1,0,4,0,1,MIXED_3+,0.629
603,1,0,4,h36,1,0,4,0,1,MIXED_3+,0.629
604,1,0,4,h36,1,0,4,0,1,MIXED_3+,0.629
605,1,0,4,h36,1,0,4,0,1,MIXED_3+,0.629
606,1,1,3,h40,0,0,5,1,1,MIXED_3+,0.639
607,1,1,3,h40,0,0,5,1,1,MIXED_3+,0.639
608,1,1,3,h40,0,0,5,1,1,MIXED_3+,0.639
609,1,1,3,h40,0,0,5,1,1,MIXED_3+,0.639
610,1,1,3,h40,0,0,5,1,1,MIXED_3+,0.639
611,1,1,3,h40,0,0,5,1,1,MIXED_3+,0.639
612,1,1,3,h40,0,0,5,1,1,MIXED_3+,0.639
613,1,1,3,h40,0,0,5,1,1,MIXED_3+,0.639
614,1,1,3,h40,0,0,5,1,1,MIXED_3+,0.639
615,1,0,4,h40,0,0,5,1,0,MIXED_3+,0.639
616,1,0,4,h40,0,0,5,1,0,MIXED_3+,0.639
617,1,0,4,h40,0,0,5,1,0,MIXED_3+,0.639
618,1,0,4,h40,0,0,5,1,0,MIXED_3+,0.639
619,1,0,4,h40,0,0,5,1,0,MIXED_3+,0.639
620,1,0,4,h40,0,0,5,1,0,MIXED_3+,0.639
621,1,1,3,h40,0,0,5,1,1,MIXED_3+,0.639
622,1,1,3,h40,0,0,5,1,1,MIXED_3+,0.639
623,1,1,3,h40,0,0,5,1,1,MIXED_3+,0.639
624,1,1,3,h40,0,0,5,1,1,MIXED_3+,0.639
625,1,1,3,h40,0,0,5,1,1,MIXED_3+,0.639
626,1,1,3,h40,0,0,5,1,1,MIXED_3+,0.639
627,1,1,3,h40,0,0,5,1,1,MIXED_3+,0.639
628,1,1,3,h40,0,0,5,1,1,MIXED_3+,0.639
629,1,1,3,h40,0,0,5,1,1,MIXED_3+,0.639
630,1,1,3,h40,0,0,5,1,1,MIXED_3+,0.639
631,0,1,4,h40,0,0,5,0,1,MIXED_3+,0.639
632,0,1,4,h40,0,0,5,0,1,MIXED_3+,0.639
633,0,1,4,h40,0,0,5,0,1,MIXED_3+,0.639
634,0,1,4,h40,0,0,5,0,1,MIXED_3+,0.639
635,0,1,4,h40,0,0,5,0,1,MIXED_3+,0.639
636,1,1,3,h40,0,0,5,1,1,MIXED_3+,0.639
637,1,1,3,h40,0,0,5,1,1,MIXED_3+,0.639
638,1,1,3,h40,0,0,5,1,1,MIXED_3+,0.639
639,1,1,3,h40,0,0,5,1,1,MIXED_3+,0.639
640,1,1,3,h40,0,0,5,1,1,MIXED_3+,0.639
641,1,1,3,h40,0,0,5,1,1,MIXED_3+,0.639
642,1,1,3,h40,0,0,5,1,1,MIXED_3+,0.639
643,1,1,3,h40,0,0,5,1,1,MIXED_3+,0.639
644,0,1,4,h36,0,1,4,1,1,CASCADE_3+,0.639
645,0,1,4,h36,0,1,4,1,1,CASCADE_3+,0.645
646,0,1,4,h36,0,1,4,1,1,CASCADE_3+,0.645
647,0,1,4,h36,0,1,4,1,1,CASCADE_3+,0.645
648,0,1,4,h36,0,1,4,1,1,CASCADE_3+,0.645
649,0,1,4,h36,0,1,4,1,1,CASCADE_3+,0.645
650,0,1,4,h36,0,1,4,1,1,CASCADE_3+,0.645
651,0,1,4,h36,0,1,4,1,1,CASCADE_3+,0.645
652,0,1,4,h36,0,1,4,1,1,CASCADE_3+,0.645
653,0,1,4,h36,0,1,4,1,1,CASCADE_3+,0.645
654,0,1,4,h36,0,1,4,1,1,CASCADE_3+,0.654
655,0,1,4,h36,0,1,4,1,1,CASCADE_3+,0.654
656,1,1,3,h40,0,0,5,1,1,MIXED_3+,0.644
657,1,1,3,h40,0,0,5,1,1,MIXED_3+,0.644
658,1,1,3,h40,0,0,5,1,1,MIXED_3+,0.644
659,1,1,3,h40,0,0,5,1,1,MIXED_3+,0.644
660,1,1,3,h40,0,0,5,1,1,MIXED_3+,0.644
661,0,1,4,h40,0,0,5,0,1,MIXED_3+,0.644
662,0,1,4,h40,0,0,5,0,1,MIXED_3+,0.644
663,0,1,4,h40,0,0,5,0,1,MIXED_3+,0.644
664,0,1,4,h40,0,0,5,0,1,MIXED_3+,0.644
665,0,1,4,h40,0,0,5,0,1,MIXED_3+,0.644
666,0,1,4,h40,0,0,5,0,1,MIXED_3+,0.644
667,1,1,3,h40,0,0,5,1,1,MIXED_3+,0.644
668,1,1,3,h40,0,0,5,1,1,MIXED_3+,0.644
669,1,1,3,h40,0,0,5,1,1,MIXED_3+,0.644
670,1,0,4,h36,1,0,4,1,1,CASCADE_3+,0.639
671,1,0,4,h36,1,0,4,1,1,CASCADE_3+,0.644
672,1,0,4,h36,1,0,4,1,1,CASCADE_3+,0.644
673,1,0,4,h36,1,0,4,1,1,CASCADE_3+,0.644
674,1,0,4,h36,1,0,4,1,1,CASCADE_3+,0.644
675,1,0,4,h36,1,0,4,1,1,CASCADE_3+,0.644
676,1,0,4,h36,1,0,4,1,1,CASCADE_3+,0.644
677,1,0,4,h36,1,0,4,1,0,CASCADE_3+,0.644
678,1,0,4,h40,0,0,5,1,0,MIXED_3+,0.639
679,1,0,4,h40,0,0,5,1,0,MIXED_3+,0.639
680,1,0,4,h40,0,0,5,1,0,MIXED_3+,0.639
681,1,0,4,h40,0,0,5,1,0,MIXED_3+,0.639
682,1,0,4,h40,0,0,5,1,0,MIXED_3+,0.639
683,1,1,3,h40,0,0,5,1,1,MIXED_3+,0.639
684,1,1,3,h40,0,0,5,1,1,MIXED_3+,0.639
685,1,1,3,h40,0,0,5,1,1,MIXED_3+,0.639
686,1,1,3,h40,0,0,5,1,1,MIXED_3+,0.639
687,1,1,3,h40,0,0,5,1,1,MIXED_3+,0.639
688,1,1,3,h40,0,0,5,1,1,MIXED_3+,0.639
689,1,1,3,h40,0,0,5,1,1,MIXED_3+,0.639
690,1,1,3,h40,0,0,5,1,1,MIXED_3+,0.639
691,1,1,3,h40,0,0,5,1,1,MIXED_3+,0.639
692,1,1,3,h40,0,0,5,1,1,MIXED_3+,0.639
693,1,0,4,h36,1,0,4,1,1,MIXED_3+,0.639
694,1,0,4,h36,1,0,4,1,1,MIXED_3+,0.647
695,1,0,4,h36,1,0,4,1,1,MIXED_3+,0.647
696,1,0,4,h36,1,0,4,1,1,MIXED_3+,0.647
697,1,0,4,h36,1,0,4,1,1,MIXED_3+,0.647
698,1,0,4,h36,1,0,4,1,1,MIXED_3+,0.647
699,1,0,4,h36,1,0,4,1,1,MIXED_3+,0.647
700,1,0,4,h36,1,0,4,1,1,MIXED_3+,0.647
701,1,1,3,h40,0,0,5,1,1,FOUNTAIN_3+,0.639
702,1,1,3,h40,0,0,5,1,1,FOUNTAIN_3+,0.639
703,1,1,3,h40,0,0,5,1,1,FOUNTAIN_3+,0.639
704,1,1,3,h40,0,0,5,1,1,FOUNTAIN_3+,0.639
705,1,1,3,h40,0,0,5,1,1,FOUNTAIN_3+,0.639
706,1,1,3,h40,0,0,5,1,1,FOUNTAIN_3+,0.639
707,1,0,4,h40,0,0,5,1,0,FOUNTAIN_3+,0.639
708,0,0,5,hold,0,0,5,0,0,FOUNTAIN_3+,0.639
709,0,1,4,h36,0,1,4,1,1,MIXED_3+,0.639
710,0,1,4,h36,0,1,4,1,1,MIXED_3+,0.629
711,0,1,4,h36,0,1,4,1,1,MIXED_3+,0.629
712,0,1,4,h36,0,1,4,1,1,MIXED_3+,0.629
713,0,1,4,h36,0,1,4,0,0,MIXED_3+,0.629
714,0,1,4,h36,0,1,4,0,0,MIXED_3+,0.629
715,0,0,5,hold,0,0,5,0,0,MIXED_3+,0.639
716,1,1,3,h40,0,0,5,1,1,MIXED_3+,0.639
717,1,0,4,h36,1,0,4,1,1,CASCADE_3+,0.639
718,1,0,4,h36,1,0,4,1,1,CASCADE_3+,0.645
719,1,0,4,h36,1,0,4,0,1,CASCADE_3+,0.645
720,1,0,4,h36,1,0,4,0,1,CASCADE_3+,0.645
721,1,0,4,h36,1,0,4,0,1,CASCADE_3+,0.645
722,1,0,4,h36,1,0,4,0,1,CASCADE_3+,0.645
723,1,0,4,h36,1,0,4,0,1,CASCADE_3+,0.645
724,1,0,4,h36,1,0,4,1,1,CASCADE_3+,0.645
725,1,0,4,h36,1,0,4,1,1,CASCADE_3+,0.645
726,1,0,4,h36,1,0,4,1,1,CASCADE_3+,0.645
727,1,0,4,h36,1,0,4,1,1,CASCADE_3+,0.645
728,1,0,4,h36,1,0,4,0,1,CASCADE_3+,0.645
729,1,0,4,h36,1,0,4,0,0,CASCADE_3+,0.645
730,1,0,4,h36,1,0,4,0,0,CASCADE_3+,0.645
731,1,1,3,h40,0,0,5,1,1,MIXED_3+,0.639
732,1,1,3,h40,0,0,5,1,1,MIXED_3+,0.639
733,1,1,3,h40,0,0,5,1,1,MIXED_3+,0.639
734,1,1,3,h40,0,0,5,1,1,MIXED_3+,0.639
735,1,0,4,h40,0,0,5,1,0,MIXED_3+,0.639
736,1,0,4,h40,0,0,5,1,0,MIXED_3+,0.639
737,1,0,4,h40,0,0,5,1,0,MIXED_3+,0.639
738,0,1,4,h36,0,1,4,1,0,CASCADE_3+,0.639
739,0,1,4,h36,0,1,4,1,0,CASCADE_3+,0.639
740,0,1,4,h36,0,1,4,1,0,CASCADE_3+,0.639
741,0,1,4,h36,0,1,4,0,0,CASCADE_3+,0.639
742,0,1,4,h36,0,1,4,1,1,CASCADE_3+,0.639
743,1,1,3,h40,0,0,5,1,1,MIXED_3+,0.639
744,1,1,3,h40,0,0,5,1,1,MIXED_3+,0.639
745,1,1,3,h40,0,0,5,1,1,MIXED_3+,0.639
746,1,1,3,h40,0,0,5,1,1,MIXED_3+,0.639
747,1,1,3,h40,0,0,5,1,1,MIXED_3+,0.639
748,0,1,4,h40,0,0,5,0,1,MIXED_3+,0.639
749,1,0,4,h36,1,0,4,0,1,CASCADE_3+,0.639
750,1,0,4,h36,1,0,4,0,1,CASCADE_3+,0.63
751,1,0,4,h36,1,0,4,0,1,CASCADE_3+,0.63
752,1,0,4,h36,1,0,4,0,1,CASCADE_3+,0.63
753,1,0,4,h36,1,0,4,0,1,CASCADE_3+,0.63
754,1,0,4,h36,1,0,4,0,1,CASCADE_3+,0.63
755,1,1,3,h40,0,0,5,1,1,MIXED_3+,0.639
756,1,1,3,h40,0,0,5,1,1,MIXED_3+,0.639
757,1,1,3,h40,0,0,5,1,1,MIXED_3+,0.639
758,1,1,3,h40,0,0,5,1,1,MIXED_3+,0.639
759,1,1,3,h40,0,0,5,1,1,MIXED_3+,0.639
760,1,1,3,h40,0,0,5,1,1,MIXED_3+,0.639
761,0,1,4,h36,0,1,4,1,1,CASCADE_3+,0.639
762,0,1,4,h36,0,1,4,1,1,CASCADE_3+,0.647
763,0,1,4,h36,0,1,4,1,0,CASCADE_3+,0.647
764,0,1,4,h36,0,1,4,1,0,CASCADE_3+,0.647
765,0,1,4,h36,0,1,4,1,0,CASCADE_3+,0.647
766,0,1,4,h36,0,1,4,1,0,CASCADE_3+,0.647
767,0,1,4,h36,0,1,4,1,0,CASCADE_3+,0.647
768,0,1,4,h36,0,1,4,1,0,CASCADE_3+,0.647
769,1,0,4,h40,0,0,5,1,0,MIXED_3+,0.639
770,1,0,4,h40,0,0,5,1,0,MIXED_3+,0.639
771,1,1,3,h40,0,0,5,1,1,MIXED_3+,0.639
772,1,1,3,h40,0,0,5,1,1,MIXED_3+,0.639
773,1,1,3,h40,0,0,5,1,1,MIXED_3+,0.639
774,1,1,3,h40,0,0,5,1,1,MIXED_3+,0.639
775,0,0,5,hold,0,0,5,0,0,MIXED_3+,0.639
776,0,1,4,h40,0,0,5,0,1,MIXED_3+,0.639
777,0,1,4,h40,0,0,5,0,1,MIXED_3+,0.639
778,0,1,4,h40,0,0,5,0,1,MIXED_3+,0.639
779,0,1,4,h40,0,0,5,0,1,MIXED_3+,0.639
780,1,1,3,h40,0,0,5,1,1,MIXED_3+,0.639
781,1,1,3,h40,0,0,5,1,1,MIXED_3+,0.639
782,1,1,3,h40,0,0,5,1,1,MIXED_3+,0.639
783,1,1,3,h40,0,0,5,1,1,MIXED_3+,0.639
784,1,1,3,h40,0,0,5,1,1,MIXED_3+,0.639
785,1,1,3,h40,0,0,5,1,1,MIXED_3+,0.639
786,1,1,3,h40,0,0,5,1,1,MIXED_3+,0.639
787,1,1,3,h40,0,0,5,1,1,MIXED_3+,0.639
788,1,1,3,h40,0,0,5,1,1,MIXED_3+,0.639
789,0,1,4,h36,0,1,4,1,1,MIXED_3+,0.639
790,0,1,4,h36,0,1,4,1,0,MIXED_3+,0.645
791,0,1,4,h36,0,1,4,1,0,MIXED_3+,0.645
792,0,1,4,h36,0,1,4,1,0,MIXED_3+,0.645
793,0,1,4,h36,0,1,4,1,0,MIXED_3+,0.645
794,0,1,4,h36,0,1,4,1,0,MIXED_3+,0.645
795,0,1,4,h36,0,1,4,1,0,MIXED_3+,0.645
796,0,1,4,h36,0,1,4,1,0,MIXED_3+,0.645
797,0,1,4,h36,0,1,4,1,0,MIXED_3+,0.645
798,0,1,4,h36,0,1,4,1,0,MIXED_3+,0.645
799,0,1,4,h36,0,1,4,1,0,MIXED_3+,0.645
800,1,1,3,h40,0,0,5,1,1,FOUNTAIN_3+,0.639
801,1,1,3,h40,0,0,5,1,1,FOUNTAIN_3+,0.639
802,1,1,3,h40,0,0,5,1,1,FOUNTAIN_3+,0.639
803,1,1,3,h40,0,0,5,1,1,FOUNTAIN_3+,0.639
804,1,1,3,h40,0,0,5,1,1,FOUNTAIN_3+,0.639
805,1,1,3,h40,0,0,5,1,1,FOUNTAIN_3+,0.639
806,1,1,3,h40,0,0,5,1,1,FOUNTAIN_3+,0.639
807,1,1,3,h40,0,0,5,1,1,FOUNTAIN_3+,0.639
808,1,1,3,h40,0,0,5,1,1,FOUNTAIN_3+,0.639
809,1,1,3,h40,0,0,5,1,1,FOUNTAIN_3+,0.639
810,1,1,3,h40,0,0,5,1,1,FOUNTAIN_3+,0.639
811,1,1,3,h40,0,0,5,1,1,FOUNTAIN_3+,0.639
812,1,1,3,h40,0,0,5,1,1,FOUNTAIN_3+,0.639
813,1,1,3,h40,0,0,5,1,1,FOUNTAIN_3+,0.639
814,1,1,3,h40,0,0,5,1,1,FOUNTAIN_3+,0.639
815,1,1,3,h40,0,0,5,1,1,FOUNTAIN_3+,0.639
816,1,1,3,h40,0,0,5,1,1,FOUNTAIN_3+,0.639
817,1,1,3,h40,0,0,5,1,1,FOUNTAIN_3+,0.639
818,0,1,4,h36,0,1,4,1,1,FOUNTAIN_3+,0.639
819,0,1,4,h36,0,1,4,1,1,FOUNTAIN_3+,0.63
820,0,1,4,h36,0,1,4,1,0,FOUNTAIN_3+,0.63
821,0,1,4,h36,0,1,4,1,0,FOUNTAIN_3+,0.63
822,0,1,4,h36,0,1,4,1,0,FOUNTAIN_3+,0.63
823,0,1,4,h36,0,1,4,1,0,FOUNTAIN_3+,0.63
824,0,1,4,h36,0,1,4,1,0,FOUNTAIN_3+,0.63
825,1,1,3,h40,0,0,5,1,1,FOUNTAIN_3+,0.639
826,1,1,3,h40,0,0,5,1,1,FOUNTAIN_3+,0.639
827,1,1,3,h40,0,0,5,1,1,FOUNTAIN_3+,0.639
828,1,1,3,h40,0,0,5,1,1,FOUNTAIN_3+,0.639
829,1,1,3,h40,0,0,5,1,1,FOUNTAIN_3+,0.639
830,1,1,3,h40,0,0,5,1,1,FOUNTAIN_3+,0.639
831,1,1,3,h40,0,0,5,1,1,FOUNTAIN_3+,0.639
832,1,1,3,h40,0,0,5,1,1,FOUNTAIN_3+,0.639
833,0,1,4,h40,0,0,5,0,1,FOUNTAIN_3+,0.639
834,1,1,3,h40,0,0,5,1,1,FOUNTAIN_3+,0.639
835,1,1,3,h40,0,0,5,1,1,FOUNTAIN_3+,0.639
836,1,1,3,h40,0,0,5,1,1,FOUNTAIN_3+,0.639
837,1,1,3,h40,0,0,5,1,1,FOUNTAIN_3+,0.639
838,0,1,4,h40,0,0,5,0,1,FOUNTAIN_3+,0.639
839,1,1,3,h40,0,0,5,1,1,FOUNTAIN_3+,0.639
840,1,1,3,h40,0,0,5,1,1,FOUNTAIN_3+,0.639
841,1,1,3,h40,0,0,5,1,1,FOUNTAIN_3+,0.639
842,1,1,3,h40,0,0,5,1,1,FOUNTAIN_3+,0.639
843,1,1,3,h40,0,0,5,1,1,FOUNTAIN_3+,0.639
844,1,1,3,h40,0,0,5,1,1,FOUNTAIN_3+,0.639
845,0,1,4,h36,0,1,4,1,0,FOUNTAIN_3+,0.639
846,0,1,4,h36,0,1,4,1,0,FOUNTAIN_3+,0.629
847,0,1,4,h36,0,1,4,1,0,FOUNTAIN_3+,0.629
848,0,1,4,h36,0,1,4,1,0,FOUNTAIN_3+,0.629
849,0,1,4,h36,0,1,4,1,0,FOUNTAIN_3+,0.629
850,0,1,4,h36,0,1,4,1,0,FOUNTAIN_3+,0.629
851,0,1,4,h36,0,1,4,1,0,FOUNTAIN_3+,0.629
852,0,1,4,h36,0,1,4,1,0,FOUNTAIN_3+,0.629
853,0,1,4,h36,0,1,4,1,1,FOUNTAIN_3+,0.629
854,1,1,3,h40,0,0,5,1,1,FOUNTAIN_3+,0.639
855,1,1,3,h40,0,0,5,1,1,FOUNTAIN_3+,0.639
856,1,1,3,h40,0,0,5,1,1,FOUNTAIN_3+,0.639
857,1,1,3,h40,0,0,5,1,1,FOUNTAIN_3+,0.639
858,1,1,3,h40,0,0,5,1,1,FOUNTAIN_3+,0.639
859,1,1,3,h40,0,0,5,1,1,FOUNTAIN_3+,0.639
860,0,1,4,h40,0,0,5,0,1,FOUNTAIN_3+,0.639
861,0,1,4,h40,0,0,5,0,1,FOUNTAIN_3+,0.639
862,1,0,4,h36,1,0,4,0,1,MIXED_3+,0.639
863,1,0,4,h36,1,0,4,0,1,MIXED_3+,0.645
864,1,0,4,h36,1,0,4,0,1,MIXED_3+,0.645
865,1,0,4,h36,1,0,4,0,1,MIXED_3+,0.645
866,1,0,4,h36,1,0,4,0,1,MIXED_3+,0.645
867,1,0,4,h36,1,0,4,0,1,MIXED_3+,0.645
868,1,0,4,h36,1,0,4,0,1,MIXED_3+,0.645
869,1,1,3,h40,0,0,5,1,1,MIXED_3+,0.639
870,1,1,0,h40,0,0,0,1,1,MIXED_3+,0.639
871,1,1,0,h40,0,0,0,1,1,MIXED_3+,0.639
872,1,1,0,h40,0,0,0,1,1,MIXED_3+,0.639
873,1,1,0,h40,0,0,0,1,1,MIXED_3+,0.639
874,1,1,0,h40,0,0,0,1,1,MIXED_3+,0.639
875,1,1,0,h40,0,0,0,1,1,MIXED_3+,0.639
876,1,1,0,h40,0,0,0,1,1,MIXED_3+,0.639
877,1,1,0,h40,0,0,0,1,1,MIXED_3+,0.639
878,1,0,0,h40,0,0,0,1,0,MIXED_3+,0.655
879,1,0,0,h40,0,0,0,1,0,MIXED_3+,0.662
880,1,0,0,h40,0,0,0,1,0,MIXED_3+,0.662
881,1,0,0,h40,0,0,0,1,0,MIXED_3+,0.662
882,1,0,0,h40,0,0,0,1,0,MIXED_3+,0.662
883,1,1,0,h40,0,0,0,1,1,MIXED_3+,0.682
884,1,1,0,h40,0,0,0,1,1,MIXED_3+,0.682
885,1,1,0,h40,0,0,0,1,1,MIXED_3+,0.682
886,1,1,0,h40,0,0,0,1,1,MIXED_3+,0.682
887,1,1,0,h40,0,0,0,1,1,MIXED_3+,0.682
888,1,1,0,h40,0,0,0,1,1,MIXED_3+,0.682
889,1,1,0,h40,0,0,0,1,1,MIXED_3+,0.682
890,1,1,0,h40,0,0,0,1,1,MIXED_3+,0.682
891,0,1,0,h40,0,0,0,0,1,MIXED_3+,0.682
892,0,1,0,h40,0,0,0,0,1,MIXED_3+,0.682
893,1,1,0,h40,0,0,0,1,1,MIXED_3+,0.682
894,1,1,0,h40,0,0,0,1,1,MIXED_3+,0.682
895,1,1,0,h40,0,0,0,1,1,MIXED_3+,0.682
896,1,1,0,h40,0,0,0,1,1,MIXED_3+,0.682
897,1,1,0,h40,0,0,0,1,1,MIXED_3+,0.682
898,1,1,0,h40,0,0,0,1,1,MIXED_3+,0.682
899,1,1,0,h40,0,0,0,1,1,MIXED_3+,0.682
