frame,n_in_air,n_in_hand_left,n_in_hand_right,n_total,avg_quality,pattern,confidence,h43_pattern
2,2,0,0,2,0.962,TWO_BALL,0.962,TWO_BALL
3,3,0,0,3,0.841,MIXED_3+_UNCONFIRMED,0.42,MIXED_3+_UNCONFIRMED
4,3,0,0,3,0.841,MIXED_3+_UNCONFIRMED,0.42,MIXED_3+_UNCONFIRMED
5,3,0,0,3,0.841,MIXED_3+_UNCONFIRMED,0.42,MIXED_3+_UNCONFIRMED
6,3,0,0,3,0.841,MIXED_3+_UNCONFIRMED,0.42,MIXED_3+_UNCONFIRMED
7,3,0,0,3,0.841,MIXED_3+_UNCONFIRMED,0.42,MIXED_3+_UNCONFIRMED
8,3,0,0,3,0.841,MIXED_3+_UNCONFIRMED,0.42,MIXED_3+_UNCONFIRMED
9,3,0,0,3,0.841,MIXED_3+_UNCONFIRMED,0.42,MIXED_3+_UNCONFIRMED
10,3,0,0,3,0.841,MIXED_3+_UNCONFIRMED,0.42,MIXED_3+_UNCONFIRMED
11,3,0,0,3,0.841,MIXED_3+_UNCONFIRMED,0.42,MIXED_3+_UNCONFIRMED
12,3,0,0,3,0.841,MIXED_3+_UNCONFIRMED,0.42,MIXED_3+_UNCONFIRMED
13,3,0,0,3,0.841,MIXED_3+_UNCONFIRMED,0.42,MIXED_3+_UNCONFIRMED
14,3,0,0,3,0.841,MIXED_3+_UNCONFIRMED,0.42,MIXED_3+_UNCONFIRMED
15,3,0,0,3,0.841,MIXED_3+_UNCONFIRMED,0.42,MIXED_3+_UNCONFIRMED
16,3,0,0,3,0.841,MIXED_3+_UNCONFIRMED,0.42,MIXED_3+_UNCONFIRMED
17,3,0,0,3,0.841,MIXED_3+_UNCONFIRMED,0.42,MIXED_3+_UNCONFIRMED
18,1,0,0,1,0.598,SINGLE_BALL,0.598,SINGLE_BALL
19,1,0,0,1,0.598,SINGLE_BALL,0.598,SINGLE_BALL
20,1,0,0,1,0.598,SINGLE_BALL,0.598,SINGLE_BALL
21,3,0,0,3,0.755,MIXED_3+_UNCONFIRMED,0.378,MIXED_3+_UNCONFIRMED
22,3,0,1,3,0.755,MIXED_3+_UNCONFIRMED,0.453,MIXED_3+_UNCONFIRMED
23,2,0,1,3,0.755,MIXED_3+_UNCONFIRMED,0.453,MIXED_3+_UNCONFIRMED
24,2,0,1,3,0.755,MIXED_3+_UNCONFIRMED,0.453,MIXED_3+_UNCONFIRMED
25,2,0,1,3,0.755,MIXED_3+_UNCONFIRMED,0.453,MIXED_3+_UNCONFIRMED
26,2,0,1,3,0.755,MIXED_3+_UNCONFIRMED,0.453,MIXED_3+_UNCONFIRMED
27,3,0,1,3,0.755,MIXED_3+_UNCONFIRMED,0.453,MIXED_3+_UNCONFIRMED
28,3,0,0,3,0.755,MIXED_3+_UNCONFIRMED,0.378,MIXED_3+_UNCONFIRMED
29,3,0,0,3,0.755,MIXED_3+_UNCONFIRMED,0.378,MIXED_3+_UNCONFIRMED
30,3,0,0,3,0.755,MIXED_3+_UNCONFIRMED,0.378,MIXED_3+_UNCONFIRMED
31,3,1,0,3,0.755,CASCADE_3+,0.755,CASCADE_3+
32,2,0,0,2,0.834,TWO_BALL,0.834,TWO_BALL
33,2,0,0,2,0.834,TWO_BALL,0.834,TWO_BALL
34,1,0,0,1,0.668,SINGLE_BALL,0.668,SINGLE_BALL
35,1,0,0,1,0.668,SINGLE_BALL,0.668,SINGLE_BALL
36,1,0,0,1,0.668,SINGLE_BALL,0.668,SINGLE_BALL
37,1,0,0,1,0.668,SINGLE_BALL,0.668,SINGLE_BALL
38,1,0,0,1,0.668,SINGLE_BALL,0.668,SINGLE_BALL
39,2,0,0,2,0.654,TWO_BALL,0.654,TWO_BALL
40,2,0,0,2,0.654,TWO_BALL,0.654,TWO_BALL
41,2,0,0,2,0.654,TWO_BALL,0.654,TWO_BALL
42,2,0,0,2,0.654,TWO_BALL,0.654,TWO_BALL
43,3,1,0,3,0.635,MIXED_3+,0.635,MIXED_3+
44,3,0,0,3,0.635,MIXED_3+,0.635,MIXED_3+
45,3,0,0,3,0.635,MIXED_3+,0.635,MIXED_3+
46,3,0,0,3,0.635,MIXED_3+,0.635,MIXED_3+
47,2,0,0,2,0.654,TWO_BALL,0.654,TWO_BALL
48,2,0,0,2,0.654,TWO_BALL,0.654,TWO_BALL
49,2,0,0,2,0.654,TWO_BALL,0.654,TWO_BALL
50,2,0,0,2,0.654,TWO_BALL,0.654,TWO_BALL
51,3,0,0,3,0.757,MIXED_3+,0.757,MIXED_3+
52,3,0,0,3,0.757,MIXED_3+,0.757,MIXED_3+
53,3,0,0,3,0.757,MIXED_3+,0.757,MIXED_3+
54,3,0,0,3,0.757,MIXED_3+,0.757,MIXED_3+
55,3,0,0,3,0.757,MIXED_3+,0.757,MIXED_3+
56,3,0,0,3,0.757,CASCADE_3+,0.757,CASCADE_3+
57,2,0,0,2,0.816,TWO_BALL,0.816,TWO_BALL
58,2,0,0,2,0.816,TWO_BALL,0.816,TWO_BALL
59,2,0,0,2,0.816,TWO_BALL,0.816,TWO_BALL
60,2,0,0,2,0.816,TWO_BALL,0.816,TWO_BALL
61,2,0,0,2,0.816,TWO_BALL,0.816,TWO_BALL
62,2,0,0,2,0.816,TWO_BALL,0.816,TWO_BALL
63,2,0,0,2,0.816,TWO_BALL,0.816,TWO_BALL
64,3,0,0,3,0.757,MIXED_3+,0.757,MIXED_3+
65,3,0,0,3,0.757,MIXED_3+,0.757,MIXED_3+
66,3,0,0,3,0.757,MIXED_3+,0.757,MIXED_3+
67,3,0,0,3,0.757,MIXED_3+,0.757,MIXED_3+
68,3,0,0,3,0.757,MIXED_3+,0.757,MIXED_3+
69,3,0,0,3,0.757,MIXED_3+,0.757,MIXED_3+
70,3,0,0,3,0.757,MIXED_3+,0.757,MIXED_3+
71,3,0,0,3,0.757,MIXED_3+,0.757,MIXED_3+
72,3,0,0,3,0.757,MIXED_3+,0.757,MIXED_3+
73,3,0,0,3,0.757,MIXED_3+,0.757,MIXED_3+
74,3,0,0,3,0.757,MIXED_3+,0.757,MIXED_3+
75,3,0,0,3,0.757,MIXED_3+,0.757,MIXED_3+
76,3,0,0,3,0.757,MIXED_3+,0.757,MIXED_3+
77,3,0,0,3,0.757,MIXED_3+,0.757,MIXED_3+
78,3,0,0,3,0.757,MIXED_3+,0.757,MIXED_3+
79,3,0,0,3,0.757,MIXED_3+,0.757,MIXED_3+
80,2,0,0,2,0.816,TWO_BALL,0.816,TWO_BALL
81,2,0,0,2,0.816,TWO_BALL,0.816,TWO_BALL
82,2,0,0,2,0.816,TWO_BALL,0.816,TWO_BALL
83,2,0,0,2,0.816,TWO_BALL,0.816,TWO_BALL
84,2,0,0,2,0.816,TWO_BALL,0.816,TWO_BALL
85,2,0,0,2,0.816,TWO_BALL,0.816,TWO_BALL
86,2,0,0,2,0.816,TWO_BALL,0.816,TWO_BALL
87,3,0,0,3,0.822,MIXED_3+,0.822,MIXED_3+
88,3,0,0,3,0.822,MIXED_3+,0.822,MIXED_3+
89,3,0,0,3,0.822,MIXED_3+,0.822,MIXED_3+
90,3,0,0,3,0.822,MIXED_3+,0.822,MIXED_3+
91,3,0,0,3,0.822,MIXED_3+,0.822,MIXED_3+
92,3,0,0,3,0.822,MIXED_3+,0.822,MIXED_3+
93,3,0,0,3,0.822,MIXED_3+,0.822,MIXED_3+
94,3,0,0,3,0.822,MIXED_3+,0.822,MIXED_3+
95,3,0,0,3,0.822,MIXED_3+,0.822,MIXED_3+
96,3,0,0,3,0.822,MIXED_3+,0.822,MIXED_3+
97,3,0,1,3,0.822,CASCADE_3+,0.822,CASCADE_3+
98,2,0,0,2,0.816,TWO_BALL,0.816,TWO_BALL
99,1,0,0,1,0.668,SINGLE_BALL,0.668,SINGLE_BALL
100,1,0,0,1,0.668,SINGLE_BALL,0.668,SINGLE_BALL
101,1,0,0,1,0.668,SINGLE_BALL,0.668,SINGLE_BALL
102,1,0,0,1,0.668,SINGLE_BALL,0.668,SINGLE_BALL
103,1,0,0,1,0.668,SINGLE_BALL,0.668,SINGLE_BALL
104,3,0,0,3,0.844,CASCADE_3+,0.844,CASCADE_3+
105,3,0,0,3,0.844,CASCADE_3+,0.844,CASCADE_3+
106,3,0,0,3,0.844,CASCADE_3+,0.844,CASCADE_3+
107,3,0,0,3,0.844,CASCADE_3+,0.844,CASCADE_3+
108,3,0,0,3,0.844,CASCADE_3+,0.844,CASCADE_3+
109,3,0,0,3,0.844,CASCADE_3+,0.844,CASCADE_3+
110,3,0,0,3,0.844,CASCADE_3+,0.844,CASCADE_3+
111,3,0,0,3,0.844,CASCADE_3+,0.844,CASCADE_3+
112,3,0,0,3,0.844,CASCADE_3+,0.844,CASCADE_3+
113,3,0,0,3,0.844,CASCADE_3+,0.844,CASCADE_3+
114,3,0,0,3,0.844,CASCADE_3+,0.844,CASCADE_3+
115,3,0,0,3,0.844,CASCADE_3+,0.844,CASCADE_3+
116,3,0,0,3,0.844,CASCADE_3+,0.844,CASCADE_3+
117,3,0,0,3,0.844,CASCADE_3+,0.844,CASCADE_3+
118,3,0,0,3,0.844,CASCADE_3+,0.844,CASCADE_3+
119,3,0,0,3,0.844,CASCADE_3+,0.844,CASCADE_3+
120,3,0,0,3,0.844,CASCADE_3+,0.844,CASCADE_3+
121,3,0,0,3,0.844,CASCADE_3+,0.844,CASCADE_3+
122,3,0,0,3,0.844,CASCADE_3+,0.844,CASCADE_3+
123,2,0,0,2,0.932,TWO_BALL,0.932,TWO_BALL
124,2,0,0,2,0.932,TWO_BALL,0.932,TWO_BALL
125,2,0,0,2,0.932,TWO_BALL,0.932,TWO_BALL
126,3,0,1,3,0.9,MIXED_3+,0.9,MIXED_3+
127,3,0,0,3,0.9,MIXED_3+,0.9,MIXED_3+
128,3,0,0,3,0.9,MIXED_3+,0.9,MIXED_3+
129,3,0,0,3,0.9,MIXED_3+,0.9,MIXED_3+
130,3,0,0,3,0.9,MIXED_3+,0.9,MIXED_3+
131,3,0,0,3,0.9,MIXED_3+,0.9,MIXED_3+
132,3,0,0,3,0.9,MIXED_3+,0.9,MIXED_3+
133,3,0,0,3,0.9,MIXED_3+,0.9,MIXED_3+
134,2,0,0,2,0.899,TWO_BALL,0.899,TWO_BALL
135,2,0,0,2,0.899,TWO_BALL,0.899,TWO_BALL
136,2,0,0,2,0.899,TWO_BALL,0.899,TWO_BALL
137,2,0,0,2,0.899,TWO_BALL,0.899,TWO_BALL
138,3,0,0,3,0.932,MIXED_3+,0.932,MIXED_3+
139,3,0,0,3,0.932,MIXED_3+,0.932,MIXED_3+
140,3,0,0,3,0.932,MIXED_3+,0.932,MIXED_3+
141,3,0,0,3,0.932,MIXED_3+,0.932,MIXED_3+
142,3,0,0,3,0.932,MIXED_3+,0.932,MIXED_3+
143,3,0,0,3,0.932,MIXED_3+,0.932,MIXED_3+
144,3,0,0,3,0.932,MIXED_3+,0.932,MIXED_3+
145,3,0,0,3,0.932,MIXED_3+,0.932,MIXED_3+
146,3,0,0,3,0.932,MIXED_3+,0.932,MIXED_3+
147,3,0,0,3,0.932,MIXED_3+,0.932,MIXED_3+
148,3,0,0,3,0.932,MIXED_3+,0.932,MIXED_3+
149,3,0,0,3,0.932,MIXED_3+,0.932,MIXED_3+
150,1,0,0,1,0.836,SINGLE_BALL,0.836,SINGLE_BALL
151,1,0,0,1,0.836,SINGLE_BALL,0.836,SINGLE_BALL
152,1,0,0,1,0.836,SINGLE_BALL,0.836,SINGLE_BALL
153,1,0,0,1,0.836,SINGLE_BALL,0.836,SINGLE_BALL
154,1,0,0,1,0.836,SINGLE_BALL,0.836,SINGLE_BALL
155,1,0,0,1,0.836,SINGLE_BALL,0.836,SINGLE_BALL
156,1,0,0,1,0.836,SINGLE_BALL,0.836,SINGLE_BALL
157,2,0,0,2,0.886,TWO_BALL,0.886,TWO_BALL
158,2,0,0,2,0.886,TWO_BALL,0.886,TWO_BALL
159,2,0,0,2,0.886,TWO_BALL,0.886,TWO_BALL
160,2,0,0,2,0.886,TWO_BALL,0.886,TWO_BALL
161,1,0,0,1,0.936,SINGLE_BALL,0.936,SINGLE_BALL
162,1,0,0,1,0.936,SINGLE_BALL,0.936,SINGLE_BALL
163,1,0,0,1,0.936,SINGLE_BALL,0.936,SINGLE_BALL
164,1,0,0,1,0.936,SINGLE_BALL,0.936,SINGLE_BALL
165,2,0,0,2,0.72,TWO_BALL,0.72,TWO_BALL
166,3,0,0,3,0.804,MIXED_3+,0.804,MIXED_3+
167,2,0,0,2,0.738,TWO_BALL,0.738,TWO_BALL
168,2,0,0,2,0.738,TWO_BALL,0.738,TWO_BALL
169,2,0,0,2,0.738,TWO_BALL,0.738,TWO_BALL
170,2,0,0,2,0.738,TWO_BALL,0.738,TWO_BALL
171,2,0,0,2,0.738,TWO_BALL,0.738,TWO_BALL
172,2,0,0,2,0.738,TWO_BALL,0.738,TWO_BALL
173,2,0,0,2,0.738,TWO_BALL,0.738,TWO_BALL
174,3,0,0,3,0.643,MIXED_3+,0.643,MIXED_3+
175,3,0,0,3,0.643,MIXED_3+,0.643,MIXED_3+
176,3,0,0,3,0.643,MIXED_3+,0.643,MIXED_3+
177,3,0,0,3,0.643,MIXED_3+,0.643,MIXED_3+
178,3,0,0,3,0.643,MIXED_3+,0.643,MIXED_3+
179,3,0,0,3,0.643,MIXED_3+,0.643,MIXED_3+
180,3,0,0,3,0.643,MIXED_3+,0.643,MIXED_3+
181,3,0,0,3,0.643,MIXED_3+,0.643,MIXED_3+
182,3,0,0,3,0.643,MIXED_3+,0.643,MIXED_3+
183,3,0,0,3,0.643,MIXED_3+,0.643,MIXED_3+
184,3,0,0,3,0.643,MIXED_3+,0.643,MIXED_3+
185,3,0,0,3,0.643,MIXED_3+,0.643,MIXED_3+
186,3,0,0,3,0.643,MIXED_3+,0.643,MIXED_3+
187,3,0,0,3,0.643,MIXED_3+,0.643,MIXED_3+
188,3,0,0,3,0.643,MIXED_3+,0.643,MIXED_3+
189,3,0,0,3,0.643,MIXED_3+,0.643,MIXED_3+
190,3,0,0,3,0.643,MIXED_3+,0.643,MIXED_3+
191,3,0,0,3,0.643,MIXED_3+,0.643,MIXED_3+
192,3,0,0,3,0.643,MIXED_3+,0.643,MIXED_3+
193,3,0,0,3,0.643,MIXED_3+,0.643,MIXED_3+
194,3,0,0,3,0.643,MIXED_3+,0.643,MIXED_3+
195,3,0,0,3,0.643,MIXED_3+,0.643,MIXED_3+
196,2,0,0,2,0.738,TWO_BALL,0.738,TWO_BALL
197,2,0,0,2,0.738,TWO_BALL,0.738,TWO_BALL
198,2,0,0,2,0.738,TWO_BALL,0.738,TWO_BALL
199,2,0,0,2,0.738,TWO_BALL,0.738,TWO_BALL
200,2,0,0,2,0.738,TWO_BALL,0.738,TWO_BALL
201,2,0,0,2,0.738,TWO_BALL,0.738,TWO_BALL
202,3,0,0,3,0.643,MIXED_3+,0.643,MIXED_3+
203,3,0,0,3,0.643,MIXED_3+,0.643,MIXED_3+
204,3,0,0,3,0.643,MIXED_3+,0.643,MIXED_3+
205,3,0,0,3,0.643,MIXED_3+,0.643,MIXED_3+
206,3,0,0,3,0.643,MIXED_3+,0.643,MIXED_3+
207,2,0,1,2,0.479,TWO_BALL_ONE_HAND,0.479,TWO_BALL_ONE_HAND
208,1,0,0,1,0.454,SINGLE_BALL,0.454,SINGLE_BALL
212,1,0,0,1,0.316,SINGLE_BALL,0.316,SINGLE_BALL
213,1,0,0,1,0.316,SINGLE_BALL,0.316,SINGLE_BALL
220,1,0,0,1,0.316,SINGLE_BALL,0.316,SINGLE_BALL
221,1,0,0,1,0.316,SINGLE_BALL,0.316,SINGLE_BALL
222,1,0,0,1,0.316,SINGLE_BALL,0.316,SINGLE_BALL
223,1,0,0,1,0.316,SINGLE_BALL,0.316,SINGLE_BALL
224,1,0,0,1,0.316,SINGLE_BALL,0.316,SINGLE_BALL
225,1,0,0,1,0.316,SINGLE_BALL,0.316,SINGLE_BALL
226,1,0,0,1,0.316,SINGLE_BALL,0.316,SINGLE_BALL
227,1,0,0,1,0.316,SINGLE_BALL,0.316,SINGLE_BALL
228,1,0,0,1,0.316,SINGLE_BALL,0.316,SINGLE_BALL
229,1,0,0,1,0.316,SINGLE_BALL,0.316,SINGLE_BALL
230,1,0,0,1,0.316,SINGLE_BALL,0.316,SINGLE_BALL
231,1,0,0,1,0.316,SINGLE_BALL,0.316,SINGLE_BALL
232,3,0,1,3,0.593,FOUNTAIN_3+,0.593,FOUNTAIN_3+
233,3,0,0,3,0.593,FOUNTAIN_3+,0.593,FOUNTAIN_3+
234,3,0,0,3,0.593,FOUNTAIN_3+,0.593,FOUNTAIN_3+
235,3,0,1,3,0.593,FOUNTAIN_3+,0.593,FOUNTAIN_3+
236,2,0,0,2,0.637,TWO_BALL,0.637,TWO_BALL
237,2,0,0,2,0.637,TWO_BALL,0.637,TWO_BALL
238,2,0,0,2,0.637,TWO_BALL,0.637,TWO_BALL
239,2,0,0,2,0.637,TWO_BALL,0.637,TWO_BALL
240,2,0,0,2,0.637,TWO_BALL,0.637,TWO_BALL
241,2,0,0,2,0.637,TWO_BALL,0.637,TWO_BALL
242,2,0,0,2,0.637,TWO_BALL,0.637,TWO_BALL
243,3,0,1,3,0.593,FOUNTAIN_3+,0.593,FOUNTAIN_3+
244,3,0,0,3,0.593,FOUNTAIN_3+,0.593,FOUNTAIN_3+
245,3,0,0,3,0.593,FOUNTAIN_3+,0.593,FOUNTAIN_3+
246,3,0,0,3,0.593,FOUNTAIN_3+,0.593,FOUNTAIN_3+
247,3,0,0,3,0.593,FOUNTAIN_3+,0.593,FOUNTAIN_3+
248,3,0,0,3,0.593,FOUNTAIN_3+,0.593,FOUNTAIN_3+
249,3,0,0,3,0.593,FOUNTAIN_3+,0.593,FOUNTAIN_3+
250,3,0,0,3,0.593,FOUNTAIN_3+,0.593,FOUNTAIN_3+
251,3,0,0,3,0.593,FOUNTAIN_3+,0.593,FOUNTAIN_3+
252,3,1,0,3,0.593,FOUNTAIN_3+,0.593,FOUNTAIN_3+
253,2,0,0,2,0.731,TWO_BALL,0.731,TWO_BALL
254,2,0,0,2,0.731,TWO_BALL,0.731,TWO_BALL
255,2,0,0,2,0.731,TWO_BALL,0.731,TWO_BALL
256,1,0,0,1,0.958,SINGLE_BALL,0.958,SINGLE_BALL
257,2,0,0,2,0.935,TWO_BALL,0.935,TWO_BALL
258,2,0,0,2,0.935,TWO_BALL,0.935,TWO_BALL
259,2,0,0,2,0.935,TWO_BALL,0.935,TWO_BALL
260,2,0,0,2,0.935,TWO_BALL,0.935,TWO_BALL
261,2,0,0,2,0.935,TWO_BALL,0.935,TWO_BALL
262,2,0,0,2,0.935,TWO_BALL,0.935,TWO_BALL
263,3,1,0,3,0.728,FOUNTAIN_3+,0.728,FOUNTAIN_3+
264,3,0,0,3,0.728,FOUNTAIN_3+,0.728,FOUNTAIN_3+
265,3,0,0,3,0.728,FOUNTAIN_3+,0.728,FOUNTAIN_3+
266,3,0,0,3,0.728,FOUNTAIN_3+,0.728,FOUNTAIN_3+
267,3,0,0,3,0.728,FOUNTAIN_3+,0.728,FOUNTAIN_3+
268,3,0,0,3,0.728,FOUNTAIN_3+,0.728,FOUNTAIN_3+
269,3,0,0,3,0.728,FOUNTAIN_3+,0.728,FOUNTAIN_3+
270,3,0,0,3,0.728,FOUNTAIN_3+,0.728,FOUNTAIN_3+
271,3,0,0,3,0.728,FOUNTAIN_3+,0.728,FOUNTAIN_3+
272,3,0,0,3,0.728,FOUNTAIN_3+,0.728,FOUNTAIN_3+
273,3,0,0,3,0.728,FOUNTAIN_3+,0.728,FOUNTAIN_3+
274,3,0,0,3,0.728,FOUNTAIN_3+,0.728,FOUNTAIN_3+
275,3,0,0,3,0.728,FOUNTAIN_3+,0.728,FOUNTAIN_3+
276,3,0,0,3,0.728,FOUNTAIN_3+,0.728,FOUNTAIN_3+
277,3,0,0,3,0.728,FOUNTAIN_3+,0.728,FOUNTAIN_3+
278,3,0,0,3,0.728,FOUNTAIN_3+,0.728,FOUNTAIN_3+
279,3,0,0,3,0.728,FOUNTAIN_3+,0.728,FOUNTAIN_3+
280,3,0,0,3,0.728,FOUNTAIN_3+,0.728,FOUNTAIN_3+
281,3,0,0,3,0.728,FOUNTAIN_3+,0.728,FOUNTAIN_3+
282,3,0,0,3,0.728,FOUNTAIN_3+,0.728,FOUNTAIN_3+
283,3,0,0,3,0.728,FOUNTAIN_3+,0.728,FOUNTAIN_3+
284,3,0,0,3,0.728,FOUNTAIN_3+,0.728,FOUNTAIN_3+
285,3,0,0,3,0.728,FOUNTAIN_3+,0.728,FOUNTAIN_3+
286,3,0,0,3,0.728,FOUNTAIN_3+,0.728,FOUNTAIN_3+
287,3,0,0,3,0.728,FOUNTAIN_3+,0.728,FOUNTAIN_3+
288,3,0,0,3,0.728,FOUNTAIN_3+,0.728,FOUNTAIN_3+
289,3,0,0,3,0.728,FOUNTAIN_3+,0.728,FOUNTAIN_3+
290,3,0,0,3,0.728,FOUNTAIN_3+,0.728,FOUNTAIN_3+
291,3,0,0,3,0.728,FOUNTAIN_3+,0.728,FOUNTAIN_3+
292,3,0,0,3,0.728,FOUNTAIN_3+,0.728,FOUNTAIN_3+
293,3,0,0,3,0.728,FOUNTAIN_3+,0.728,FOUNTAIN_3+
294,3,0,0,3,0.728,FOUNTAIN_3+,0.728,FOUNTAIN_3+
295,3,0,0,3,0.728,FOUNTAIN_3+,0.728,FOUNTAIN_3+
296,3,0,0,3,0.728,FOUNTAIN_3+,0.728,FOUNTAIN_3+
297,3,0,0,3,0.728,FOUNTAIN_3+,0.728,FOUNTAIN_3+
298,3,0,0,3,0.728,FOUNTAIN_3+,0.728,FOUNTAIN_3+
299,3,0,0,3,0.728,FOUNTAIN_3+,0.728,FOUNTAIN_3+
300,3,0,0,3,0.728,FOUNTAIN_3+,0.728,FOUNTAIN_3+
301,3,0,0,3,0.728,FOUNTAIN_3+,0.728,FOUNTAIN_3+
302,3,0,0,3,0.728,FOUNTAIN_3+,0.728,FOUNTAIN_3+
303,3,0,0,3,0.728,FOUNTAIN_3+,0.728,FOUNTAIN_3+
304,3,0,0,3,0.728,FOUNTAIN_3+,0.728,FOUNTAIN_3+
305,3,0,0,3,0.728,FOUNTAIN_3+,0.728,FOUNTAIN_3+
306,3,0,0,3,0.728,FOUNTAIN_3+,0.728,FOUNTAIN_3+
307,3,0,0,3,0.728,FOUNTAIN_3+,0.728,FOUNTAIN_3+
308,3,0,0,3,0.728,FOUNTAIN_3+,0.728,FOUNTAIN_3+
309,3,0,0,3,0.728,FOUNTAIN_3+,0.728,FOUNTAIN_3+
310,3,0,0,3,0.728,FOUNTAIN_3+,0.728,FOUNTAIN_3+
311,3,0,0,3,0.728,FOUNTAIN_3+,0.728,FOUNTAIN_3+
312,3,0,0,3,0.728,FOUNTAIN_3+,0.728,FOUNTAIN_3+
313,2,0,0,2,0.935,TWO_BALL,0.935,TWO_BALL
314,2,0,0,2,0.935,TWO_BALL,0.935,TWO_BALL
315,2,0,0,2,0.935,TWO_BALL,0.935,TWO_BALL
316,2,0,0,2,0.935,TWO_BALL,0.935,TWO_BALL
317,2,0,0,2,0.935,TWO_BALL,0.935,TWO_BALL
318,2,0,0,2,0.935,TWO_BALL,0.935,TWO_BALL
319,2,0,0,2,0.935,TWO_BALL,0.935,TWO_BALL
320,2,0,0,2,0.935,TWO_BALL,0.935,TWO_BALL
321,2,0,0,2,0.935,TWO_BALL,0.935,TWO_BALL
322,2,0,0,2,0.935,TWO_BALL,0.935,TWO_BALL
323,2,0,0,2,0.935,TWO_BALL,0.935,TWO_BALL
324,2,0,0,2,0.935,TWO_BALL,0.935,TWO_BALL
325,2,0,0,2,0.935,TWO_BALL,0.935,TWO_BALL
326,2,0,0,2,0.935,TWO_BALL,0.935,TWO_BALL
327,2,0,0,2,0.935,TWO_BALL,0.935,TWO_BALL
328,2,0,0,2,0.935,TWO_BALL,0.935,TWO_BALL
329,1,0,0,1,0.911,SINGLE_BALL,0.911,SINGLE_BALL
330,1,0,0,1,0.911,SINGLE_BALL,0.911,SINGLE_BALL
331,1,0,0,1,0.911,SINGLE_BALL,0.911,SINGLE_BALL
332,1,0,0,1,0.911,SINGLE_BALL,0.911,SINGLE_BALL
333,2,0,0,2,0.757,TWO_BALL,0.757,TWO_BALL
334,2,0,0,2,0.757,TWO_BALL,0.757,TWO_BALL
335,1,0,0,1,0.602,SINGLE_BALL,0.602,SINGLE_BALL
336,1,0,0,1,0.602,SINGLE_BALL,0.602,SINGLE_BALL
337,1,0,0,1,0.602,SINGLE_BALL,0.602,SINGLE_BALL
338,1,0,0,1,0.602,SINGLE_BALL,0.602,SINGLE_BALL
339,1,0,0,1,0.602,SINGLE_BALL,0.602,SINGLE_BALL
340,1,0,0,1,0.602,SINGLE_BALL,0.602,SINGLE_BALL
341,1,0,0,1,0.602,SINGLE_BALL,0.602,SINGLE_BALL
342,1,0,0,1,0.602,SINGLE_BALL,0.602,SINGLE_BALL
343,1,0,0,1,0.602,SINGLE_BALL,0.602,SINGLE_BALL
344,1,0,0,1,0.602,SINGLE_BALL,0.602,SINGLE_BALL
345,1,0,0,1,0.602,SINGLE_BALL,0.602,SINGLE_BALL
346,1,0,0,1,0.602,SINGLE_BALL,0.602,SINGLE_BALL
347,1,0,0,1,0.602,SINGLE_BALL,0.602,SINGLE_BALL
348,1,0,0,1,0.602,SINGLE_BALL,0.602,SINGLE_BALL
349,1,0,0,1,0.602,SINGLE_BALL,0.602,SINGLE_BALL
350,1,0,0,1,0.602,SINGLE_BALL,0.602,SINGLE_BALL
351,1,0,0,1,0.602,SINGLE_BALL,0.602,SINGLE_BALL
352,1,0,0,1,0.602,SINGLE_BALL,0.602,SINGLE_BALL
353,1,0,0,1,0.602,SINGLE_BALL,0.602,SINGLE_BALL
354,1,0,0,1,0.602,SINGLE_BALL,0.602,SINGLE_BALL
355,1,0,0,1,0.602,SINGLE_BALL,0.602,SINGLE_BALL
356,1,0,0,1,0.602,SINGLE_BALL,0.602,SINGLE_BALL
357,1,0,0,1,0.602,SINGLE_BALL,0.602,SINGLE_BALL
358,1,0,0,1,0.602,SINGLE_BALL,0.602,SINGLE_BALL
359,1,0,0,1,0.602,SINGLE_BALL,0.602,SINGLE_BALL
360,1,0,0,1,0.602,SINGLE_BALL,0.602,SINGLE_BALL
361,1,0,0,1,0.602,SINGLE_BALL,0.602,SINGLE_BALL
362,1,0,0,1,0.602,SINGLE_BALL,0.602,SINGLE_BALL
363,1,0,0,1,0.602,SINGLE_BALL,0.602,SINGLE_BALL
364,1,0,0,1,0.602,SINGLE_BALL,0.602,SINGLE_BALL
365,1,0,0,1,0.602,SINGLE_BALL,0.602,SINGLE_BALL
366,1,0,0,1,0.602,SINGLE_BALL,0.602,SINGLE_BALL
367,1,0,0,1,0.602,SINGLE_BALL,0.602,SINGLE_BALL
368,1,0,0,1,0.602,SINGLE_BALL,0.602,SINGLE_BALL
369,1,0,0,1,0.602,SINGLE_BALL,0.602,SINGLE_BALL
370,1,0,0,1,0.602,SINGLE_BALL,0.602,SINGLE_BALL
371,1,0,0,1,0.602,SINGLE_BALL,0.602,SINGLE_BALL
372,1,0,0,1,0.602,SINGLE_BALL,0.602,SINGLE_BALL
373,1,0,0,1,0.602,SINGLE_BALL,0.602,SINGLE_BALL
374,1,0,0,1,0.602,SINGLE_BALL,0.602,SINGLE_BALL
375,1,0,0,1,0.602,SINGLE_BALL,0.602,SINGLE_BALL
376,1,0,0,1,0.602,SINGLE_BALL,0.602,SINGLE_BALL
377,1,0,0,1,0.602,SINGLE_BALL,0.602,SINGLE_BALL
378,1,0,0,1,0.602,SINGLE_BALL,0.602,SINGLE_BALL
379,1,0,0,1,0.602,SINGLE_BALL,0.602,SINGLE_BALL
380,1,0,0,1,0.602,SINGLE_BALL,0.602,SINGLE_BALL
381,1,0,0,1,0.602,SINGLE_BALL,0.602,SINGLE_BALL
382,1,0,0,1,0.602,SINGLE_BALL,0.602,SINGLE_BALL
391,1,0,0,1,0.602,SINGLE_BALL,0.602,SINGLE_BALL
392,1,0,0,1,0.602,SINGLE_BALL,0.602,SINGLE_BALL
393,1,0,0,1,0.602,SINGLE_BALL,0.602,SINGLE_BALL
394,1,0,0,1,0.602,SINGLE_BALL,0.602,SINGLE_BALL
395,1,0,0,1,0.602,SINGLE_BALL,0.602,SINGLE_BALL
396,1,0,0,1,0.602,SINGLE_BALL,0.602,SINGLE_BALL
397,1,0,0,1,0.602,SINGLE_BALL,0.602,SINGLE_BALL
398,1,0,0,1,0.602,SINGLE_BALL,0.602,SINGLE_BALL
399,2,0,0,2,0.735,TWO_BALL,0.735,TWO_BALL
400,2,0,0,2,0.735,TWO_BALL,0.735,TWO_BALL
401,2,0,0,2,0.735,TWO_BALL,0.735,TWO_BALL
402,2,0,0,2,0.735,TWO_BALL,0.735,TWO_BALL
403,2,0,0,2,0.735,TWO_BALL,0.735,TWO_BALL
404,2,0,0,2,0.735,TWO_BALL,0.735,TWO_BALL
405,2,0,0,2,0.735,TWO_BALL,0.735,TWO_BALL
406,2,0,0,2,0.735,TWO_BALL,0.735,TWO_BALL
407,2,0,0,2,0.735,TWO_BALL,0.735,TWO_BALL
408,2,0,0,2,0.735,TWO_BALL,0.735,TWO_BALL
409,2,0,0,2,0.735,TWO_BALL,0.735,TWO_BALL
410,2,0,0,2,0.735,TWO_BALL,0.735,TWO_BALL
411,3,0,0,3,0.792,FOUNTAIN_3+,0.792,FOUNTAIN_3+
412,3,0,0,3,0.792,FOUNTAIN_3+,0.792,FOUNTAIN_3+
413,3,0,0,3,0.792,FOUNTAIN_3+,0.792,FOUNTAIN_3+
414,3,0,0,3,0.792,FOUNTAIN_3+,0.792,FOUNTAIN_3+
415,3,0,0,3,0.792,FOUNTAIN_3+,0.792,FOUNTAIN_3+
416,3,0,0,3,0.792,FOUNTAIN_3+,0.792,FOUNTAIN_3+
417,3,0,0,3,0.792,FOUNTAIN_3+,0.792,FOUNTAIN_3+
418,3,0,0,3,0.792,FOUNTAIN_3+,0.792,FOUNTAIN_3+
419,3,0,0,3,0.792,FOUNTAIN_3+,0.792,FOUNTAIN_3+
420,3,0,0,3,0.792,FOUNTAIN_3+,0.792,FOUNTAIN_3+
421,3,0,0,3,0.792,FOUNTAIN_3+,0.792,FOUNTAIN_3+
422,3,0,0,3,0.792,FOUNTAIN_3+,0.792,FOUNTAIN_3+
423,3,0,0,3,0.792,FOUNTAIN_3+,0.792,FOUNTAIN_3+
424,3,0,0,3,0.792,FOUNTAIN_3+,0.792,FOUNTAIN_3+
425,4,0,0,4,0.844,FOUNTAIN_3+,0.844,FOUNTAIN_3+
426,4,0,0,4,0.844,FOUNTAIN_3+,0.844,FOUNTAIN_3+
427,4,0,0,4,0.844,FOUNTAIN_3+,0.844,FOUNTAIN_3+
428,4,0,0,4,0.844,FOUNTAIN_3+,0.844,FOUNTAIN_3+
429,3,0,0,3,0.792,FOUNTAIN_3+,0.792,FOUNTAIN_3+
430,3,0,0,3,0.792,FOUNTAIN_3+,0.792,FOUNTAIN_3+
431,3,0,0,3,0.792,FOUNTAIN_3+,0.792,FOUNTAIN_3+
432,3,0,0,3,0.792,FOUNTAIN_3+,0.792,FOUNTAIN_3+
433,3,0,0,3,0.792,FOUNTAIN_3+,0.792,FOUNTAIN_3+
434,3,0,0,3,0.792,FOUNTAIN_3+,0.792,FOUNTAIN_3+
435,3,0,0,3,0.792,FOUNTAIN_3+,0.792,FOUNTAIN_3+
436,3,0,0,3,0.792,FOUNTAIN_3+,0.792,FOUNTAIN_3+
437,3,0,0,3,0.792,FOUNTAIN_3+,0.792,FOUNTAIN_3+
438,3,0,0,3,0.792,FOUNTAIN_3+,0.792,FOUNTAIN_3+
439,3,0,0,3,0.792,FOUNTAIN_3+,0.792,FOUNTAIN_3+
440,3,0,0,3,0.792,FOUNTAIN_3+,0.792,FOUNTAIN_3+
441,3,0,0,3,0.792,FOUNTAIN_3+,0.792,FOUNTAIN_3+
442,3,0,0,3,0.792,FOUNTAIN_3+,0.792,FOUNTAIN_3+
443,3,0,0,3,0.792,FOUNTAIN_3+,0.792,FOUNTAIN_3+
444,3,0,0,3,0.792,FOUNTAIN_3+,0.792,FOUNTAIN_3+
445,3,0,0,3,0.792,FOUNTAIN_3+,0.792,FOUNTAIN_3+
446,3,0,0,3,0.792,FOUNTAIN_3+,0.792,FOUNTAIN_3+
447,3,0,0,3,0.792,FOUNTAIN_3+,0.792,FOUNTAIN_3+
448,3,0,0,3,0.792,FOUNTAIN_3+,0.792,FOUNTAIN_3+
449,3,0,0,3,0.792,FOUNTAIN_3+,0.792,FOUNTAIN_3+
450,3,1,0,3,0.792,MIXED_3+,0.792,MIXED_3+
451,2,0,0,2,0.755,TWO_BALL,0.755,TWO_BALL
452,2,0,0,2,0.755,TWO_BALL,0.755,TWO_BALL
453,2,0,0,2,0.755,TWO_BALL,0.755,TWO_BALL
454,2,0,0,2,0.755,TWO_BALL,0.755,TWO_BALL
455,2,0,0,2,0.755,TWO_BALL,0.755,TWO_BALL
456,2,0,0,2,0.755,TWO_BALL,0.755,TWO_BALL
457,2,0,0,2,0.755,TWO_BALL,0.755,TWO_BALL
458,2,0,0,2,0.755,TWO_BALL,0.755,TWO_BALL
459,2,0,0,2,0.755,TWO_BALL,0.755,TWO_BALL
460,2,1,0,2,0.755,TWO_BALL_ONE_HAND,0.755,TWO_BALL_ONE_HAND
461,2,1,0,2,0.887,TWO_BALL_ONE_HAND,0.887,TWO_BALL_ONE_HAND
462,2,0,0,2,0.887,TWO_BALL,0.887,TWO_BALL
463,2,0,0,2,0.887,TWO_BALL,0.887,TWO_BALL
464,2,0,0,2,0.887,TWO_BALL,0.887,TWO_BALL
465,2,0,0,2,0.887,TWO_BALL,0.887,TWO_BALL
466,2,0,0,2,0.887,TWO_BALL,0.887,TWO_BALL
467,2,0,0,2,0.887,TWO_BALL,0.887,TWO_BALL
468,2,0,0,2,0.887,TWO_BALL,0.887,TWO_BALL
469,2,0,0,2,0.887,TWO_BALL,0.887,TWO_BALL
470,2,0,0,2,0.887,TWO_BALL,0.887,TWO_BALL
471,3,1,0,3,0.792,FOUNTAIN_3+,0.792,FOUNTAIN_3+
472,3,0,0,3,0.792,FOUNTAIN_3+,0.792,FOUNTAIN_3+
473,1,0,0,1,0.908,SINGLE_BALL,0.908,SINGLE_BALL
474,1,0,0,1,0.908,SINGLE_BALL,0.908,SINGLE_BALL
475,1,0,0,1,0.908,SINGLE_BALL,0.908,SINGLE_BALL
476,1,0,0,1,0.908,SINGLE_BALL,0.908,SINGLE_BALL
477,1,0,0,1,0.908,SINGLE_BALL,0.908,SINGLE_BALL
478,1,0,0,1,0.908,SINGLE_BALL,0.908,SINGLE_BALL
479,1,0,0,1,0.908,SINGLE_BALL,0.908,SINGLE_BALL
480,1,0,0,1,0.908,SINGLE_BALL,0.908,SINGLE_BALL
481,1,0,0,1,0.908,SINGLE_BALL,0.908,SINGLE_BALL
482,1,0,0,1,0.908,SINGLE_BALL,0.908,SINGLE_BALL
483,1,0,0,1,0.908,SINGLE_BALL,0.908,SINGLE_BALL
484,1,0,0,1,0.908,SINGLE_BALL,0.908,SINGLE_BALL
485,1,0,0,1,0.908,SINGLE_BALL,0.908,SINGLE_BALL
486,1,0,0,1,0.908,SINGLE_BALL,0.908,SINGLE_BALL
487,1,0,0,1,0.908,SINGLE_BALL,0.908,SINGLE_BALL
488,1,0,0,1,0.908,SINGLE_BALL,0.908,SINGLE_BALL
489,1,0,0,1,0.908,SINGLE_BALL,0.908,SINGLE_BALL
490,1,0,0,1,0.908,SINGLE_BALL,0.908,SINGLE_BALL
491,1,0,0,1,0.908,SINGLE_BALL,0.908,SINGLE_BALL
492,1,0,0,1,0.908,SINGLE_BALL,0.908,SINGLE_BALL
493,1,0,0,1,0.908,SINGLE_BALL,0.908,SINGLE_BALL
494,1,0,0,1,0.908,SINGLE_BALL,0.908,SINGLE_BALL
495,1,0,0,1,0.908,SINGLE_BALL,0.908,SINGLE_BALL
496,1,0,0,1,0.908,SINGLE_BALL,0.908,SINGLE_BALL
497,1,0,0,1,0.908,SINGLE_BALL,0.908,SINGLE_BALL
498,1,0,0,1,0.908,SINGLE_BALL,0.908,SINGLE_BALL
499,1,0,0,1,0.908,SINGLE_BALL,0.908,SINGLE_BALL
500,1,0,0,1,0.908,SINGLE_BALL,0.908,SINGLE_BALL
501,1,0,0,1,0.908,SINGLE_BALL,0.908,SINGLE_BALL
502,1,0,0,1,0.908,SINGLE_BALL,0.908,SINGLE_BALL
503,1,0,0,1,0.908,SINGLE_BALL,0.908,SINGLE_BALL
504,1,0,0,1,0.908,SINGLE_BALL,0.908,SINGLE_BALL
505,1,0,0,1,0.908,SINGLE_BALL,0.908,SINGLE_BALL
506,1,0,0,1,0.908,SINGLE_BALL,0.908,SINGLE_BALL
507,2,0,0,2,0.733,TWO_BALL,0.733,TWO_BALL
508,2,0,0,2,0.733,TWO_BALL,0.733,TWO_BALL
509,2,0,0,2,0.733,TWO_BALL,0.733,TWO_BALL
510,2,0,0,2,0.733,TWO_BALL,0.733,TWO_BALL
511,2,0,0,2,0.733,TWO_BALL,0.733,TWO_BALL
512,2,0,0,2,0.733,TWO_BALL,0.733,TWO_BALL
513,2,0,0,2,0.733,TWO_BALL,0.733,TWO_BALL
514,2,0,0,2,0.733,TWO_BALL,0.733,TWO_BALL
515,2,0,0,2,0.733,TWO_BALL,0.733,TWO_BALL
516,2,0,0,2,0.733,TWO_BALL,0.733,TWO_BALL
517,2,0,0,2,0.733,TWO_BALL,0.733,TWO_BALL
518,2,0,0,2,0.733,TWO_BALL,0.733,TWO_BALL
519,2,0,0,2,0.733,TWO_BALL,0.733,TWO_BALL
520,2,0,0,2,0.733,TWO_BALL,0.733,TWO_BALL
521,2,0,0,2,0.733,TWO_BALL,0.733,TWO_BALL
522,2,1,0,2,0.733,TWO_BALL_ONE_HAND,0.733,TWO_BALL_ONE_HAND
533,3,1,0,3,0.704,FOUNTAIN_3+,0.704,FOUNTAIN_3+
534,3,1,1,3,0.704,MIXED_3+,0.704,MIXED_3+
535,1,0,0,1,0.908,SINGLE_BALL,0.908,SINGLE_BALL
536,1,0,0,1,0.908,SINGLE_BALL,0.908,SINGLE_BALL
537,1,0,0,1,0.908,SINGLE_BALL,0.908,SINGLE_BALL
538,1,0,0,1,0.908,SINGLE_BALL,0.908,SINGLE_BALL
539,1,0,0,1,0.908,SINGLE_BALL,0.908,SINGLE_BALL
540,1,0,0,1,0.908,SINGLE_BALL,0.908,SINGLE_BALL
541,1,0,0,1,0.908,SINGLE_BALL,0.908,SINGLE_BALL
542,1,0,0,1,0.908,SINGLE_BALL,0.908,SINGLE_BALL
543,1,0,0,1,0.908,SINGLE_BALL,0.908,SINGLE_BALL
544,1,0,0,1,0.908,SINGLE_BALL,0.908,SINGLE_BALL
545,2,0,1,2,0.776,TWO_BALL_ONE_HAND,0.776,TWO_BALL_ONE_HAND
546,2,0,0,2,0.776,TWO_BALL,0.776,TWO_BALL
547,2,0,0,2,0.776,TWO_BALL,0.776,TWO_BALL
548,2,0,0,2,0.776,TWO_BALL,0.776,TWO_BALL
549,3,1,0,3,0.704,MIXED_3+,0.704,MIXED_3+
550,3,0,0,3,0.704,MIXED_3+,0.704,MIXED_3+
551,3,0,0,3,0.704,MIXED_3+,0.704,MIXED_3+
552,3,0,0,3,0.704,MIXED_3+,0.704,MIXED_3+
553,3,0,0,3,0.704,MIXED_3+,0.704,MIXED_3+
554,3,0,0,3,0.704,MIXED_3+,0.704,MIXED_3+
555,3,0,0,3,0.704,MIXED_3+,0.704,MIXED_3+
556,3,0,0,3,0.704,MIXED_3+,0.704,MIXED_3+
557,3,0,0,3,0.704,MIXED_3+,0.704,MIXED_3+
558,3,0,0,3,0.704,MIXED_3+,0.704,MIXED_3+
559,3,0,0,3,0.704,MIXED_3+,0.704,MIXED_3+
560,3,0,0,3,0.704,MIXED_3+,0.704,MIXED_3+
561,3,0,0,3,0.704,MIXED_3+,0.704,MIXED_3+
562,3,0,0,3,0.704,MIXED_3+,0.704,MIXED_3+
563,3,0,0,3,0.704,MIXED_3+,0.704,MIXED_3+
564,3,0,0,3,0.704,MIXED_3+,0.704,MIXED_3+
565,3,0,0,3,0.704,MIXED_3+,0.704,MIXED_3+
566,3,0,0,3,0.704,MIXED_3+,0.704,MIXED_3+
567,3,0,0,3,0.704,MIXED_3+,0.704,MIXED_3+
568,3,0,0,3,0.704,MIXED_3+,0.704,MIXED_3+
569,3,0,0,3,0.704,MIXED_3+,0.704,MIXED_3+
570,3,0,0,3,0.704,MIXED_3+,0.704,MIXED_3+
571,3,0,0,3,0.704,MIXED_3+,0.704,MIXED_3+
572,3,0,0,3,0.704,MIXED_3+,0.704,MIXED_3+
573,3,0,0,3,0.704,MIXED_3+,0.704,MIXED_3+
574,3,0,0,3,0.704,MIXED_3+,0.704,MIXED_3+
575,3,0,0,3,0.704,MIXED_3+,0.704,MIXED_3+
576,3,0,0,3,0.704,MIXED_3+,0.704,MIXED_3+
577,3,0,0,3,0.704,MIXED_3+,0.704,MIXED_3+
578,3,0,0,3,0.704,MIXED_3+,0.704,MIXED_3+
579,2,0,0,2,0.602,TWO_BALL,0.602,TWO_BALL
580,2,0,0,2,0.602,TWO_BALL,0.602,TWO_BALL
581,2,0,0,2,0.602,TWO_BALL,0.602,TWO_BALL
582,2,0,1,2,0.602,TWO_BALL_ONE_HAND,0.602,TWO_BALL_ONE_HAND
583,1,0,0,1,0.645,SINGLE_BALL,0.645,SINGLE_BALL
584,1,0,0,1,0.645,SINGLE_BALL,0.645,SINGLE_BALL
585,1,0,0,1,0.645,SINGLE_BALL,0.645,SINGLE_BALL
586,1,0,0,1,0.645,SINGLE_BALL,0.645,SINGLE_BALL
587,1,0,0,1,0.645,SINGLE_BALL,0.645,SINGLE_BALL
588,1,0,0,1,0.645,SINGLE_BALL,0.645,SINGLE_BALL
589,1,0,0,1,0.645,SINGLE_BALL,0.645,SINGLE_BALL
590,1,0,0,1,0.645,SINGLE_BALL,0.645,SINGLE_BALL
591,2,0,1,2,0.602,TWO_BALL_ONE_HAND,0.602,TWO_BALL_ONE_HAND
592,2,0,0,2,0.602,TWO_BALL,0.602,TWO_BALL
593,3,0,0,3,0.696,MIXED_3+,0.696,MIXED_3+
594,3,0,0,3,0.696,MIXED_3+,0.696,MIXED_3+
595,3,0,0,3,0.696,MIXED_3+,0.696,MIXED_3+
596,3,0,0,3,0.696,MIXED_3+,0.696,MIXED_3+
597,3,0,0,3,0.696,MIXED_3+,0.696,MIXED_3+
598,3,0,0,3,0.696,MIXED_3+,0.696,MIXED_3+
599,2,0,0,2,0.602,TWO_BALL,0.602,TWO_BALL
600,2,0,0,2,0.602,TWO_BALL,0.602,TWO_BALL
601,2,0,0,2,0.602,TWO_BALL,0.602,TWO_BALL
602,2,0,0,2,0.602,TWO_BALL,0.602,TWO_BALL
603,2,0,0,2,0.602,TWO_BALL,0.602,TWO_BALL
604,2,0,0,2,0.602,TWO_BALL,0.602,TWO_BALL
605,2,0,0,2,0.602,TWO_BALL,0.602,TWO_BALL
606,2,0,0,2,0.602,TWO_BALL,0.602,TWO_BALL
607,2,0,0,2,0.602,TWO_BALL,0.602,TWO_BALL
608,2,0,0,2,0.602,TWO_BALL,0.602,TWO_BALL
609,1,0,0,1,0.645,SINGLE_BALL,0.645,SINGLE_BALL
610,1,0,0,1,0.645,SINGLE_BALL,0.645,SINGLE_BALL
611,1,0,0,1,0.645,SINGLE_BALL,0.645,SINGLE_BALL
612,1,0,0,1,0.645,SINGLE_BALL,0.645,SINGLE_BALL
613,1,0,0,1,0.645,SINGLE_BALL,0.645,SINGLE_BALL
614,1,0,0,1,0.645,SINGLE_BALL,0.645,SINGLE_BALL
615,1,0,0,1,0.645,SINGLE_BALL,0.645,SINGLE_BALL
616,1,0,0,1,0.645,SINGLE_BALL,0.645,SINGLE_BALL
617,1,0,0,1,0.645,SINGLE_BALL,0.645,SINGLE_BALL
618,1,0,0,1,0.645,SINGLE_BALL,0.645,SINGLE_BALL
619,1,0,0,1,0.645,SINGLE_BALL,0.645,SINGLE_BALL
620,1,0,0,1,0.645,SINGLE_BALL,0.645,SINGLE_BALL
621,2,0,0,2,0.602,TWO_BALL,0.602,TWO_BALL
622,2,0,1,2,0.602,TWO_BALL_ONE_HAND,0.602,TWO_BALL_ONE_HAND
623,2,0,0,2,0.792,TWO_BALL,0.792,TWO_BALL
624,2,0,0,2,0.792,TWO_BALL,0.792,TWO_BALL
625,2,0,0,2,0.792,TWO_BALL,0.792,TWO_BALL
626,2,0,0,2,0.792,TWO_BALL,0.792,TWO_BALL
627,2,0,0,2,0.792,TWO_BALL,0.792,TWO_BALL
628,2,0,0,2,0.792,TWO_BALL,0.792,TWO_BALL
629,2,0,0,2,0.792,TWO_BALL,0.792,TWO_BALL
630,2,0,0,2,0.792,TWO_BALL,0.792,TWO_BALL
631,3,0,1,3,0.714,FOUNTAIN_3+,0.714,FOUNTAIN_3+
632,3,0,0,3,0.714,FOUNTAIN_3+,0.714,FOUNTAIN_3+
633,3,0,0,3,0.714,FOUNTAIN_3+,0.714,FOUNTAIN_3+
634,3,0,0,3,0.714,FOUNTAIN_3+,0.714,FOUNTAIN_3+
635,3,0,0,3,0.714,FOUNTAIN_3+,0.714,FOUNTAIN_3+
636,3,0,0,3,0.714,FOUNTAIN_3+,0.714,FOUNTAIN_3+
637,3,0,0,3,0.714,FOUNTAIN_3+,0.714,FOUNTAIN_3+
638,3,0,0,3,0.714,FOUNTAIN_3+,0.714,FOUNTAIN_3+
639,3,0,0,3,0.714,FOUNTAIN_3+,0.714,FOUNTAIN_3+
640,3,0,0,3,0.714,FOUNTAIN_3+,0.714,FOUNTAIN_3+
641,3,0,0,3,0.714,FOUNTAIN_3+,0.714,FOUNTAIN_3+
642,3,0,0,3,0.714,FOUNTAIN_3+,0.714,FOUNTAIN_3+
643,3,0,0,3,0.714,FOUNTAIN_3+,0.714,FOUNTAIN_3+
644,3,0,0,3,0.714,FOUNTAIN_3+,0.714,FOUNTAIN_3+
645,3,0,0,3,0.714,FOUNTAIN_3+,0.714,FOUNTAIN_3+
646,3,0,0,3,0.714,FOUNTAIN_3+,0.714,FOUNTAIN_3+
647,3,0,0,3,0.714,FOUNTAIN_3+,0.714,FOUNTAIN_3+
648,3,0,0,3,0.714,FOUNTAIN_3+,0.714,FOUNTAIN_3+
649,3,0,0,3,0.714,FOUNTAIN_3+,0.714,FOUNTAIN_3+
650,3,0,0,3,0.714,FOUNTAIN_3+,0.714,FOUNTAIN_3+
651,3,0,0,3,0.714,FOUNTAIN_3+,0.714,FOUNTAIN_3+
652,3,0,0,3,0.714,FOUNTAIN_3+,0.714,FOUNTAIN_3+
653,3,0,0,3,0.714,FOUNTAIN_3+,0.714,FOUNTAIN_3+
654,3,0,0,3,0.714,FOUNTAIN_3+,0.714,FOUNTAIN_3+
655,3,0,0,3,0.714,FOUNTAIN_3+,0.714,FOUNTAIN_3+
656,3,0,0,3,0.714,FOUNTAIN_3+,0.714,FOUNTAIN_3+
657,3,0,0,3,0.714,FOUNTAIN_3+,0.714,FOUNTAIN_3+
658,3,0,0,3,0.714,FOUNTAIN_3+,0.714,FOUNTAIN_3+
659,3,0,0,3,0.714,FOUNTAIN_3+,0.714,FOUNTAIN_3+
660,3,0,0,3,0.714,FOUNTAIN_3+,0.714,FOUNTAIN_3+
661,3,0,0,3,0.714,FOUNTAIN_3+,0.714,FOUNTAIN_3+
662,3,0,0,3,0.714,FOUNTAIN_3+,0.714,FOUNTAIN_3+
663,3,0,0,3,0.714,FOUNTAIN_3+,0.714,FOUNTAIN_3+
664,3,0,0,3,0.714,FOUNTAIN_3+,0.714,FOUNTAIN_3+
665,3,0,0,3,0.714,FOUNTAIN_3+,0.714,FOUNTAIN_3+
666,3,0,0,3,0.714,FOUNTAIN_3+,0.714,FOUNTAIN_3+
667,3,0,0,3,0.714,FOUNTAIN_3+,0.714,FOUNTAIN_3+
668,3,0,0,3,0.714,FOUNTAIN_3+,0.714,FOUNTAIN_3+
669,3,0,0,3,0.714,FOUNTAIN_3+,0.714,FOUNTAIN_3+
670,3,1,0,3,0.714,MIXED_3+,0.714,MIXED_3+
671,2,0,0,2,0.792,TWO_BALL,0.792,TWO_BALL
672,2,0,0,2,0.792,TWO_BALL,0.792,TWO_BALL
673,2,0,0,2,0.792,TWO_BALL,0.792,TWO_BALL
674,2,0,0,2,0.792,TWO_BALL,0.792,TWO_BALL
675,2,0,0,2,0.792,TWO_BALL,0.792,TWO_BALL
676,2,1,0,2,0.792,TWO_BALL_ONE_HAND,0.792,TWO_BALL_ONE_HAND
677,1,0,0,1,0.938,SINGLE_BALL,0.938,SINGLE_BALL
678,1,0,0,1,0.938,SINGLE_BALL,0.938,SINGLE_BALL
679,2,1,0,2,0.748,TWO_BALL_ONE_HAND,0.748,TWO_BALL_ONE_HAND
680,2,0,0,2,0.748,TWO_BALL,0.748,TWO_BALL
681,2,0,0,2,0.748,TWO_BALL,0.748,TWO_BALL
682,2,0,0,2,0.748,TWO_BALL,0.748,TWO_BALL
683,2,0,0,2,0.748,TWO_BALL,0.748,TWO_BALL
684,2,0,0,2,0.748,TWO_BALL,0.748,TWO_BALL
685,3,1,0,3,0.714,FOUNTAIN_3+,0.714,FOUNTAIN_3+
686,3,0,0,3,0.714,FOUNTAIN_3+,0.714,FOUNTAIN_3+
687,3,0,0,3,0.714,FOUNTAIN_3+,0.714,FOUNTAIN_3+
688,3,0,0,3,0.714,FOUNTAIN_3+,0.714,FOUNTAIN_3+
689,3,0,0,3,0.714,FOUNTAIN_3+,0.714,FOUNTAIN_3+
690,3,0,0,3,0.714,FOUNTAIN_3+,0.714,FOUNTAIN_3+
691,4,0,0,4,0.785,FOUNTAIN_3+,0.785,FOUNTAIN_3+
692,4,0,0,4,0.785,FOUNTAIN_3+,0.785,FOUNTAIN_3+
693,4,0,0,4,0.785,FOUNTAIN_3+,0.785,FOUNTAIN_3+
694,4,0,0,4,0.785,FOUNTAIN_3+,0.785,FOUNTAIN_3+
695,4,0,0,4,0.785,FOUNTAIN_3+,0.785,FOUNTAIN_3+
696,4,0,0,4,0.785,FOUNTAIN_3+,0.785,FOUNTAIN_3+
697,5,0,0,5,0.828,FOUNTAIN_3+,0.828,FOUNTAIN_3+
698,4,0,0,4,0.785,FOUNTAIN_3+,0.785,FOUNTAIN_3+
699,4,0,0,4,0.785,FOUNTAIN_3+,0.785,FOUNTAIN_3+
700,4,0,0,4,0.785,FOUNTAIN_3+,0.785,FOUNTAIN_3+
701,3,0,0,3,0.714,FOUNTAIN_3+,0.714,FOUNTAIN_3+
702,3,0,0,3,0.714,FOUNTAIN_3+,0.714,FOUNTAIN_3+
703,3,0,0,3,0.714,FOUNTAIN_3+,0.714,FOUNTAIN_3+
704,3,0,0,3,0.714,FOUNTAIN_3+,0.714,FOUNTAIN_3+
705,3,0,0,3,0.714,FOUNTAIN_3+,0.714,FOUNTAIN_3+
706,3,0,0,3,0.714,FOUNTAIN_3+,0.714,FOUNTAIN_3+
707,3,0,0,3,0.714,FOUNTAIN_3+,0.714,FOUNTAIN_3+
708,3,0,0,3,0.714,FOUNTAIN_3+,0.714,FOUNTAIN_3+
709,3,0,0,3,0.714,FOUNTAIN_3+,0.714,FOUNTAIN_3+
710,3,0,0,3,0.714,FOUNTAIN_3+,0.714,FOUNTAIN_3+
711,3,0,0,3,0.714,FOUNTAIN_3+,0.714,FOUNTAIN_3+
712,3,0,0,3,0.714,FOUNTAIN_3+,0.714,FOUNTAIN_3+
713,3,0,0,3,0.714,FOUNTAIN_3+,0.714,FOUNTAIN_3+
714,3,0,0,3,0.714,FOUNTAIN_3+,0.714,FOUNTAIN_3+
715,3,0,0,3,0.714,FOUNTAIN_3+,0.714,FOUNTAIN_3+
716,3,0,0,3,0.714,FOUNTAIN_3+,0.714,FOUNTAIN_3+
717,2,0,0,2,0.792,TWO_BALL,0.792,TWO_BALL
718,2,0,0,2,0.792,TWO_BALL,0.792,TWO_BALL
719,2,0,0,2,0.792,TWO_BALL,0.792,TWO_BALL
720,2,0,0,2,0.792,TWO_BALL,0.792,TWO_BALL
721,2,0,0,2,0.792,TWO_BALL,0.792,TWO_BALL
722,2,0,0,2,0.792,TWO_BALL,0.792,TWO_BALL
723,2,0,0,2,0.792,TWO_BALL,0.792,TWO_BALL
724,2,0,0,2,0.792,TWO_BALL,0.792,TWO_BALL
725,2,0,0,2,0.792,TWO_BALL,0.792,TWO_BALL
726,2,0,0,2,0.792,TWO_BALL,0.792,TWO_BALL
727,2,0,0,2,0.792,TWO_BALL,0.792,TWO_BALL
728,2,0,0,2,0.792,TWO_BALL,0.792,TWO_BALL
729,2,0,0,2,0.792,TWO_BALL,0.792,TWO_BALL
730,2,0,0,2,0.792,TWO_BALL,0.792,TWO_BALL
731,2,0,0,2,0.792,TWO_BALL,0.792,TWO_BALL
732,2,0,0,2,0.792,TWO_BALL,0.792,TWO_BALL
733,3,0,0,3,0.751,FOUNTAIN_3+,0.751,FOUNTAIN_3+
734,3,0,0,3,0.751,FOUNTAIN_3+,0.751,FOUNTAIN_3+
735,3,0,0,3,0.751,FOUNTAIN_3+,0.751,FOUNTAIN_3+
736,3,0,0,3,0.751,FOUNTAIN_3+,0.751,FOUNTAIN_3+
737,3,0,0,3,0.751,FOUNTAIN_3+,0.751,FOUNTAIN_3+
738,3,0,0,3,0.751,FOUNTAIN_3+,0.751,FOUNTAIN_3+
739,3,0,0,3,0.751,FOUNTAIN_3+,0.751,FOUNTAIN_3+
740,3,0,0,3,0.751,FOUNTAIN_3+,0.751,FOUNTAIN_3+
741,3,0,0,3,0.751,FOUNTAIN_3+,0.751,FOUNTAIN_3+
742,3,0,0,3,0.751,FOUNTAIN_3+,0.751,FOUNTAIN_3+
743,3,0,0,3,0.751,FOUNTAIN_3+,0.751,FOUNTAIN_3+
744,3,0,0,3,0.751,FOUNTAIN_3+,0.751,FOUNTAIN_3+
745,3,0,0,3,0.751,FOUNTAIN_3+,0.751,FOUNTAIN_3+
746,3,0,0,3,0.751,FOUNTAIN_3+,0.751,FOUNTAIN_3+
747,3,0,0,3,0.751,FOUNTAIN_3+,0.751,FOUNTAIN_3+
748,3,0,0,3,0.751,FOUNTAIN_3+,0.751,FOUNTAIN_3+
749,3,0,0,3,0.751,FOUNTAIN_3+,0.751,FOUNTAIN_3+
750,3,0,0,3,0.751,FOUNTAIN_3+,0.751,FOUNTAIN_3+
751,3,0,0,3,0.751,FOUNTAIN_3+,0.751,FOUNTAIN_3+
752,3,0,0,3,0.751,FOUNTAIN_3+,0.751,FOUNTAIN_3+
753,3,0,0,3,0.751,FOUNTAIN_3+,0.751,FOUNTAIN_3+
754,3,0,0,3,0.751,FOUNTAIN_3+,0.751,FOUNTAIN_3+
755,3,0,0,3,0.751,FOUNTAIN_3+,0.751,FOUNTAIN_3+
756,3,0,0,3,0.751,FOUNTAIN_3+,0.751,FOUNTAIN_3+
757,3,0,0,3,0.751,FOUNTAIN_3+,0.751,FOUNTAIN_3+
758,3,0,0,3,0.751,FOUNTAIN_3+,0.751,FOUNTAIN_3+
759,3,0,0,3,0.751,FOUNTAIN_3+,0.751,FOUNTAIN_3+
760,3,0,0,3,0.751,FOUNTAIN_3+,0.751,FOUNTAIN_3+
761,3,0,0,3,0.751,FOUNTAIN_3+,0.751,FOUNTAIN_3+
762,3,0,0,3,0.751,FOUNTAIN_3+,0.751,FOUNTAIN_3+
763,3,0,0,3,0.751,FOUNTAIN_3+,0.751,FOUNTAIN_3+
764,3,0,0,3,0.751,FOUNTAIN_3+,0.751,FOUNTAIN_3+
765,4,0,0,4,0.707,FOUNTAIN_3+,0.707,FOUNTAIN_3+
766,4,1,0,4,0.707,FOUNTAIN_3+,0.707,FOUNTAIN_3+
767,2,0,0,2,0.803,TWO_BALL,0.803,TWO_BALL
768,2,0,0,2,0.803,TWO_BALL,0.803,TWO_BALL
769,2,0,0,2,0.803,TWO_BALL,0.803,TWO_BALL
770,2,0,0,2,0.803,TWO_BALL,0.803,TWO_BALL
771,2,0,0,2,0.803,TWO_BALL,0.803,TWO_BALL
772,2,0,0,2,0.803,TWO_BALL,0.803,TWO_BALL
773,2,0,0,2,0.803,TWO_BALL,0.803,TWO_BALL
774,2,0,0,2,0.803,TWO_BALL,0.803,TWO_BALL
775,3,1,0,3,0.728,FOUNTAIN_3+,0.728,FOUNTAIN_3+
776,3,0,0,3,0.728,FOUNTAIN_3+,0.728,FOUNTAIN_3+
777,3,0,0,3,0.728,FOUNTAIN_3+,0.728,FOUNTAIN_3+
778,3,0,0,3,0.728,FOUNTAIN_3+,0.728,FOUNTAIN_3+
779,3,0,0,3,0.728,FOUNTAIN_3+,0.728,FOUNTAIN_3+
780,3,0,1,3,0.728,MIXED_3+,0.728,MIXED_3+
781,1,0,0,1,0.668,SINGLE_BALL,0.668,SINGLE_BALL
782,1,0,0,1,0.668,SINGLE_BALL,0.668,SINGLE_BALL
783,1,0,0,1,0.668,SINGLE_BALL,0.668,SINGLE_BALL
784,1,0,0,1,0.668,SINGLE_BALL,0.668,SINGLE_BALL
785,1,0,0,1,0.668,SINGLE_BALL,0.668,SINGLE_BALL
786,1,0,0,1,0.668,SINGLE_BALL,0.668,SINGLE_BALL
787,1,0,0,1,0.668,SINGLE_BALL,0.668,SINGLE_BALL
788,1,0,0,1,0.668,SINGLE_BALL,0.668,SINGLE_BALL
789,1,0,0,1,0.668,SINGLE_BALL,0.668,SINGLE_BALL
790,1,0,0,1,0.668,SINGLE_BALL,0.668,SINGLE_BALL
791,2,0,0,2,0.537,TWO_BALL,0.537,TWO_BALL
792,2,0,0,2,0.537,TWO_BALL,0.537,TWO_BALL
793,2,0,0,2,0.537,TWO_BALL,0.537,TWO_BALL
794,2,0,0,2,0.537,TWO_BALL,0.537,TWO_BALL
795,2,0,0,2,0.537,TWO_BALL,0.537,TWO_BALL
796,2,0,0,2,0.537,TWO_BALL,0.537,TWO_BALL
797,3,0,1,3,0.55,MIXED_3+,0.55,MIXED_3+
798,3,0,0,3,0.55,MIXED_3+,0.55,MIXED_3+
799,3,0,0,3,0.55,MIXED_3+,0.55,MIXED_3+
800,3,0,0,3,0.55,MIXED_3+,0.55,MIXED_3+
801,3,0,0,3,0.55,MIXED_3+,0.55,MIXED_3+
802,3,0,0,3,0.55,MIXED_3+,0.55,MIXED_3+
803,3,0,0,3,0.55,MIXED_3+,0.55,MIXED_3+
804,3,0,0,3,0.55,MIXED_3+,0.55,MIXED_3+
805,3,0,0,3,0.55,MIXED_3+,0.55,MIXED_3+
806,2,0,0,2,0.491,TWO_BALL,0.491,TWO_BALL
807,2,0,0,2,0.491,TWO_BALL,0.491,TWO_BALL
808,2,0,0,2,0.491,TWO_BALL,0.491,TWO_BALL
809,2,0,0,2,0.491,TWO_BALL,0.491,TWO_BALL
810,2,0,0,2,0.491,TWO_BALL,0.491,TWO_BALL
811,3,0,0,3,0.55,MIXED_3+,0.55,MIXED_3+
812,2,0,0,2,0.491,TWO_BALL,0.491,TWO_BALL
813,2,0,0,2,0.491,TWO_BALL,0.491,TWO_BALL
814,3,0,0,3,0.661,MIXED_3+,0.661,MIXED_3+
815,3,0,0,3,0.661,MIXED_3+,0.661,MIXED_3+
816,3,0,0,3,0.661,MIXED_3+,0.661,MIXED_3+
817,3,0,0,3,0.661,MIXED_3+,0.661,MIXED_3+
818,3,0,0,3,0.661,MIXED_3+,0.661,MIXED_3+
819,3,0,0,3,0.661,MIXED_3+,0.661,MIXED_3+
820,3,0,0,3,0.661,MIXED_3+,0.661,MIXED_3+
821,3,0,0,3,0.661,MIXED_3+,0.661,MIXED_3+
822,3,0,0,3,0.661,MIXED_3+,0.661,MIXED_3+
823,3,0,0,3,0.661,MIXED_3+,0.661,MIXED_3+
824,3,0,0,3,0.661,MIXED_3+,0.661,MIXED_3+
825,3,0,0,3,0.661,MIXED_3+,0.661,MIXED_3+
826,3,0,0,3,0.661,MIXED_3+,0.661,MIXED_3+
827,3,0,0,3,0.661,MIXED_3+,0.661,MIXED_3+
828,3,0,0,3,0.661,MIXED_3+,0.661,MIXED_3+
829,3,0,0,3,0.661,MIXED_3+,0.661,MIXED_3+
830,2,0,1,2,0.491,TWO_BALL_ONE_HAND,0.491,TWO_BALL_ONE_HAND
831,1,0,0,1,0.405,SINGLE_BALL,0.405,SINGLE_BALL
832,1,0,0,1,0.405,SINGLE_BALL,0.405,SINGLE_BALL
833,1,0,0,1,0.405,SINGLE_BALL,0.405,SINGLE_BALL
834,1,0,0,1,0.405,SINGLE_BALL,0.405,SINGLE_BALL
835,1,0,0,1,0.405,SINGLE_BALL,0.405,SINGLE_BALL
836,1,0,0,1,0.405,SINGLE_BALL,0.405,SINGLE_BALL
837,1,0,0,1,0.405,SINGLE_BALL,0.405,SINGLE_BALL
838,1,0,0,1,0.405,SINGLE_BALL,0.405,SINGLE_BALL
839,2,0,1,2,0.675,TWO_BALL_ONE_HAND,0.675,TWO_BALL_ONE_HAND
840,1,0,0,1,0.944,SINGLE_BALL,0.944,SINGLE_BALL
841,1,0,0,1,0.944,SINGLE_BALL,0.944,SINGLE_BALL
842,1,0,0,1,0.944,SINGLE_BALL,0.944,SINGLE_BALL
843,1,0,0,1,0.944,SINGLE_BALL,0.944,SINGLE_BALL
844,1,0,0,1,0.944,SINGLE_BALL,0.944,SINGLE_BALL
845,1,0,0,1,0.944,SINGLE_BALL,0.944,SINGLE_BALL
846,1,0,0,1,0.944,SINGLE_BALL,0.944,SINGLE_BALL
847,1,0,0,1,0.944,SINGLE_BALL,0.944,SINGLE_BALL
848,1,0,0,1,0.944,SINGLE_BALL,0.944,SINGLE_BALL
849,1,0,0,1,0.944,SINGLE_BALL,0.944,SINGLE_BALL
850,1,0,0,1,0.944,SINGLE_BALL,0.944,SINGLE_BALL
851,1,0,0,1,0.944,SINGLE_BALL,0.944,SINGLE_BALL
852,1,0,0,1,0.944,SINGLE_BALL,0.944,SINGLE_BALL
853,1,0,0,1,0.944,SINGLE_BALL,0.944,SINGLE_BALL
854,1,0,0,1,0.944,SINGLE_BALL,0.944,SINGLE_BALL
855,2,0,0,2,0.972,TWO_BALL,0.972,TWO_BALL
856,3,0,1,3,0.84,FOUNTAIN_3+,0.84,FOUNTAIN_3+
857,2,0,0,2,0.76,TWO_BALL,0.76,TWO_BALL
858,2,0,0,2,0.76,TWO_BALL,0.76,TWO_BALL
859,2,0,0,2,0.76,TWO_BALL,0.76,TWO_BALL
860,3,0,1,3,0.642,FOUNTAIN_3+,0.642,FOUNTAIN_3+
861,3,0,0,3,0.642,FOUNTAIN_3+,0.642,FOUNTAIN_3+
862,3,0,0,3,0.642,FOUNTAIN_3+,0.642,FOUNTAIN_3+
863,3,0,0,3,0.642,FOUNTAIN_3+,0.642,FOUNTAIN_3+
864,3,0,0,3,0.642,FOUNTAIN_3+,0.642,FOUNTAIN_3+
865,3,0,0,3,0.642,FOUNTAIN_3+,0.642,FOUNTAIN_3+
866,3,0,0,3,0.642,FOUNTAIN_3+,0.642,FOUNTAIN_3+
867,3,0,0,3,0.642,FOUNTAIN_3+,0.642,FOUNTAIN_3+
868,3,0,0,3,0.642,FOUNTAIN_3+,0.642,FOUNTAIN_3+
869,3,0,0,3,0.642,FOUNTAIN_3+,0.642,FOUNTAIN_3+
870,3,0,0,3,0.642,FOUNTAIN_3+,0.642,FOUNTAIN_3+
871,3,0,0,3,0.642,FOUNTAIN_3+,0.642,FOUNTAIN_3+
872,3,0,0,3,0.642,MIXED_3+,0.642,MIXED_3+
873,2,0,0,2,0.675,TWO_BALL,0.675,TWO_BALL
874,2,0,0,2,0.675,TWO_BALL,0.675,TWO_BALL
875,2,0,0,2,0.675,TWO_BALL,0.675,TWO_BALL
876,2,0,0,2,0.675,TWO_BALL,0.675,TWO_BALL
877,2,0,0,2,0.675,TWO_BALL,0.675,TWO_BALL
878,2,0,0,2,0.675,TWO_BALL,0.675,TWO_BALL
879,2,0,0,2,0.675,TWO_BALL,0.675,TWO_BALL
880,2,0,0,2,0.675,TWO_BALL,0.675,TWO_BALL
881,1,0,0,1,0.405,SINGLE_BALL,0.405,SINGLE_BALL
882,1,0,0,1,0.405,SINGLE_BALL,0.405,SINGLE_BALL
883,2,0,0,2,0.491,TWO_BALL,0.491,TWO_BALL
884,2,0,0,2,0.491,TWO_BALL,0.491,TWO_BALL
885,3,0,0,3,0.521,MIXED_3+,0.521,MIXED_3+
886,2,0,0,2,0.493,TWO_BALL,0.493,TWO_BALL
887,2,0,0,2,0.493,TWO_BALL,0.493,TWO_BALL
888,2,0,0,2,0.493,TWO_BALL,0.493,TWO_BALL
889,2,0,0,2,0.493,TWO_BALL,0.493,TWO_BALL
890,3,0,0,3,0.651,MIXED_3+,0.651,MIXED_3+
891,3,0,0,3,0.651,MIXED_3+,0.651,MIXED_3+
892,3,0,0,3,0.651,MIXED_3+,0.651,MIXED_3+
893,3,0,0,3,0.651,MIXED_3+,0.651,MIXED_3+
894,3,0,0,3,0.651,MIXED_3+,0.651,MIXED_3+
895,3,0,0,3,0.651,MIXED_3+,0.651,MIXED_3+
896,3,0,0,3,0.651,MIXED_3+,0.651,MIXED_3+
897,3,0,0,3,0.651,MIXED_3+,0.651,MIXED_3+
898,3,0,0,3,0.651,MIXED_3+,0.651,MIXED_3+
899,3,0,0,3,0.651,MIXED_3+,0.651,MIXED_3+
900,3,0,0,3,0.651,MIXED_3+,0.651,MIXED_3+
901,3,0,0,3,0.651,MIXED_3+,0.651,MIXED_3+
902,3,0,0,3,0.651,MIXED_3+,0.651,MIXED_3+
903,3,0,0,3,0.651,MIXED_3+,0.651,MIXED_3+
904,3,0,0,3,0.651,MIXED_3+,0.651,MIXED_3+
905,3,0,0,3,0.651,MIXED_3+,0.651,MIXED_3+
906,3,0,0,3,0.651,MIXED_3+,0.651,MIXED_3+
907,3,0,0,3,0.651,MIXED_3+,0.651,MIXED_3+
908,3,0,0,3,0.651,MIXED_3+,0.651,MIXED_3+
909,3,0,0,3,0.651,MIXED_3+,0.651,MIXED_3+
910,3,0,0,3,0.651,MIXED_3+,0.651,MIXED_3+
911,3,0,0,3,0.651,MIXED_3+,0.651,MIXED_3+
912,3,0,0,3,0.651,MIXED_3+,0.651,MIXED_3+
913,3,0,0,3,0.651,MIXED_3+,0.651,MIXED_3+
914,3,0,0,3,0.651,MIXED_3+,0.651,MIXED_3+
915,3,0,0,3,0.651,MIXED_3+,0.651,MIXED_3+
916,3,0,0,3,0.651,MIXED_3+,0.651,MIXED_3+
917,3,0,0,3,0.651,MIXED_3+,0.651,MIXED_3+
918,3,0,0,3,0.651,MIXED_3+,0.651,MIXED_3+
919,3,0,0,3,0.651,MIXED_3+,0.651,MIXED_3+
920,3,0,0,3,0.651,MIXED_3+,0.651,MIXED_3+
921,3,0,0,3,0.651,MIXED_3+,0.651,MIXED_3+
922,3,0,0,3,0.651,MIXED_3+,0.651,MIXED_3+
923,3,0,0,3,0.651,MIXED_3+,0.651,MIXED_3+
924,3,0,0,3,0.651,MIXED_3+,0.651,MIXED_3+
925,3,0,0,3,0.651,MIXED_3+,0.651,MIXED_3+
926,3,0,0,3,0.651,MIXED_3+,0.651,MIXED_3+
927,3,0,0,3,0.651,MIXED_3+,0.651,MIXED_3+
928,3,0,0,3,0.651,MIXED_3+,0.651,MIXED_3+
929,3,0,0,3,0.651,MIXED_3+,0.651,MIXED_3+
930,3,0,0,3,0.651,MIXED_3+,0.651,MIXED_3+
931,3,0,0,3,0.651,MIXED_3+,0.651,MIXED_3+
932,3,0,0,3,0.651,MIXED_3+,0.651,MIXED_3+
933,3,0,0,3,0.651,MIXED_3+,0.651,MIXED_3+
934,3,0,0,3,0.651,MIXED_3+,0.651,MIXED_3+
935,3,0,0,3,0.651,MIXED_3+,0.651,MIXED_3+
936,3,0,0,3,0.651,MIXED_3+,0.651,MIXED_3+
937,2,0,0,2,0.774,TWO_BALL,0.774,TWO_BALL
938,2,0,0,2,0.774,TWO_BALL,0.774,TWO_BALL
939,2,0,0,2,0.774,TWO_BALL,0.774,TWO_BALL
940,2,0,0,2,0.774,TWO_BALL,0.774,TWO_BALL
941,2,0,0,2,0.774,TWO_BALL,0.774,TWO_BALL
942,2,0,0,2,0.774,TWO_BALL,0.774,TWO_BALL
943,2,0,0,2,0.774,TWO_BALL,0.774,TWO_BALL
944,3,0,0,3,0.651,MIXED_3+,0.651,MIXED_3+
945,3,0,0,3,0.651,MIXED_3+,0.651,MIXED_3+
946,2,0,0,2,0.493,TWO_BALL,0.493,TWO_BALL
947,2,0,0,2,0.493,TWO_BALL,0.493,TWO_BALL
948,2,0,1,2,0.493,TWO_BALL_ONE_HAND,0.493,TWO_BALL_ONE_HAND
949,1,0,0,1,0.405,SINGLE_BALL,0.405,SINGLE_BALL
950,1,0,0,1,0.405,SINGLE_BALL,0.405,SINGLE_BALL
951,1,0,0,1,0.405,SINGLE_BALL,0.405,SINGLE_BALL
952,1,0,0,1,0.405,SINGLE_BALL,0.405,SINGLE_BALL
953,1,0,0,1,0.405,SINGLE_BALL,0.405,SINGLE_BALL
954,1,0,0,1,0.405,SINGLE_BALL,0.405,SINGLE_BALL
955,1,0,0,1,0.405,SINGLE_BALL,0.405,SINGLE_BALL
956,2,0,0,2,0.703,TWO_BALL,0.703,TWO_BALL
957,3,0,1,3,0.662,MIXED_3+,0.662,MIXED_3+
958,3,0,0,3,0.662,MIXED_3+,0.662,MIXED_3+
959,3,0,0,3,0.662,MIXED_3+,0.662,MIXED_3+
960,3,0,0,3,0.662,MIXED_3+,0.662,MIXED_3+
961,3,0,0,3,0.662,MIXED_3+,0.662,MIXED_3+
962,3,0,0,3,0.662,MIXED_3+,0.662,MIXED_3+
963,3,0,0,3,0.662,MIXED_3+,0.662,MIXED_3+
964,3,0,1,3,0.662,MIXED_3+,0.662,MIXED_3+
965,2,0,0,2,0.79,TWO_BALL,0.79,TWO_BALL
966,1,0,0,1,1.0,SINGLE_BALL,1.0,SINGLE_BALL
967,1,0,0,1,1.0,SINGLE_BALL,1.0,SINGLE_BALL
968,2,0,0,2,0.662,TWO_BALL,0.662,TWO_BALL
969,2,0,0,2,0.662,TWO_BALL,0.662,TWO_BALL
970,3,0,1,3,0.576,FOUNTAIN_3+,0.576,FOUNTAIN_3+
971,2,0,0,2,0.364,TWO_BALL,0.364,TWO_BALL
972,2,0,0,2,0.364,TWO_BALL,0.364,TWO_BALL
973,2,0,0,2,0.364,TWO_BALL,0.364,TWO_BALL
974,2,0,0,2,0.364,TWO_BALL,0.364,TWO_BALL
975,2,0,0,2,0.364,TWO_BALL,0.364,TWO_BALL
976,2,0,0,2,0.364,TWO_BALL,0.364,TWO_BALL
977,3,0,0,3,0.565,FOUNTAIN_3+,0.565,FOUNTAIN_3+
978,3,0,0,3,0.565,FOUNTAIN_3+,0.565,FOUNTAIN_3+
979,3,0,0,3,0.565,FOUNTAIN_3+,0.565,FOUNTAIN_3+
980,3,0,0,3,0.565,FOUNTAIN_3+,0.565,FOUNTAIN_3+
981,3,0,0,3,0.565,FOUNTAIN_3+,0.565,FOUNTAIN_3+
982,3,0,0,3,0.565,FOUNTAIN_3+,0.565,FOUNTAIN_3+
983,3,0,0,3,0.565,FOUNTAIN_3+,0.565,FOUNTAIN_3+
984,3,0,0,3,0.565,FOUNTAIN_3+,0.565,FOUNTAIN_3+
985,3,0,0,3,0.565,FOUNTAIN_3+,0.565,FOUNTAIN_3+
986,3,0,0,3,0.565,FOUNTAIN_3+,0.565,FOUNTAIN_3+
987,3,0,0,3,0.565,FOUNTAIN_3+,0.565,FOUNTAIN_3+
988,3,0,0,3,0.565,FOUNTAIN_3+,0.565,FOUNTAIN_3+
989,3,0,0,3,0.565,FOUNTAIN_3+,0.565,FOUNTAIN_3+
990,3,0,0,3,0.565,FOUNTAIN_3+,0.565,FOUNTAIN_3+
991,3,0,0,3,0.565,FOUNTAIN_3+,0.565,FOUNTAIN_3+
992,3,0,0,3,0.565,FOUNTAIN_3+,0.565,FOUNTAIN_3+
993,3,0,0,3,0.565,FOUNTAIN_3+,0.565,FOUNTAIN_3+
994,3,0,0,3,0.565,FOUNTAIN_3+,0.565,FOUNTAIN_3+
995,3,0,0,3,0.565,FOUNTAIN_3+,0.565,FOUNTAIN_3+
996,3,0,0,3,0.565,FOUNTAIN_3+,0.565,FOUNTAIN_3+
997,3,0,0,3,0.565,FOUNTAIN_3+,0.565,FOUNTAIN_3+
998,3,0,0,3,0.565,FOUNTAIN_3+,0.565,FOUNTAIN_3+
999,3,0,0,3,0.565,FOUNTAIN_3+,0.565,FOUNTAIN_3+
1000,3,0,0,3,0.565,FOUNTAIN_3+,0.565,FOUNTAIN_3+
1001,3,0,0,3,0.565,FOUNTAIN_3+,0.565,FOUNTAIN_3+
1002,3,0,0,3,0.565,FOUNTAIN_3+,0.565,FOUNTAIN_3+
1003,3,0,0,3,0.565,FOUNTAIN_3+,0.565,FOUNTAIN_3+
1004,3,0,0,3,0.565,FOUNTAIN_3+,0.565,FOUNTAIN_3+
1005,3,0,0,3,0.565,FOUNTAIN_3+,0.565,FOUNTAIN_3+
1006,3,0,0,3,0.565,FOUNTAIN_3+,0.565,FOUNTAIN_3+
1007,3,0,0,3,0.565,FOUNTAIN_3+,0.565,FOUNTAIN_3+
1008,3,0,0,3,0.565,FOUNTAIN_3+,0.565,FOUNTAIN_3+
1009,3,0,0,3,0.565,FOUNTAIN_3+,0.565,FOUNTAIN_3+
1010,3,0,0,3,0.565,FOUNTAIN_3+,0.565,FOUNTAIN_3+
1011,3,0,0,3,0.565,FOUNTAIN_3+,0.565,FOUNTAIN_3+
1012,2,0,0,2,0.364,TWO_BALL,0.364,TWO_BALL
1013,2,0,0,2,0.364,TWO_BALL,0.364,TWO_BALL
1014,2,0,0,2,0.364,TWO_BALL,0.364,TWO_BALL
1015,2,0,1,2,0.364,TWO_BALL_ONE_HAND,0.364,TWO_BALL_ONE_HAND
1016,1,0,0,1,0.324,SINGLE_BALL,0.324,SINGLE_BALL
1017,1,0,0,1,0.324,SINGLE_BALL,0.324,SINGLE_BALL
1018,1,0,0,1,0.324,SINGLE_BALL,0.324,SINGLE_BALL
1019,1,0,0,1,0.324,SINGLE_BALL,0.324,SINGLE_BALL
1020,1,0,0,1,0.324,SINGLE_BALL,0.324,SINGLE_BALL
1029,3,0,1,3,0.463,FOUNTAIN_3+,0.463,FOUNTAIN_LOW_CONF
1030,3,0,0,3,0.463,FOUNTAIN_3+,0.463,FOUNTAIN_LOW_CONF
1031,3,0,0,3,0.463,FOUNTAIN_3+,0.463,FOUNTAIN_LOW_CONF
1032,3,0,0,3,0.463,FOUNTAIN_3+,0.463,FOUNTAIN_LOW_CONF
1033,3,0,0,3,0.463,FOUNTAIN_3+,0.463,FOUNTAIN_LOW_CONF
1034,3,0,0,3,0.463,FOUNTAIN_3+,0.463,FOUNTAIN_LOW_CONF
1035,3,0,0,3,0.463,FOUNTAIN_3+,0.463,FOUNTAIN_LOW_CONF
1036,3,0,0,3,0.463,FOUNTAIN_3+,0.463,FOUNTAIN_LOW_CONF
1037,3,0,0,3,0.463,FOUNTAIN_3+,0.463,FOUNTAIN_LOW_CONF
1038,3,0,0,3,0.463,FOUNTAIN_3+,0.463,FOUNTAIN_LOW_CONF
1039,3,0,0,3,0.463,FOUNTAIN_3+,0.463,FOUNTAIN_LOW_CONF
1040,3,0,0,3,0.463,FOUNTAIN_3+,0.463,FOUNTAIN_LOW_CONF
1041,3,0,0,3,0.463,FOUNTAIN_3+,0.463,FOUNTAIN_LOW_CONF
1042,3,0,0,3,0.463,FOUNTAIN_3+,0.463,FOUNTAIN_LOW_CONF
1043,3,0,0,3,0.463,FOUNTAIN_3+,0.463,FOUNTAIN_LOW_CONF
1044,3,0,0,3,0.463,FOUNTAIN_3+,0.463,FOUNTAIN_LOW_CONF
1045,3,0,0,3,0.463,FOUNTAIN_3+,0.463,FOUNTAIN_LOW_CONF
1046,3,0,0,3,0.463,FOUNTAIN_3+,0.463,FOUNTAIN_LOW_CONF
1047,3,0,0,3,0.463,FOUNTAIN_3+,0.463,FOUNTAIN_LOW_CONF
1048,3,0,0,3,0.463,FOUNTAIN_3+,0.463,FOUNTAIN_LOW_CONF
1049,3,0,0,3,0.463,FOUNTAIN_3+,0.463,FOUNTAIN_LOW_CONF
1050,3,1,1,3,0.463,FOUNTAIN_3+,0.463,FOUNTAIN_LOW_CONF
1051,1,0,1,2,0.533,TWO_BALL_ONE_HAND,0.533,TWO_BALL_ONE_HAND
1052,1,0,1,2,0.533,TWO_BALL_ONE_HAND,0.533,TWO_BALL_ONE_HAND
1053,1,0,1,2,0.533,TWO_BALL_ONE_HAND,0.533,TWO_BALL_ONE_HAND
1054,2,0,1,2,0.533,TWO_BALL_ONE_HAND,0.533,TWO_BALL_ONE_HAND
1055,2,0,0,2,0.533,TWO_BALL,0.533,TWO_BALL
1056,3,1,0,3,0.463,FOUNTAIN_3+,0.463,FOUNTAIN_LOW_CONF
1057,3,0,0,3,0.463,FOUNTAIN_3+,0.463,FOUNTAIN_LOW_CONF
1058,3,0,0,3,0.463,FOUNTAIN_3+,0.463,FOUNTAIN_LOW_CONF
1059,3,0,0,3,0.463,FOUNTAIN_3+,0.463,FOUNTAIN_LOW_CONF
1060,3,0,0,3,0.463,FOUNTAIN_3+,0.463,FOUNTAIN_LOW_CONF
1061,2,0,0,2,0.364,TWO_BALL,0.364,TWO_BALL
1062,2,0,0,2,0.364,TWO_BALL,0.364,TWO_BALL
1063,2,0,0,2,0.364,TWO_BALL,0.364,TWO_BALL
1064,2,0,0,2,0.364,TWO_BALL,0.364,TWO_BALL
1065,2,0,0,2,0.364,TWO_BALL,0.364,TWO_BALL
1066,2,0,0,2,0.364,TWO_BALL,0.364,TWO_BALL
1067,2,0,0,2,0.364,TWO_BALL,0.364,TWO_BALL
1068,2,0,0,2,0.364,TWO_BALL,0.364,TWO_BALL
1069,2,0,0,2,0.364,TWO_BALL,0.364,TWO_BALL
1070,3,0,0,3,0.576,FOUNTAIN_3+,0.576,FOUNTAIN_3+
1071,3,0,0,3,0.576,FOUNTAIN_3+,0.576,FOUNTAIN_3+
1072,3,0,0,3,0.576,FOUNTAIN_3+,0.576,FOUNTAIN_3+
1073,3,0,0,3,0.576,FOUNTAIN_3+,0.576,FOUNTAIN_3+
1074,3,0,0,3,0.576,FOUNTAIN_3+,0.576,FOUNTAIN_3+
1075,2,0,0,2,0.662,TWO_BALL,0.662,TWO_BALL
1076,2,0,0,2,0.662,TWO_BALL,0.662,TWO_BALL
1077,3,0,0,3,0.775,FOUNTAIN_3+,0.775,FOUNTAIN_3+
1078,1,0,0,1,0.324,SINGLE_BALL,0.324,SINGLE_BALL
