frame,h50_pattern,h50_confidence,h67_pattern,h43_rejected,h66_rejected,h67_rejected
2,TWO_BALL,0.962,TWO_BALL,no,no,no
3,MIXED_3+_UNCONFIRMED,0.420,MIXED_3+_UNCONFIRMED,no,no,no
4,MIXED_3+_UNCONFIRMED,0.420,MIXED_3+_UNCONFIRMED,no,no,no
5,MIXED_3+_UNCONFIRMED,0.420,MIXED_3+_UNCONFIRMED,no,no,no
6,MIXED_3+_UNCONFIRMED,0.420,MIXED_3+_UNCONFIRMED,no,no,no
7,MIXED_3+_UNCONFIRMED,0.420,MIXED_3+_UNCONFIRMED,no,no,no
8,MIXED_3+_UNCONFIRMED,0.420,MIXED_3+_UNCONFIRMED,no,no,no
9,MIXED_3+_UNCONFIRMED,0.420,MIXED_3+_UNCONFIRMED,no,no,no
10,MIXED_3+_UNCONFIRMED,0.420,MIXED_3+_UNCONFIRMED,no,no,no
11,MIXED_3+_UNCONFIRMED,0.420,MIXED_3+_UNCONFIRMED,no,no,no
12,MIXED_3+_UNCONFIRMED,0.420,MIXED_3+_UNCONFIRMED,no,no,no
13,MIXED_3+_UNCONFIRMED,0.420,MIXED_3+_UNCONFIRMED,no,no,no
14,MIXED_3+_UNCONFIRMED,0.420,MIXED_3+_UNCONFIRMED,no,no,no
15,MIXED_3+_UNCONFIRMED,0.420,MIXED_3+_UNCONFIRMED,no,no,no
16,MIXED_3+_UNCONFIRMED,0.420,MIXED_3+_UNCONFIRMED,no,no,no
17,MIXED_3+_UNCONFIRMED,0.420,MIXED_3+_UNCONFIRMED,no,no,no
18,SINGLE_BALL,0.598,SINGLE_BALL,no,no,no
19,SINGLE_BALL,0.598,SINGLE_BALL,no,no,no
20,SINGLE_BALL,0.598,SINGLE_BALL,no,no,no
21,MIXED_3+_UNCONFIRMED,0.378,MIXED_3+_UNCONFIRMED,no,no,no
22,MIXED_3+_UNCONFIRMED,0.378,MIXED_3+_UNCONFIRMED,no,no,no
23,TWO_BALL,0.799,TWO_BALL,no,no,no
24,TWO_BALL,0.799,TWO_BALL,no,no,no
25,TWO_BALL,0.799,TWO_BALL,no,no,no
26,TWO_BALL,0.799,TWO_BALL,no,no,no
27,MIXED_3+_UNCONFIRMED,0.378,MIXED_3+_UNCONFIRMED,no,no,no
28,MIXED_3+_UNCONFIRMED,0.378,MIXED_3+_UNCONFIRMED,no,no,no
29,MIXED_3+_UNCONFIRMED,0.378,MIXED_3+_UNCONFIRMED,no,no,no
30,MIXED_3+_UNCONFIRMED,0.378,MIXED_3+_UNCONFIRMED,no,no,no
31,CASCADE_3+,0.755,CASCADE_3+,no,no,no
32,TWO_BALL,0.834,TWO_BALL,no,no,no
33,TWO_BALL,0.834,TWO_BALL,no,no,no
34,SINGLE_BALL,0.668,SINGLE_BALL,no,no,no
35,SINGLE_BALL,0.668,SINGLE_BALL,no,no,no
36,SINGLE_BALL,0.668,SINGLE_BALL,no,no,no
37,SINGLE_BALL,0.668,SINGLE_BALL,no,no,no
38,SINGLE_BALL,0.668,SINGLE_BALL,no,no,no
39,TWO_BALL,0.834,TWO_BALL,no,no,no
40,TWO_BALL,0.834,TWO_BALL,no,no,no
41,TWO_BALL,0.834,TWO_BALL,no,no,no
42,TWO_BALL,0.834,TWO_BALL,no,no,no
43,MIXED_3+,0.755,MIXED_3+,no,no,no
44,MIXED_3+,0.755,MIXED_3+,no,no,no
45,MIXED_3+,0.755,MIXED_3+,no,no,no
46,MIXED_3+,0.755,MIXED_3+,no,no,no
47,TWO_BALL,0.834,TWO_BALL,no,no,no
48,TWO_BALL,0.834,TWO_BALL,no,no,no
49,TWO_BALL,0.834,TWO_BALL,no,no,no
50,TWO_BALL,0.834,TWO_BALL,no,no,no
51,MIXED_3+,0.877,MIXED_3+,no,no,no
52,MIXED_3+,0.877,MIXED_3+,no,no,no
53,MIXED_3+,0.877,MIXED_3+,no,no,no
54,MIXED_3+,0.877,MIXED_3+,no,no,no
55,MIXED_3+,0.877,MIXED_3+,no,no,no
56,MIXED_3+,0.877,MIXED_3+,no,no,no
57,TWO_BALL,0.816,TWO_BALL,no,no,no
58,TWO_BALL,0.816,TWO_BALL,no,no,no
59,TWO_BALL,0.816,TWO_BALL,no,no,no
60,TWO_BALL,0.816,TWO_BALL,no,no,no
61,TWO_BALL,0.816,TWO_BALL,no,no,no
62,TWO_BALL,0.816,TWO_BALL,no,no,no
63,TWO_BALL,0.816,TWO_BALL,no,no,no
64,MIXED_3+,0.877,MIXED_3+,no,no,no
65,MIXED_3+,0.877,MIXED_3+,no,no,no
66,MIXED_3+,0.877,MIXED_3+,no,no,no
67,MIXED_3+,0.877,MIXED_3+,no,no,no
68,MIXED_3+,0.877,MIXED_3+,no,no,no
69,MIXED_3+,0.877,MIXED_3+,no,no,no
70,MIXED_3+,0.877,MIXED_3+,no,no,no
71,MIXED_3+,0.877,MIXED_3+,no,no,no
72,MIXED_3+,0.877,MIXED_3+,no,no,no
73,MIXED_3+,0.877,MIXED_3+,no,no,no
74,MIXED_3+,0.877,MIXED_3+,no,no,no
75,MIXED_3+,0.877,MIXED_3+,no,no,no
76,MIXED_3+,0.877,MIXED_3+,no,no,no
77,MIXED_3+,0.877,MIXED_3+,no,no,no
78,MIXED_3+,0.877,MIXED_3+,no,no,no
79,MIXED_3+,0.877,MIXED_3+,no,no,no
80,TWO_BALL,0.816,TWO_BALL,no,no,no
81,TWO_BALL,0.816,TWO_BALL,no,no,no
82,TWO_BALL,0.816,TWO_BALL,no,no,no
83,TWO_BALL,0.816,TWO_BALL,no,no,no
84,TWO_BALL,0.816,TWO_BALL,no,no,no
85,TWO_BALL,0.816,TWO_BALL,no,no,no
86,TWO_BALL,0.816,TWO_BALL,no,no,no
87,MIXED_3+,0.822,MIXED_3+,no,no,no
88,MIXED_3+,0.822,MIXED_3+,no,no,no
89,MIXED_3+,0.822,MIXED_3+,no,no,no
90,MIXED_3+,0.822,MIXED_3+,no,no,no
91,MIXED_3+,0.822,MIXED_3+,no,no,no
92,MIXED_3+,0.822,MIXED_3+,no,no,no
93,MIXED_3+,0.822,MIXED_3+,no,no,no
94,MIXED_3+,0.822,MIXED_3+,no,no,no
95,MIXED_3+,0.822,MIXED_3+,no,no,no
96,MIXED_3+,0.822,MIXED_3+,no,no,no
97,MIXED_3+,0.822,MIXED_3+,no,no,no
98,TWO_BALL,0.816,TWO_BALL,no,no,no
99,SINGLE_BALL,0.668,SINGLE_BALL,no,no,no
100,SINGLE_BALL,0.668,SINGLE_BALL,no,no,no
101,SINGLE_BALL,0.668,SINGLE_BALL,no,no,no
102,SINGLE_BALL,0.668,SINGLE_BALL,no,no,no
103,SINGLE_BALL,0.668,SINGLE_BALL,no,no,no
104,MIXED_3+,0.844,MIXED_3+,no,no,no
105,MIXED_3+,0.844,MIXED_3+,no,no,no
106,MIXED_3+,0.844,MIXED_3+,no,no,no
107,MIXED_3+,0.844,MIXED_3+,no,no,no
108,MIXED_3+,0.844,MIXED_3+,no,no,no
109,MIXED_3+,0.844,MIXED_3+,no,no,no
110,MIXED_3+,0.844,MIXED_3+,no,no,no
111,MIXED_3+,0.844,MIXED_3+,no,no,no
112,MIXED_3+,0.844,MIXED_3+,no,no,no
113,MIXED_3+,0.844,MIXED_3+,no,no,no
114,MIXED_3+,0.844,MIXED_3+,no,no,no
115,MIXED_3+,0.844,MIXED_3+,no,no,no
116,MIXED_3+,0.844,MIXED_3+,no,no,no
117,MIXED_3+,0.844,MIXED_3+,no,no,no
118,MIXED_3+,0.844,MIXED_3+,no,no,no
119,MIXED_3+,0.844,MIXED_3+,no,no,no
120,MIXED_3+,0.844,MIXED_3+,no,no,no
121,MIXED_3+,0.844,MIXED_3+,no,no,no
122,MIXED_3+,0.844,MIXED_3+,no,no,no
123,TWO_BALL,0.932,TWO_BALL,no,no,no
124,TWO_BALL,0.932,TWO_BALL,no,no,no
125,TWO_BALL,0.932,TWO_BALL,no,no,no
126,MIXED_3+,0.900,MIXED_3+,no,no,no
127,MIXED_3+,0.900,MIXED_3+,no,no,no
128,MIXED_3+,0.900,MIXED_3+,no,no,no
129,MIXED_3+,0.900,MIXED_3+,no,no,no
130,MIXED_3+,0.900,MIXED_3+,no,no,no
131,MIXED_3+,0.900,MIXED_3+,no,no,no
132,MIXED_3+,0.900,MIXED_3+,no,no,no
133,MIXED_3+,0.900,MIXED_3+,no,no,no
134,TWO_BALL,0.899,TWO_BALL,no,no,no
135,TWO_BALL,0.899,TWO_BALL,no,no,no
136,TWO_BALL,0.899,TWO_BALL,no,no,no
137,TWO_BALL,0.899,TWO_BALL,no,no,no
138,MIXED_3+,0.933,MIXED_3+,no,no,no
139,MIXED_3+,0.933,MIXED_3+,no,no,no
140,MIXED_3+,0.933,MIXED_3+,no,no,no
141,MIXED_3+,0.933,MIXED_3+,no,no,no
142,MIXED_3+,0.933,MIXED_3+,no,no,no
143,MIXED_3+,0.933,MIXED_3+,no,no,no
144,MIXED_3+,0.933,MIXED_3+,no,no,no
145,MIXED_3+,0.933,MIXED_3+,no,no,no
146,MIXED_3+,0.933,MIXED_3+,no,no,no
147,MIXED_3+,0.933,MIXED_3+,no,no,no
148,MIXED_3+,0.933,MIXED_3+,no,no,no
149,MIXED_3+,0.933,MIXED_3+,no,no,no
150,SINGLE_BALL,0.836,SINGLE_BALL,no,no,no
151,SINGLE_BALL,0.836,SINGLE_BALL,no,no,no
152,SINGLE_BALL,0.836,SINGLE_BALL,no,no,no
153,SINGLE_BALL,0.836,SINGLE_BALL,no,no,no
154,SINGLE_BALL,0.836,SINGLE_BALL,no,no,no
155,SINGLE_BALL,0.836,SINGLE_BALL,no,no,no
156,SINGLE_BALL,0.836,SINGLE_BALL,no,no,no
157,TWO_BALL,0.886,TWO_BALL,no,no,no
158,TWO_BALL,0.886,TWO_BALL,no,no,no
159,TWO_BALL,0.886,TWO_BALL,no,no,no
160,TWO_BALL,0.886,TWO_BALL,no,no,no
161,SINGLE_BALL,0.937,SINGLE_BALL,no,no,no
162,SINGLE_BALL,0.937,SINGLE_BALL,no,no,no
163,SINGLE_BALL,0.937,SINGLE_BALL,no,no,no
164,SINGLE_BALL,0.937,SINGLE_BALL,no,no,no
165,TWO_BALL,0.720,TWO_BALL,no,no,no
166,MIXED_3+,0.804,MIXED_3+,no,no,no
167,TWO_BALL,0.738,TWO_BALL,no,no,no
168,TWO_BALL,0.738,TWO_BALL,no,no,no
169,TWO_BALL,0.738,TWO_BALL,no,no,no
170,TWO_BALL,0.738,TWO_BALL,no,no,no
171,TWO_BALL,0.738,TWO_BALL,no,no,no
172,TWO_BALL,0.738,TWO_BALL,no,no,no
173,TWO_BALL,0.738,TWO_BALL,no,no,no
174,MIXED_3+,0.643,MIXED_3+,no,no,no
175,MIXED_3+,0.643,MIXED_3+,no,no,no
176,MIXED_3+,0.643,MIXED_3+,no,no,no
177,MIXED_3+,0.643,MIXED_3+,no,no,no
178,MIXED_3+,0.643,MIXED_3+,no,no,no
179,MIXED_3+,0.643,MIXED_3+,no,no,no
180,MIXED_3+,0.643,MIXED_3+,no,no,no
181,MIXED_3+,0.643,MIXED_3+,no,no,no
182,MIXED_3+,0.643,MIXED_3+,no,no,no
183,MIXED_3+,0.643,MIXED_3+,no,no,no
184,MIXED_3+,0.643,MIXED_3+,no,no,no
185,MIXED_3+,0.643,MIXED_3+,no,no,no
186,MIXED_3+,0.643,MIXED_3+,no,no,no
187,MIXED_3+,0.643,MIXED_3+,no,no,no
188,MIXED_3+,0.643,MIXED_3+,no,no,no
189,MIXED_3+,0.643,MIXED_3+,no,no,no
190,MIXED_3+,0.643,MIXED_3+,no,no,no
191,MIXED_3+,0.643,MIXED_3+,no,no,no
192,MIXED_3+,0.643,MIXED_3+,no,no,no
193,MIXED_3+,0.643,MIXED_3+,no,no,no
194,MIXED_3+,0.643,MIXED_3+,no,no,no
195,MIXED_3+,0.643,MIXED_3+,no,no,no
196,TWO_BALL,0.738,TWO_BALL,no,no,no
197,TWO_BALL,0.738,TWO_BALL,no,no,no
198,TWO_BALL,0.738,TWO_BALL,no,no,no
199,TWO_BALL,0.738,TWO_BALL,no,no,no
200,TWO_BALL,0.738,TWO_BALL,no,no,no
201,TWO_BALL,0.738,TWO_BALL,no,no,no
202,MIXED_3+,0.643,MIXED_3+,no,no,no
203,MIXED_3+,0.643,MIXED_3+,no,no,no
204,MIXED_3+,0.643,MIXED_3+,no,no,no
205,MIXED_3+,0.643,MIXED_3+,no,no,no
206,MIXED_3+,0.643,MIXED_3+,no,no,no
207,TWO_BALL_ONE_HAND,0.479,TWO_BALL_ONE_HAND,no,no,no
208,SINGLE_BALL,0.454,SINGLE_BALL,no,no,no
212,SINGLE_BALL,0.316,SINGLE_BALL,no,no,no
213,SINGLE_BALL,0.316,SINGLE_BALL,no,no,no
220,SINGLE_BALL,0.316,SINGLE_BALL,no,no,no
221,SINGLE_BALL,0.316,SINGLE_BALL,no,no,no
222,SINGLE_BALL,0.316,SINGLE_BALL,no,no,no
223,SINGLE_BALL,0.316,SINGLE_BALL,no,no,no
224,SINGLE_BALL,0.316,SINGLE_BALL,no,no,no
225,SINGLE_BALL,0.316,SINGLE_BALL,no,no,no
226,SINGLE_BALL,0.316,SINGLE_BALL,no,no,no
227,SINGLE_BALL,0.316,SINGLE_BALL,no,no,no
228,SINGLE_BALL,0.316,SINGLE_BALL,no,no,no
229,SINGLE_BALL,0.316,SINGLE_BALL,no,no,no
230,SINGLE_BALL,0.316,SINGLE_BALL,no,no,no
231,SINGLE_BALL,0.316,SINGLE_BALL,no,no,no
232,MIXED_3+,0.593,MIXED_3+,no,no,no
233,MIXED_3+,0.593,MIXED_3+,no,no,no
234,MIXED_3+,0.593,MIXED_3+,no,no,no
235,MIXED_3+,0.593,MIXED_3+,no,no,no
236,TWO_BALL,0.637,TWO_BALL,no,no,no
237,TWO_BALL,0.637,TWO_BALL,no,no,no
238,TWO_BALL,0.637,TWO_BALL,no,no,no
239,TWO_BALL,0.637,TWO_BALL,no,no,no
240,TWO_BALL,0.637,TWO_BALL,no,no,no
241,TWO_BALL,0.637,TWO_BALL,no,no,no
242,TWO_BALL,0.637,TWO_BALL,no,no,no
243,MIXED_3+,0.593,MIXED_3+,no,no,no
244,MIXED_3+,0.593,MIXED_3+,no,no,no
245,MIXED_3+,0.593,MIXED_3+,no,no,no
246,MIXED_3+,0.593,MIXED_3+,no,no,no
247,MIXED_3+,0.593,MIXED_3+,no,no,no
248,MIXED_3+,0.593,MIXED_3+,no,no,no
249,MIXED_3+,0.593,MIXED_3+,no,no,no
250,MIXED_3+,0.593,MIXED_3+,no,no,no
251,MIXED_3+,0.593,MIXED_3+,no,no,no
252,CASCADE_3+,0.593,CASCADE_3+,no,no,no
253,TWO_BALL,0.731,TWO_BALL,no,no,no
254,TWO_BALL,0.731,TWO_BALL,no,no,no
255,TWO_BALL,0.731,TWO_BALL,no,no,no
256,SINGLE_BALL,0.958,SINGLE_BALL,no,no,no
257,TWO_BALL,0.935,TWO_BALL,no,no,no
258,TWO_BALL,0.935,TWO_BALL,no,no,no
259,TWO_BALL,0.935,TWO_BALL,no,no,no
260,TWO_BALL,0.935,TWO_BALL,no,no,no
261,TWO_BALL,0.935,TWO_BALL,no,no,no
262,TWO_BALL,0.935,TWO_BALL,no,no,no
263,MIXED_3+,0.728,MIXED_3+,no,no,no
264,MIXED_3+,0.728,MIXED_3+,no,no,no
265,MIXED_3+,0.728,MIXED_3+,no,no,no
266,MIXED_3+,0.728,MIXED_3+,no,no,no
267,MIXED_3+,0.728,MIXED_3+,no,no,no
268,MIXED_3+,0.728,MIXED_3+,no,no,no
269,MIXED_3+,0.728,MIXED_3+,no,no,no
270,MIXED_3+,0.728,MIXED_3+,no,no,no
271,MIXED_3+,0.728,MIXED_3+,no,no,no
272,MIXED_3+,0.728,MIXED_3+,no,no,no
273,MIXED_3+,0.728,MIXED_3+,no,no,no
274,MIXED_3+,0.728,MIXED_3+,no,no,no
275,MIXED_3+,0.728,MIXED_3+,no,no,no
276,MIXED_3+,0.728,MIXED_3+,no,no,no
277,MIXED_3+,0.728,MIXED_3+,no,no,no
278,MIXED_3+,0.728,MIXED_3+,no,no,no
279,MIXED_3+,0.728,MIXED_3+,no,no,no
280,MIXED_3+,0.728,MIXED_3+,no,no,no
281,MIXED_3+,0.728,MIXED_3+,no,no,no
282,MIXED_3+,0.728,MIXED_3+,no,no,no
283,MIXED_3+,0.728,MIXED_3+,no,no,no
284,MIXED_3+,0.728,MIXED_3+,no,no,no
285,MIXED_3+,0.728,MIXED_3+,no,no,no
286,MIXED_3+,0.728,MIXED_3+,no,no,no
287,MIXED_3+,0.728,MIXED_3+,no,no,no
288,MIXED_3+,0.728,MIXED_3+,no,no,no
289,MIXED_3+,0.728,MIXED_3+,no,no,no
290,MIXED_3+,0.728,MIXED_3+,no,no,no
291,MIXED_3+,0.728,MIXED_3+,no,no,no
292,MIXED_3+,0.728,MIXED_3+,no,no,no
293,MIXED_3+,0.728,MIXED_3+,no,no,no
294,MIXED_3+,0.728,MIXED_3+,no,no,no
295,MIXED_3+,0.728,MIXED_3+,no,no,no
296,MIXED_3+,0.728,MIXED_3+,no,no,no
297,MIXED_3+,0.728,MIXED_3+,no,no,no
298,MIXED_3+,0.728,MIXED_3+,no,no,no
299,MIXED_3+,0.728,MIXED_3+,no,no,no
300,MIXED_3+,0.728,MIXED_3+,no,no,no
301,MIXED_3+,0.728,MIXED_3+,no,no,no
302,MIXED_3+,0.728,MIXED_3+,no,no,no
303,MIXED_3+,0.728,MIXED_3+,no,no,no
304,MIXED_3+,0.728,MIXED_3+,no,no,no
305,MIXED_3+,0.728,MIXED_3+,no,no,no
306,MIXED_3+,0.728,MIXED_3+,no,no,no
307,MIXED_3+,0.728,MIXED_3+,no,no,no
308,MIXED_3+,0.728,MIXED_3+,no,no,no
309,MIXED_3+,0.728,MIXED_3+,no,no,no
310,MIXED_3+,0.728,MIXED_3+,no,no,no
311,MIXED_3+,0.728,MIXED_3+,no,no,no
312,MIXED_3+,0.728,MIXED_3+,no,no,no
313,TWO_BALL,0.935,TWO_BALL,no,no,no
314,TWO_BALL,0.935,TWO_BALL,no,no,no
315,TWO_BALL,0.935,TWO_BALL,no,no,no
316,TWO_BALL,0.935,TWO_BALL,no,no,no
317,TWO_BALL,0.935,TWO_BALL,no,no,no
318,TWO_BALL,0.935,TWO_BALL,no,no,no
319,TWO_BALL,0.935,TWO_BALL,no,no,no
320,TWO_BALL,0.935,TWO_BALL,no,no,no
321,TWO_BALL,0.935,TWO_BALL,no,no,no
322,TWO_BALL,0.935,TWO_BALL,no,no,no
323,TWO_BALL,0.935,TWO_BALL,no,no,no
324,TWO_BALL,0.935,TWO_BALL,no,no,no
325,TWO_BALL,0.935,TWO_BALL,no,no,no
326,TWO_BALL,0.935,TWO_BALL,no,no,no
327,TWO_BALL,0.935,TWO_BALL,no,no,no
328,TWO_BALL,0.935,TWO_BALL,no,no,no
329,SINGLE_BALL,0.911,SINGLE_BALL,no,no,no
330,SINGLE_BALL,0.911,SINGLE_BALL,no,no,no
331,SINGLE_BALL,0.911,SINGLE_BALL,no,no,no
332,SINGLE_BALL,0.911,SINGLE_BALL,no,no,no
333,TWO_BALL,0.757,TWO_BALL,no,no,no
334,TWO_BALL,0.757,TWO_BALL,no,no,no
335,SINGLE_BALL,0.602,SINGLE_BALL,no,no,no
336,SINGLE_BALL,0.602,SINGLE_BALL,no,no,no
337,SINGLE_BALL,0.602,SINGLE_BALL,no,no,no
338,SINGLE_BALL,0.602,SINGLE_BALL,no,no,no
339,SINGLE_BALL,0.602,SINGLE_BALL,no,no,no
340,SINGLE_BALL,0.602,SINGLE_BALL,no,no,no
341,SINGLE_BALL,0.602,SINGLE_BALL,no,no,no
342,SINGLE_BALL,0.602,SINGLE_BALL,no,no,no
343,SINGLE_BALL,0.602,SINGLE_BALL,no,no,no
344,SINGLE_BALL,0.602,SINGLE_BALL,no,no,no
345,SINGLE_BALL,0.602,SINGLE_BALL,no,no,no
346,SINGLE_BALL,0.602,SINGLE_BALL,no,no,no
347,SINGLE_BALL,0.602,SINGLE_BALL,no,no,no
348,SINGLE_BALL,0.602,SINGLE_BALL,no,no,no
349,SINGLE_BALL,0.602,SINGLE_BALL,no,no,no
350,SINGLE_BALL,0.602,SINGLE_BALL,no,no,no
351,SINGLE_BALL,0.602,SINGLE_BALL,no,no,no
352,SINGLE_BALL,0.602,SINGLE_BALL,no,no,no
353,SINGLE_BALL,0.602,SINGLE_BALL,no,no,no
354,SINGLE_BALL,0.602,SINGLE_BALL,no,no,no
355,SINGLE_BALL,0.602,SINGLE_BALL,no,no,no
356,SINGLE_BALL,0.602,SINGLE_BALL,no,no,no
357,SINGLE_BALL,0.602,SINGLE_BALL,no,no,no
358,SINGLE_BALL,0.602,SINGLE_BALL,no,no,no
359,SINGLE_BALL,0.602,SINGLE_BALL,no,no,no
360,SINGLE_BALL,0.602,SINGLE_BALL,no,no,no
361,SINGLE_BALL,0.602,SINGLE_BALL,no,no,no
362,SINGLE_BALL,0.602,SINGLE_BALL,no,no,no
363,SINGLE_BALL,0.602,SINGLE_BALL,no,no,no
364,SINGLE_BALL,0.602,SINGLE_BALL,no,no,no
365,SINGLE_BALL,0.602,SINGLE_BALL,no,no,no
366,SINGLE_BALL,0.602,SINGLE_BALL,no,no,no
367,SINGLE_BALL,0.602,SINGLE_BALL,no,no,no
368,SINGLE_BALL,0.602,SINGLE_BALL,no,no,no
369,SINGLE_BALL,0.602,SINGLE_BALL,no,no,no
370,SINGLE_BALL,0.602,SINGLE_BALL,no,no,no
371,SINGLE_BALL,0.602,SINGLE_BALL,no,no,no
372,SINGLE_BALL,0.602,SINGLE_BALL,no,no,no
373,SINGLE_BALL,0.602,SINGLE_BALL,no,no,no
374,SINGLE_BALL,0.602,SINGLE_BALL,no,no,no
375,SINGLE_BALL,0.602,SINGLE_BALL,no,no,no
376,SINGLE_BALL,0.602,SINGLE_BALL,no,no,no
377,SINGLE_BALL,0.602,SINGLE_BALL,no,no,no
378,SINGLE_BALL,0.602,SINGLE_BALL,no,no,no
379,SINGLE_BALL,0.602,SINGLE_BALL,no,no,no
380,SINGLE_BALL,0.602,SINGLE_BALL,no,no,no
381,SINGLE_BALL,0.602,SINGLE_BALL,no,no,no
382,SINGLE_BALL,0.602,SINGLE_BALL,no,no,no
391,SINGLE_BALL,0.602,SINGLE_BALL,no,no,no
392,SINGLE_BALL,0.602,SINGLE_BALL,no,no,no
393,SINGLE_BALL,0.602,SINGLE_BALL,no,no,no
394,SINGLE_BALL,0.602,SINGLE_BALL,no,no,no
395,SINGLE_BALL,0.602,SINGLE_BALL,no,no,no
396,SINGLE_BALL,0.602,SINGLE_BALL,no,no,no
397,SINGLE_BALL,0.602,SINGLE_BALL,no,no,no
398,SINGLE_BALL,0.602,SINGLE_BALL,no,no,no
399,TWO_BALL,0.735,TWO_BALL,no,no,no
400,TWO_BALL,0.735,TWO_BALL,no,no,no
401,TWO_BALL,0.735,TWO_BALL,no,no,no
402,TWO_BALL,0.735,TWO_BALL,no,no,no
403,TWO_BALL,0.735,TWO_BALL,no,no,no
404,TWO_BALL,0.735,TWO_BALL,no,no,no
405,TWO_BALL,0.735,TWO_BALL,no,no,no
406,TWO_BALL,0.735,TWO_BALL,no,no,no
407,TWO_BALL,0.735,TWO_BALL,no,no,no
408,TWO_BALL,0.735,TWO_BALL,no,no,no
409,TWO_BALL,0.735,TWO_BALL,no,no,no
410,TWO_BALL,0.735,TWO_BALL,no,no,no
411,MIXED_3+,0.792,MIXED_3+,no,no,no
412,MIXED_3+,0.792,MIXED_3+,no,no,no
413,MIXED_3+,0.792,MIXED_3+,no,no,no
414,MIXED_3+,0.792,MIXED_3+,no,no,no
415,MIXED_3+,0.792,MIXED_3+,no,no,no
416,MIXED_3+,0.792,MIXED_3+,no,no,no
417,MIXED_3+,0.792,MIXED_3+,no,no,no
418,MIXED_3+,0.792,MIXED_3+,no,no,no
419,MIXED_3+,0.792,MIXED_3+,no,no,no
420,MIXED_3+,0.792,MIXED_3+,no,no,no
421,MIXED_3+,0.792,MIXED_3+,no,no,no
422,MIXED_3+,0.792,MIXED_3+,no,no,no
423,MIXED_3+,0.792,MIXED_3+,no,no,no
424,MIXED_3+,0.792,MIXED_3+,no,no,no
425,MIXED_3+,0.844,MIXED_3+,no,no,no
426,MIXED_3+,0.844,MIXED_3+,no,no,no
427,MIXED_3+,0.844,MIXED_3+,no,no,no
428,MIXED_3+,0.844,MIXED_3+,no,no,no
429,MIXED_3+,0.792,MIXED_3+,no,no,no
430,MIXED_3+,0.792,MIXED_3+,no,no,no
431,MIXED_3+,0.792,MIXED_3+,no,no,no
432,MIXED_3+,0.792,MIXED_3+,no,no,no
433,MIXED_3+,0.792,MIXED_3+,no,no,no
434,MIXED_3+,0.792,MIXED_3+,no,no,no
435,MIXED_3+,0.792,MIXED_3+,no,no,no
436,MIXED_3+,0.792,MIXED_3+,no,no,no
437,MIXED_3+,0.792,MIXED_3+,no,no,no
438,MIXED_3+,0.792,MIXED_3+,no,no,no
439,MIXED_3+,0.792,MIXED_3+,no,no,no
440,MIXED_3+,0.792,MIXED_3+,no,no,no
441,MIXED_3+,0.792,MIXED_3+,no,no,no
442,MIXED_3+,0.792,MIXED_3+,no,no,no
443,MIXED_3+,0.792,MIXED_3+,no,no,no
444,MIXED_3+,0.792,MIXED_3+,no,no,no
445,MIXED_3+,0.792,MIXED_3+,no,no,no
446,MIXED_3+,0.792,MIXED_3+,no,no,no
447,MIXED_3+,0.792,MIXED_3+,no,no,no
448,MIXED_3+,0.792,MIXED_3+,no,no,no
449,MIXED_3+,0.792,MIXED_3+,no,no,no
450,MIXED_3+,0.792,MIXED_3+,no,no,no
451,TWO_BALL,0.755,TWO_BALL,no,no,no
452,TWO_BALL,0.755,TWO_BALL,no,no,no
453,TWO_BALL,0.755,TWO_BALL,no,no,no
454,TWO_BALL,0.755,TWO_BALL,no,no,no
455,TWO_BALL,0.755,TWO_BALL,no,no,no
456,TWO_BALL,0.755,TWO_BALL,no,no,no
457,TWO_BALL,0.755,TWO_BALL,no,no,no
458,TWO_BALL,0.755,TWO_BALL,no,no,no
459,TWO_BALL,0.755,TWO_BALL,no,no,no
460,TWO_BALL,0.755,TWO_BALL,no,no,no
461,TWO_BALL,0.887,TWO_BALL,no,no,no
462,TWO_BALL,0.887,TWO_BALL,no,no,no
463,TWO_BALL,0.887,TWO_BALL,no,no,no
464,TWO_BALL,0.887,TWO_BALL,no,no,no
465,TWO_BALL,0.887,TWO_BALL,no,no,no
466,TWO_BALL,0.887,TWO_BALL,no,no,no
467,TWO_BALL,0.887,TWO_BALL,no,no,no
468,TWO_BALL,0.887,TWO_BALL,no,no,no
469,TWO_BALL,0.887,TWO_BALL,no,no,no
470,TWO_BALL,0.887,TWO_BALL,no,no,no
471,CASCADE_3+,0.792,CASCADE_3+,no,no,no
472,CASCADE_3+,0.792,CASCADE_3+,no,no,no
473,SINGLE_BALL,0.908,SINGLE_BALL,no,no,no
474,SINGLE_BALL,0.908,SINGLE_BALL,no,no,no
475,SINGLE_BALL,0.908,SINGLE_BALL,no,no,no
476,SINGLE_BALL,0.908,SINGLE_BALL,no,no,no
477,SINGLE_BALL,0.908,SINGLE_BALL,no,no,no
478,SINGLE_BALL,0.908,SINGLE_BALL,no,no,no
479,SINGLE_BALL,0.908,SINGLE_BALL,no,no,no
480,SINGLE_BALL,0.908,SINGLE_BALL,no,no,no
481,SINGLE_BALL,0.908,SINGLE_BALL,no,no,no
482,SINGLE_BALL,0.908,SINGLE_BALL,no,no,no
483,SINGLE_BALL,0.908,SINGLE_BALL,no,no,no
484,SINGLE_BALL,0.908,SINGLE_BALL,no,no,no
485,SINGLE_BALL,0.908,SINGLE_BALL,no,no,no
486,SINGLE_BALL,0.908,SINGLE_BALL,no,no,no
487,SINGLE_BALL,0.908,SINGLE_BALL,no,no,no
488,SINGLE_BALL,0.908,SINGLE_BALL,no,no,no
489,SINGLE_BALL,0.908,SINGLE_BALL,no,no,no
490,SINGLE_BALL,0.908,SINGLE_BALL,no,no,no
491,SINGLE_BALL,0.908,SINGLE_BALL,no,no,no
492,SINGLE_BALL,0.908,SINGLE_BALL,no,no,no
493,SINGLE_BALL,0.908,SINGLE_BALL,no,no,no
494,SINGLE_BALL,0.908,SINGLE_BALL,no,no,no
495,SINGLE_BALL,0.908,SINGLE_BALL,no,no,no
496,SINGLE_BALL,0.908,SINGLE_BALL,no,no,no
497,SINGLE_BALL,0.908,SINGLE_BALL,no,no,no
498,SINGLE_BALL,0.908,SINGLE_BALL,no,no,no
499,SINGLE_BALL,0.908,SINGLE_BALL,no,no,no
500,SINGLE_BALL,0.908,SINGLE_BALL,no,no,no
501,SINGLE_BALL,0.908,SINGLE_BALL,no,no,no
502,SINGLE_BALL,0.908,SINGLE_BALL,no,no,no
503,SINGLE_BALL,0.908,SINGLE_BALL,no,no,no
504,SINGLE_BALL,0.908,SINGLE_BALL,no,no,no
505,SINGLE_BALL,0.908,SINGLE_BALL,no,no,no
506,SINGLE_BALL,0.908,SINGLE_BALL,no,no,no
507,TWO_BALL,0.733,TWO_BALL,no,no,no
508,TWO_BALL,0.733,TWO_BALL,no,no,no
509,TWO_BALL,0.733,TWO_BALL,no,no,no
510,TWO_BALL,0.733,TWO_BALL,no,no,no
511,TWO_BALL,0.733,TWO_BALL,no,no,no
512,TWO_BALL,0.733,TWO_BALL,no,no,no
513,TWO_BALL,0.733,TWO_BALL,no,no,no
514,TWO_BALL,0.733,TWO_BALL,no,no,no
515,TWO_BALL,0.733,TWO_BALL,no,no,no
516,TWO_BALL,0.733,TWO_BALL,no,no,no
517,TWO_BALL,0.733,TWO_BALL,no,no,no
518,TWO_BALL,0.733,TWO_BALL,no,no,no
519,TWO_BALL,0.733,TWO_BALL,no,no,no
520,TWO_BALL,0.733,TWO_BALL,no,no,no
521,TWO_BALL,0.733,TWO_BALL,no,no,no
522,TWO_BALL,0.733,TWO_BALL,no,no,no
533,CASCADE_3+,0.704,CASCADE_3+,no,no,no
534,MIXED_3+,0.704,MIXED_3+,no,no,no
535,SINGLE_BALL,0.908,SINGLE_BALL,no,no,no
536,SINGLE_BALL,0.908,SINGLE_BALL,no,no,no
537,SINGLE_BALL,0.908,SINGLE_BALL,no,no,no
538,SINGLE_BALL,0.908,SINGLE_BALL,no,no,no
539,SINGLE_BALL,0.908,SINGLE_BALL,no,no,no
540,SINGLE_BALL,0.908,SINGLE_BALL,no,no,no
541,SINGLE_BALL,0.908,SINGLE_BALL,no,no,no
542,SINGLE_BALL,0.908,SINGLE_BALL,no,no,no
543,SINGLE_BALL,0.908,SINGLE_BALL,no,no,no
544,SINGLE_BALL,0.908,SINGLE_BALL,no,no,no
545,TWO_BALL,0.776,TWO_BALL,no,no,no
546,TWO_BALL,0.776,TWO_BALL,no,no,no
547,TWO_BALL,0.776,TWO_BALL,no,no,no
548,TWO_BALL,0.776,TWO_BALL,no,no,no
549,MIXED_3+,0.704,MIXED_3+,no,no,no
550,MIXED_3+,0.704,MIXED_3+,no,no,no
551,MIXED_3+,0.704,MIXED_3+,no,no,no
552,MIXED_3+,0.704,MIXED_3+,no,no,no
553,MIXED_3+,0.704,MIXED_3+,no,no,no
554,MIXED_3+,0.704,MIXED_3+,no,no,no
555,MIXED_3+,0.704,MIXED_3+,no,no,no
556,MIXED_3+,0.704,MIXED_3+,no,no,no
557,MIXED_3+,0.704,MIXED_3+,no,no,no
558,MIXED_3+,0.704,MIXED_3+,no,no,no
559,MIXED_3+,0.704,MIXED_3+,no,no,no
560,MIXED_3+,0.704,MIXED_3+,no,no,no
561,MIXED_3+,0.704,MIXED_3+,no,no,no
562,MIXED_3+,0.704,MIXED_3+,no,no,no
563,MIXED_3+,0.704,MIXED_3+,no,no,no
564,MIXED_3+,0.704,MIXED_3+,no,no,no
565,MIXED_3+,0.704,MIXED_3+,no,no,no
566,MIXED_3+,0.704,MIXED_3+,no,no,no
567,MIXED_3+,0.704,MIXED_3+,no,no,no
568,MIXED_3+,0.704,MIXED_3+,no,no,no
569,MIXED_3+,0.704,MIXED_3+,no,no,no
570,MIXED_3+,0.704,MIXED_3+,no,no,no
571,MIXED_3+,0.704,MIXED_3+,no,no,no
572,MIXED_3+,0.704,MIXED_3+,no,no,no
573,MIXED_3+,0.704,MIXED_3+,no,no,no
574,MIXED_3+,0.704,MIXED_3+,no,no,no
575,MIXED_3+,0.704,MIXED_3+,no,no,no
576,MIXED_3+,0.704,MIXED_3+,no,no,no
577,MIXED_3+,0.704,MIXED_3+,no,no,no
578,MIXED_3+,0.704,MIXED_3+,no,no,no
579,TWO_BALL,0.602,TWO_BALL,no,no,no
580,TWO_BALL,0.602,TWO_BALL,no,no,no
581,TWO_BALL,0.602,TWO_BALL,no,no,no
582,TWO_BALL,0.602,TWO_BALL,no,no,no
583,SINGLE_BALL,0.645,SINGLE_BALL,no,no,no
584,SINGLE_BALL,0.645,SINGLE_BALL,no,no,no
585,SINGLE_BALL,0.645,SINGLE_BALL,no,no,no
586,SINGLE_BALL,0.645,SINGLE_BALL,no,no,no
587,SINGLE_BALL,0.645,SINGLE_BALL,no,no,no
588,SINGLE_BALL,0.645,SINGLE_BALL,no,no,no
589,SINGLE_BALL,0.645,SINGLE_BALL,no,no,no
590,SINGLE_BALL,0.645,SINGLE_BALL,no,no,no
591,TWO_BALL,0.602,TWO_BALL,no,no,no
592,TWO_BALL,0.602,TWO_BALL,no,no,no
593,MIXED_3+,0.696,MIXED_3+,no,no,no
594,MIXED_3+,0.696,MIXED_3+,no,no,no
595,MIXED_3+,0.696,MIXED_3+,no,no,no
596,MIXED_3+,0.696,MIXED_3+,no,no,no
597,MIXED_3+,0.696,MIXED_3+,no,no,no
598,MIXED_3+,0.696,MIXED_3+,no,no,no
599,TWO_BALL,0.602,TWO_BALL,no,no,no
600,TWO_BALL,0.602,TWO_BALL,no,no,no
601,TWO_BALL,0.602,TWO_BALL,no,no,no
602,TWO_BALL,0.602,TWO_BALL,no,no,no
603,TWO_BALL,0.602,TWO_BALL,no,no,no
604,TWO_BALL,0.602,TWO_BALL,no,no,no
605,TWO_BALL,0.602,TWO_BALL,no,no,no
606,TWO_BALL,0.602,TWO_BALL,no,no,no
607,TWO_BALL,0.602,TWO_BALL,no,no,no
608,TWO_BALL,0.602,TWO_BALL,no,no,no
609,SINGLE_BALL,0.645,SINGLE_BALL,no,no,no
610,SINGLE_BALL,0.645,SINGLE_BALL,no,no,no
611,SINGLE_BALL,0.645,SINGLE_BALL,no,no,no
612,SINGLE_BALL,0.645,SINGLE_BALL,no,no,no
613,SINGLE_BALL,0.645,SINGLE_BALL,no,no,no
614,SINGLE_BALL,0.645,SINGLE_BALL,no,no,no
615,SINGLE_BALL,0.645,SINGLE_BALL,no,no,no
616,SINGLE_BALL,0.645,SINGLE_BALL,no,no,no
617,SINGLE_BALL,0.645,SINGLE_BALL,no,no,no
618,SINGLE_BALL,0.645,SINGLE_BALL,no,no,no
619,SINGLE_BALL,0.645,SINGLE_BALL,no,no,no
620,SINGLE_BALL,0.645,SINGLE_BALL,no,no,no
621,TWO_BALL,0.602,TWO_BALL,no,no,no
622,TWO_BALL,0.602,TWO_BALL,no,no,no
623,TWO_BALL,0.792,TWO_BALL,no,no,no
624,TWO_BALL,0.792,TWO_BALL,no,no,no
625,TWO_BALL,0.792,TWO_BALL,no,no,no
626,TWO_BALL,0.792,TWO_BALL,no,no,no
627,TWO_BALL,0.792,TWO_BALL,no,no,no
628,TWO_BALL,0.792,TWO_BALL,no,no,no
629,TWO_BALL,0.792,TWO_BALL,no,no,no
630,TWO_BALL,0.792,TWO_BALL,no,no,no
631,FOUNTAIN_3+,0.714,FOUNTAIN_3+,no,no,no
632,FOUNTAIN_3+,0.714,FOUNTAIN_3+,no,no,no
633,FOUNTAIN_3+,0.714,FOUNTAIN_3+,no,no,no
634,FOUNTAIN_3+,0.714,FOUNTAIN_3+,no,no,no
635,FOUNTAIN_3+,0.714,FOUNTAIN_3+,no,no,no
636,FOUNTAIN_3+,0.714,FOUNTAIN_3+,no,no,no
637,FOUNTAIN_3+,0.714,FOUNTAIN_3+,no,no,no
638,FOUNTAIN_3+,0.714,FOUNTAIN_3+,no,no,no
639,FOUNTAIN_3+,0.714,FOUNTAIN_3+,no,no,no
640,FOUNTAIN_3+,0.714,FOUNTAIN_3+,no,no,no
641,FOUNTAIN_3+,0.714,FOUNTAIN_3+,no,no,no
642,FOUNTAIN_3+,0.714,FOUNTAIN_3+,no,no,no
643,FOUNTAIN_3+,0.714,FOUNTAIN_3+,no,no,no
644,FOUNTAIN_3+,0.714,FOUNTAIN_3+,no,no,no
645,FOUNTAIN_3+,0.714,FOUNTAIN_3+,no,no,no
646,FOUNTAIN_3+,0.714,FOUNTAIN_3+,no,no,no
647,FOUNTAIN_3+,0.714,FOUNTAIN_3+,no,no,no
648,FOUNTAIN_3+,0.714,FOUNTAIN_3+,no,no,no
649,FOUNTAIN_3+,0.714,FOUNTAIN_3+,no,no,no
650,FOUNTAIN_3+,0.714,FOUNTAIN_3+,no,no,no
651,FOUNTAIN_3+,0.714,FOUNTAIN_3+,no,no,no
652,FOUNTAIN_3+,0.714,FOUNTAIN_3+,no,no,no
653,FOUNTAIN_3+,0.714,FOUNTAIN_3+,no,no,no
654,FOUNTAIN_3+,0.714,FOUNTAIN_3+,no,no,no
655,FOUNTAIN_3+,0.714,FOUNTAIN_3+,no,no,no
656,FOUNTAIN_3+,0.714,FOUNTAIN_3+,no,no,no
657,FOUNTAIN_3+,0.714,FOUNTAIN_3+,no,no,no
658,FOUNTAIN_3+,0.714,FOUNTAIN_3+,no,no,no
659,FOUNTAIN_3+,0.714,FOUNTAIN_3+,no,no,no
660,FOUNTAIN_3+,0.714,FOUNTAIN_3+,no,no,no
661,FOUNTAIN_3+,0.714,FOUNTAIN_3+,no,no,no
662,FOUNTAIN_3+,0.714,FOUNTAIN_3+,no,no,no
663,FOUNTAIN_3+,0.714,FOUNTAIN_3+,no,no,no
664,FOUNTAIN_3+,0.714,FOUNTAIN_3+,no,no,no
665,FOUNTAIN_3+,0.714,FOUNTAIN_3+,no,no,no
666,FOUNTAIN_3+,0.714,FOUNTAIN_3+,no,no,no
667,FOUNTAIN_3+,0.714,FOUNTAIN_3+,no,no,no
668,FOUNTAIN_3+,0.714,FOUNTAIN_3+,no,no,no
669,FOUNTAIN_3+,0.714,FOUNTAIN_3+,no,no,no
670,MIXED_3+,0.714,MIXED_3+,no,no,no
671,TWO_BALL,0.792,TWO_BALL,no,no,no
672,TWO_BALL,0.792,TWO_BALL,no,no,no
673,TWO_BALL,0.792,TWO_BALL,no,no,no
674,TWO_BALL,0.792,TWO_BALL,no,no,no
675,TWO_BALL,0.792,TWO_BALL,no,no,no
676,TWO_BALL,0.792,TWO_BALL,no,no,no
677,SINGLE_BALL,0.938,SINGLE_BALL,no,no,no
678,SINGLE_BALL,0.938,SINGLE_BALL,no,no,no
679,TWO_BALL,0.748,TWO_BALL,no,no,no
680,TWO_BALL,0.748,TWO_BALL,no,no,no
681,TWO_BALL,0.748,TWO_BALL,no,no,no
682,TWO_BALL,0.748,TWO_BALL,no,no,no
683,TWO_BALL,0.748,TWO_BALL,no,no,no
684,TWO_BALL,0.748,TWO_BALL,no,no,no
685,CASCADE_3+,0.714,CASCADE_3+,no,no,no
686,CASCADE_3+,0.714,CASCADE_3+,no,no,no
687,CASCADE_3+,0.714,CASCADE_3+,no,no,no
688,CASCADE_3+,0.714,CASCADE_3+,no,no,no
689,CASCADE_3+,0.714,CASCADE_3+,no,no,no
690,CASCADE_3+,0.714,CASCADE_3+,no,no,no
691,CASCADE_3+,0.785,CASCADE_3+,no,no,no
692,CASCADE_3+,0.785,CASCADE_3+,no,no,no
693,CASCADE_3+,0.785,CASCADE_3+,no,no,no
694,CASCADE_3+,0.785,CASCADE_3+,no,no,no
695,CASCADE_3+,0.785,CASCADE_3+,no,no,no
696,CASCADE_3+,0.785,CASCADE_3+,no,no,no
697,CASCADE_3+,0.828,CASCADE_3+,no,no,no
698,CASCADE_3+,0.785,CASCADE_3+,no,no,no
699,CASCADE_3+,0.785,CASCADE_3+,no,no,no
700,CASCADE_3+,0.785,CASCADE_3+,no,no,no
701,CASCADE_3+,0.714,CASCADE_3+,no,no,no
702,CASCADE_3+,0.714,CASCADE_3+,no,no,no
703,CASCADE_3+,0.714,CASCADE_3+,no,no,no
704,CASCADE_3+,0.714,CASCADE_3+,no,no,no
705,CASCADE_3+,0.714,CASCADE_3+,no,no,no
706,CASCADE_3+,0.714,CASCADE_3+,no,no,no
707,CASCADE_3+,0.714,CASCADE_3+,no,no,no
708,CASCADE_3+,0.714,CASCADE_3+,no,no,no
709,CASCADE_3+,0.714,CASCADE_3+,no,no,no
710,CASCADE_3+,0.714,CASCADE_3+,no,no,no
711,CASCADE_3+,0.714,CASCADE_3+,no,no,no
712,CASCADE_3+,0.714,CASCADE_3+,no,no,no
713,CASCADE_3+,0.714,CASCADE_3+,no,no,no
714,CASCADE_3+,0.714,CASCADE_3+,no,no,no
715,CASCADE_3+,0.714,CASCADE_3+,no,no,no
716,CASCADE_3+,0.714,CASCADE_3+,no,no,no
717,TWO_BALL,0.792,TWO_BALL,no,no,no
718,TWO_BALL,0.792,TWO_BALL,no,no,no
719,TWO_BALL,0.792,TWO_BALL,no,no,no
720,TWO_BALL,0.792,TWO_BALL,no,no,no
721,TWO_BALL,0.792,TWO_BALL,no,no,no
722,TWO_BALL,0.792,TWO_BALL,no,no,no
723,TWO_BALL,0.792,TWO_BALL,no,no,no
724,TWO_BALL,0.792,TWO_BALL,no,no,no
725,TWO_BALL,0.792,TWO_BALL,no,no,no
726,TWO_BALL,0.792,TWO_BALL,no,no,no
727,TWO_BALL,0.792,TWO_BALL,no,no,no
728,TWO_BALL,0.792,TWO_BALL,no,no,no
729,TWO_BALL,0.792,TWO_BALL,no,no,no
730,TWO_BALL,0.792,TWO_BALL,no,no,no
731,TWO_BALL,0.792,TWO_BALL,no,no,no
732,TWO_BALL,0.792,TWO_BALL,no,no,no
733,CASCADE_3+,0.751,CASCADE_3+,no,no,no
734,CASCADE_3+,0.751,CASCADE_3+,no,no,no
735,CASCADE_3+,0.751,CASCADE_3+,no,no,no
736,CASCADE_3+,0.751,CASCADE_3+,no,no,no
737,CASCADE_3+,0.751,CASCADE_3+,no,no,no
738,CASCADE_3+,0.751,CASCADE_3+,no,no,no
739,CASCADE_3+,0.751,CASCADE_3+,no,no,no
740,CASCADE_3+,0.751,CASCADE_3+,no,no,no
741,CASCADE_3+,0.751,CASCADE_3+,no,no,no
742,CASCADE_3+,0.751,CASCADE_3+,no,no,no
743,CASCADE_3+,0.751,CASCADE_3+,no,no,no
744,CASCADE_3+,0.751,CASCADE_3+,no,no,no
745,CASCADE_3+,0.751,CASCADE_3+,no,no,no
746,CASCADE_3+,0.751,CASCADE_3+,no,no,no
747,CASCADE_3+,0.751,CASCADE_3+,no,no,no
748,CASCADE_3+,0.751,CASCADE_3+,no,no,no
749,CASCADE_3+,0.751,CASCADE_3+,no,no,no
750,CASCADE_3+,0.751,CASCADE_3+,no,no,no
751,CASCADE_3+,0.751,CASCADE_3+,no,no,no
752,CASCADE_3+,0.751,CASCADE_3+,no,no,no
753,CASCADE_3+,0.751,CASCADE_3+,no,no,no
754,CASCADE_3+,0.751,CASCADE_3+,no,no,no
755,CASCADE_3+,0.751,CASCADE_3+,no,no,no
756,CASCADE_3+,0.751,CASCADE_3+,no,no,no
757,CASCADE_3+,0.751,CASCADE_3+,no,no,no
758,CASCADE_3+,0.751,CASCADE_3+,no,no,no
759,CASCADE_3+,0.751,CASCADE_3+,no,no,no
760,CASCADE_3+,0.751,CASCADE_3+,no,no,no
761,CASCADE_3+,0.751,CASCADE_3+,no,no,no
762,CASCADE_3+,0.751,CASCADE_3+,no,no,no
763,CASCADE_3+,0.751,CASCADE_3+,no,no,no
764,CASCADE_3+,0.751,CASCADE_3+,no,no,no
765,CASCADE_3+,0.745,CASCADE_3+,no,no,no
766,CASCADE_3+,0.745,CASCADE_3+,no,no,no
767,TWO_BALL,0.803,TWO_BALL,no,no,no
768,TWO_BALL,0.803,TWO_BALL,no,no,no
769,TWO_BALL,0.803,TWO_BALL,no,no,no
770,TWO_BALL,0.803,TWO_BALL,no,no,no
771,TWO_BALL,0.803,TWO_BALL,no,no,no
772,TWO_BALL,0.803,TWO_BALL,no,no,no
773,TWO_BALL,0.803,TWO_BALL,no,no,no
774,TWO_BALL,0.803,TWO_BALL,no,no,no
775,CASCADE_3+,0.778,CASCADE_3+,no,no,no
776,CASCADE_3+,0.778,CASCADE_3+,no,no,no
777,CASCADE_3+,0.778,CASCADE_3+,no,no,no
778,CASCADE_3+,0.778,CASCADE_3+,no,no,no
779,CASCADE_3+,0.778,CASCADE_3+,no,no,no
780,MIXED_3+,0.778,MIXED_3+,no,no,no
781,SINGLE_BALL,0.668,SINGLE_BALL,no,no,no
782,SINGLE_BALL,0.668,SINGLE_BALL,no,no,no
783,SINGLE_BALL,0.668,SINGLE_BALL,no,no,no
784,SINGLE_BALL,0.668,SINGLE_BALL,no,no,no
785,SINGLE_BALL,0.668,SINGLE_BALL,no,no,no
786,SINGLE_BALL,0.668,SINGLE_BALL,no,no,no
787,SINGLE_BALL,0.668,SINGLE_BALL,no,no,no
788,SINGLE_BALL,0.668,SINGLE_BALL,no,no,no
789,SINGLE_BALL,0.668,SINGLE_BALL,no,no,no
790,SINGLE_BALL,0.668,SINGLE_BALL,no,no,no
791,TWO_BALL,0.537,TWO_BALL,no,no,no
792,TWO_BALL,0.537,TWO_BALL,no,no,no
793,TWO_BALL,0.537,TWO_BALL,no,no,no
794,TWO_BALL,0.537,TWO_BALL,no,no,no
795,TWO_BALL,0.537,TWO_BALL,no,no,no
796,TWO_BALL,0.537,TWO_BALL,no,no,no
797,MIXED_3+,0.600,MIXED_3+,no,no,no
798,MIXED_3+,0.600,MIXED_3+,no,no,no
799,MIXED_3+,0.600,MIXED_3+,no,no,no
800,MIXED_3+,0.600,MIXED_3+,no,no,no
801,MIXED_3+,0.600,MIXED_3+,no,no,no
802,MIXED_3+,0.600,MIXED_3+,no,no,no
803,MIXED_3+,0.600,MIXED_3+,no,no,no
804,MIXED_3+,0.600,MIXED_3+,no,no,no
805,MIXED_3+,0.600,MIXED_3+,no,no,no
806,TWO_BALL,0.566,TWO_BALL,no,no,no
807,TWO_BALL,0.566,TWO_BALL,no,no,no
808,TWO_BALL,0.566,TWO_BALL,no,no,no
809,TWO_BALL,0.566,TWO_BALL,no,no,no
810,TWO_BALL,0.566,TWO_BALL,no,no,no
811,MIXED_3+,0.600,MIXED_3+,no,no,no
812,TWO_BALL,0.566,TWO_BALL,no,no,no
813,TWO_BALL,0.566,TWO_BALL,no,no,no
814,MIXED_3+,0.711,MIXED_3+,no,no,no
815,MIXED_3+,0.711,MIXED_3+,no,no,no
816,MIXED_3+,0.711,MIXED_3+,no,no,no
817,MIXED_3+,0.711,MIXED_3+,no,no,no
818,MIXED_3+,0.711,MIXED_3+,no,no,no
819,MIXED_3+,0.711,MIXED_3+,no,no,no
820,MIXED_3+,0.711,MIXED_3+,no,no,no
821,MIXED_3+,0.711,MIXED_3+,no,no,no
822,MIXED_3+,0.711,MIXED_3+,no,no,no
823,MIXED_3+,0.711,MIXED_3+,no,no,no
824,MIXED_3+,0.711,MIXED_3+,no,no,no
825,MIXED_3+,0.711,MIXED_3+,no,no,no
826,MIXED_3+,0.711,MIXED_3+,no,no,no
827,MIXED_3+,0.711,MIXED_3+,no,no,no
828,MIXED_3+,0.711,MIXED_3+,no,no,no
829,MIXED_3+,0.711,MIXED_3+,no,no,no
830,TWO_BALL_ONE_HAND,0.566,TWO_BALL_ONE_HAND,no,no,no
831,SINGLE_BALL,0.405,SINGLE_BALL,no,no,no
832,SINGLE_BALL,0.405,SINGLE_BALL,no,no,no
833,SINGLE_BALL,0.405,SINGLE_BALL,no,no,no
834,SINGLE_BALL,0.405,SINGLE_BALL,no,no,no
835,SINGLE_BALL,0.405,SINGLE_BALL,no,no,no
836,SINGLE_BALL,0.405,SINGLE_BALL,no,no,no
837,SINGLE_BALL,0.405,SINGLE_BALL,no,no,no
838,SINGLE_BALL,0.405,SINGLE_BALL,no,no,no
839,TWO_BALL_ONE_HAND,0.675,TWO_BALL_ONE_HAND,no,no,no
840,SINGLE_BALL,0.944,SINGLE_BALL,no,no,no
841,SINGLE_BALL,0.944,SINGLE_BALL,no,no,no
842,SINGLE_BALL,0.944,SINGLE_BALL,no,no,no
843,SINGLE_BALL,0.944,SINGLE_BALL,no,no,no
844,SINGLE_BALL,0.944,SINGLE_BALL,no,no,no
845,SINGLE_BALL,0.944,SINGLE_BALL,no,no,no
846,SINGLE_BALL,0.944,SINGLE_BALL,no,no,no
847,SINGLE_BALL,0.944,SINGLE_BALL,no,no,no
848,SINGLE_BALL,0.944,SINGLE_BALL,no,no,no
849,SINGLE_BALL,0.944,SINGLE_BALL,no,no,no
850,SINGLE_BALL,0.944,SINGLE_BALL,no,no,no
851,SINGLE_BALL,0.944,SINGLE_BALL,no,no,no
852,SINGLE_BALL,0.944,SINGLE_BALL,no,no,no
853,SINGLE_BALL,0.944,SINGLE_BALL,no,no,no
854,SINGLE_BALL,0.944,SINGLE_BALL,no,no,no
855,TWO_BALL,0.972,TWO_BALL,no,no,no
856,FOUNTAIN_3+,0.890,FOUNTAIN_3+,no,no,no
857,TWO_BALL,0.835,TWO_BALL,no,no,no
858,TWO_BALL,0.835,TWO_BALL,no,no,no
859,TWO_BALL,0.835,TWO_BALL,no,no,no
860,FOUNTAIN_3+,0.692,FOUNTAIN_3+,no,no,no
861,FOUNTAIN_3+,0.692,FOUNTAIN_3+,no,no,no
862,FOUNTAIN_3+,0.692,FOUNTAIN_3+,no,no,no
863,FOUNTAIN_3+,0.692,FOUNTAIN_3+,no,no,no
864,FOUNTAIN_3+,0.692,FOUNTAIN_3+,no,no,no
865,FOUNTAIN_3+,0.692,FOUNTAIN_3+,no,no,no
866,FOUNTAIN_3+,0.692,FOUNTAIN_3+,no,no,no
867,FOUNTAIN_3+,0.692,FOUNTAIN_3+,no,no,no
868,FOUNTAIN_3+,0.692,FOUNTAIN_3+,no,no,no
869,FOUNTAIN_3+,0.692,FOUNTAIN_3+,no,no,no
870,FOUNTAIN_3+,0.692,FOUNTAIN_3+,no,no,no
871,FOUNTAIN_3+,0.692,FOUNTAIN_3+,no,no,no
872,FOUNTAIN_3+,0.692,FOUNTAIN_3+,no,no,no
873,TWO_BALL,0.675,TWO_BALL,no,no,no
874,TWO_BALL,0.675,TWO_BALL,no,no,no
875,TWO_BALL,0.675,TWO_BALL,no,no,no
876,TWO_BALL,0.675,TWO_BALL,no,no,no
877,TWO_BALL,0.675,TWO_BALL,no,no,no
878,TWO_BALL,0.675,TWO_BALL,no,no,no
879,TWO_BALL,0.675,TWO_BALL,no,no,no
880,TWO_BALL,0.675,TWO_BALL,no,no,no
881,SINGLE_BALL,0.405,SINGLE_BALL,no,no,no
882,SINGLE_BALL,0.405,SINGLE_BALL,no,no,no
883,TWO_BALL,0.703,TWO_BALL,no,no,no
884,TWO_BALL,0.703,TWO_BALL,no,no,no
885,FOUNTAIN_3+,0.662,FOUNTAIN_3+,no,no,no
886,TWO_BALL,0.493,TWO_BALL,no,no,no
887,TWO_BALL,0.493,TWO_BALL,no,no,no
888,TWO_BALL,0.493,TWO_BALL,no,no,no
889,TWO_BALL,0.493,TWO_BALL,no,no,no
890,FOUNTAIN_3+,0.571,FOUNTAIN_3+,no,no,no
891,FOUNTAIN_3+,0.571,FOUNTAIN_3+,no,no,no
892,FOUNTAIN_3+,0.571,FOUNTAIN_3+,no,no,no
893,FOUNTAIN_3+,0.571,FOUNTAIN_3+,no,no,no
894,FOUNTAIN_3+,0.571,FOUNTAIN_3+,no,no,no
895,FOUNTAIN_3+,0.571,FOUNTAIN_3+,no,no,no
896,FOUNTAIN_3+,0.571,FOUNTAIN_3+,no,no,no
897,FOUNTAIN_3+,0.571,FOUNTAIN_3+,no,no,no
898,FOUNTAIN_3+,0.571,FOUNTAIN_3+,no,no,no
899,FOUNTAIN_3+,0.571,FOUNTAIN_3+,no,no,no
900,FOUNTAIN_3+,0.571,FOUNTAIN_3+,no,no,no
901,FOUNTAIN_3+,0.571,FOUNTAIN_3+,no,no,no
902,FOUNTAIN_3+,0.571,FOUNTAIN_3+,no,no,no
903,FOUNTAIN_3+,0.571,FOUNTAIN_3+,no,no,no
904,FOUNTAIN_3+,0.571,FOUNTAIN_3+,no,no,no
905,FOUNTAIN_3+,0.571,FOUNTAIN_3+,no,no,no
906,FOUNTAIN_3+,0.571,FOUNTAIN_3+,no,no,no
907,FOUNTAIN_3+,0.571,FOUNTAIN_3+,no,no,no
908,FOUNTAIN_3+,0.571,FOUNTAIN_3+,no,no,no
909,FOUNTAIN_3+,0.571,FOUNTAIN_3+,no,no,no
910,FOUNTAIN_3+,0.571,FOUNTAIN_3+,no,no,no
911,FOUNTAIN_3+,0.571,FOUNTAIN_3+,no,no,no
912,FOUNTAIN_3+,0.571,FOUNTAIN_3+,no,no,no
913,FOUNTAIN_3+,0.571,FOUNTAIN_3+,no,no,no
914,FOUNTAIN_3+,0.571,FOUNTAIN_3+,no,no,no
915,FOUNTAIN_3+,0.571,FOUNTAIN_3+,no,no,no
916,FOUNTAIN_3+,0.571,FOUNTAIN_3+,no,no,no
917,FOUNTAIN_3+,0.571,FOUNTAIN_3+,no,no,no
918,FOUNTAIN_3+,0.571,FOUNTAIN_3+,no,no,no
919,FOUNTAIN_3+,0.571,FOUNTAIN_3+,no,no,no
920,FOUNTAIN_3+,0.571,FOUNTAIN_3+,no,no,no
921,FOUNTAIN_3+,0.571,FOUNTAIN_3+,no,no,no
922,FOUNTAIN_3+,0.571,FOUNTAIN_3+,no,no,no
923,FOUNTAIN_3+,0.571,FOUNTAIN_3+,no,no,no
924,FOUNTAIN_3+,0.571,FOUNTAIN_3+,no,no,no
925,FOUNTAIN_3+,0.571,FOUNTAIN_3+,no,no,no
926,FOUNTAIN_3+,0.571,FOUNTAIN_3+,no,no,no
927,FOUNTAIN_3+,0.571,FOUNTAIN_3+,no,no,no
928,FOUNTAIN_3+,0.571,FOUNTAIN_3+,no,no,no
929,FOUNTAIN_3+,0.571,FOUNTAIN_3+,no,no,no
930,FOUNTAIN_3+,0.571,FOUNTAIN_3+,no,no,no
931,FOUNTAIN_3+,0.571,FOUNTAIN_3+,no,no,no
932,FOUNTAIN_3+,0.571,FOUNTAIN_3+,no,no,no
933,FOUNTAIN_3+,0.571,FOUNTAIN_3+,no,no,no
934,FOUNTAIN_3+,0.571,FOUNTAIN_3+,no,no,no
935,FOUNTAIN_3+,0.571,FOUNTAIN_3+,no,no,no
936,FOUNTAIN_3+,0.571,FOUNTAIN_3+,no,no,no
937,TWO_BALL,0.653,TWO_BALL,no,no,no
938,TWO_BALL,0.653,TWO_BALL,no,no,no
939,TWO_BALL,0.653,TWO_BALL,no,no,no
940,TWO_BALL,0.653,TWO_BALL,no,no,no
941,TWO_BALL,0.653,TWO_BALL,no,no,no
942,TWO_BALL,0.653,TWO_BALL,no,no,no
943,TWO_BALL,0.653,TWO_BALL,no,no,no
944,FOUNTAIN_3+,0.571,FOUNTAIN_3+,no,no,no
945,FOUNTAIN_3+,0.571,FOUNTAIN_3+,no,no,no
946,TWO_BALL,0.493,TWO_BALL,no,no,no
947,TWO_BALL,0.493,TWO_BALL,no,no,no
948,TWO_BALL,0.493,TWO_BALL,no,no,no
949,SINGLE_BALL,0.405,SINGLE_BALL,no,no,no
950,SINGLE_BALL,0.405,SINGLE_BALL,no,no,no
951,SINGLE_BALL,0.405,SINGLE_BALL,no,no,no
952,SINGLE_BALL,0.405,SINGLE_BALL,no,no,no
953,SINGLE_BALL,0.405,SINGLE_BALL,no,no,no
954,SINGLE_BALL,0.405,SINGLE_BALL,no,no,no
955,SINGLE_BALL,0.405,SINGLE_BALL,no,no,no
956,TWO_BALL,0.703,TWO_BALL,no,no,no
957,FOUNTAIN_3+,0.662,FOUNTAIN_3+,no,no,no
958,FOUNTAIN_3+,0.662,FOUNTAIN_3+,no,no,no
959,FOUNTAIN_3+,0.662,FOUNTAIN_3+,no,no,no
960,FOUNTAIN_3+,0.662,FOUNTAIN_3+,no,no,no
961,FOUNTAIN_3+,0.662,FOUNTAIN_3+,no,no,no
962,FOUNTAIN_3+,0.662,FOUNTAIN_3+,no,no,no
963,FOUNTAIN_3+,0.662,FOUNTAIN_3+,no,no,no
964,FOUNTAIN_3+,0.662,FOUNTAIN_3+,no,no,no
965,TWO_BALL,0.790,TWO_BALL,no,no,no
966,SINGLE_BALL,1.000,SINGLE_BALL,no,no,no
967,SINGLE_BALL,1.000,SINGLE_BALL,no,no,no
968,TWO_BALL,0.662,TWO_BALL,no,no,no
969,TWO_BALL,0.662,TWO_BALL,no,no,no
970,FOUNTAIN_3+,0.576,FOUNTAIN_3+,no,no,no
971,TWO_BALL,0.364,TWO_BALL,no,no,no
972,TWO_BALL,0.364,TWO_BALL,no,no,no
973,TWO_BALL,0.364,TWO_BALL,no,no,no
974,TWO_BALL,0.364,TWO_BALL,no,no,no
975,TWO_BALL,0.364,TWO_BALL,no,no,no
976,TWO_BALL,0.364,TWO_BALL,no,no,no
977,FOUNTAIN_3+,0.565,FOUNTAIN_LOW_CONF,no,yes,yes
978,FOUNTAIN_3+,0.565,FOUNTAIN_LOW_CONF,no,yes,yes
979,FOUNTAIN_3+,0.565,FOUNTAIN_LOW_CONF,no,yes,yes
980,FOUNTAIN_3+,0.565,FOUNTAIN_LOW_CONF,no,yes,yes
981,FOUNTAIN_3+,0.565,FOUNTAIN_LOW_CONF,no,yes,yes
982,FOUNTAIN_3+,0.565,FOUNTAIN_LOW_CONF,no,yes,yes
983,FOUNTAIN_3+,0.565,FOUNTAIN_LOW_CONF,no,yes,yes
984,FOUNTAIN_3+,0.565,FOUNTAIN_LOW_CONF,no,yes,yes
985,FOUNTAIN_3+,0.565,FOUNTAIN_LOW_CONF,no,yes,yes
986,FOUNTAIN_3+,0.565,FOUNTAIN_LOW_CONF,no,yes,yes
987,FOUNTAIN_3+,0.565,FOUNTAIN_LOW_CONF,no,yes,yes
988,FOUNTAIN_3+,0.565,FOUNTAIN_LOW_CONF,no,yes,yes
989,FOUNTAIN_3+,0.565,FOUNTAIN_LOW_CONF,no,yes,yes
990,FOUNTAIN_3+,0.565,FOUNTAIN_LOW_CONF,no,yes,yes
991,FOUNTAIN_3+,0.565,FOUNTAIN_LOW_CONF,no,yes,yes
992,FOUNTAIN_3+,0.565,FOUNTAIN_LOW_CONF,no,yes,yes
993,FOUNTAIN_3+,0.565,FOUNTAIN_LOW_CONF,no,yes,yes
994,FOUNTAIN_3+,0.565,FOUNTAIN_LOW_CONF,no,yes,yes
995,FOUNTAIN_3+,0.565,FOUNTAIN_LOW_CONF,no,yes,yes
996,FOUNTAIN_3+,0.565,FOUNTAIN_LOW_CONF,no,yes,yes
997,FOUNTAIN_3+,0.565,FOUNTAIN_LOW_CONF,no,yes,yes
998,FOUNTAIN_3+,0.565,FOUNTAIN_LOW_CONF,no,yes,yes
999,FOUNTAIN_3+,0.565,FOUNTAIN_LOW_CONF,no,yes,yes
1000,FOUNTAIN_3+,0.565,FOUNTAIN_LOW_CONF,no,yes,yes
1001,FOUNTAIN_3+,0.565,FOUNTAIN_LOW_CONF,no,yes,yes
1002,FOUNTAIN_3+,0.565,FOUNTAIN_LOW_CONF,no,yes,yes
1003,FOUNTAIN_3+,0.565,FOUNTAIN_LOW_CONF,no,yes,yes
1004,FOUNTAIN_3+,0.565,FOUNTAIN_LOW_CONF,no,yes,yes
1005,FOUNTAIN_3+,0.565,FOUNTAIN_LOW_CONF,no,yes,yes
1006,FOUNTAIN_3+,0.565,FOUNTAIN_LOW_CONF,no,yes,yes
1007,FOUNTAIN_3+,0.565,FOUNTAIN_LOW_CONF,no,yes,yes
1008,FOUNTAIN_3+,0.565,FOUNTAIN_LOW_CONF,no,yes,yes
1009,FOUNTAIN_3+,0.565,FOUNTAIN_LOW_CONF,no,yes,yes
1010,FOUNTAIN_3+,0.565,FOUNTAIN_LOW_CONF,no,yes,yes
1011,FOUNTAIN_3+,0.565,FOUNTAIN_LOW_CONF,no,yes,yes
1012,TWO_BALL,0.364,TWO_BALL,no,no,no
1013,TWO_BALL,0.364,TWO_BALL,no,no,no
1014,TWO_BALL,0.364,TWO_BALL,no,no,no
1015,TWO_BALL_ONE_HAND,0.364,TWO_BALL_ONE_HAND,no,no,no
1016,SINGLE_BALL,0.324,SINGLE_BALL,no,no,no
1017,SINGLE_BALL,0.324,SINGLE_BALL,no,no,no
1018,SINGLE_BALL,0.324,SINGLE_BALL,no,no,no
1019,SINGLE_BALL,0.324,SINGLE_BALL,no,no,no
1020,SINGLE_BALL,0.324,SINGLE_BALL,no,no,no
1029,FOUNTAIN_3+,0.463,FOUNTAIN_LOW_CONF,yes,yes,yes
1030,FOUNTAIN_3+,0.463,FOUNTAIN_LOW_CONF,yes,yes,yes
1031,FOUNTAIN_3+,0.463,FOUNTAIN_LOW_CONF,yes,yes,yes
1032,FOUNTAIN_3+,0.463,FOUNTAIN_LOW_CONF,yes,yes,yes
1033,FOUNTAIN_3+,0.463,FOUNTAIN_LOW_CONF,yes,yes,yes
1034,FOUNTAIN_3+,0.463,FOUNTAIN_LOW_CONF,yes,yes,yes
1035,FOUNTAIN_3+,0.463,FOUNTAIN_LOW_CONF,yes,yes,yes
1036,FOUNTAIN_3+,0.463,FOUNTAIN_LOW_CONF,yes,yes,yes
1037,FOUNTAIN_3+,0.463,FOUNTAIN_LOW_CONF,yes,yes,yes
1038,FOUNTAIN_3+,0.463,FOUNTAIN_LOW_CONF,yes,yes,yes
1039,FOUNTAIN_3+,0.463,FOUNTAIN_LOW_CONF,yes,yes,yes
1040,FOUNTAIN_3+,0.463,FOUNTAIN_LOW_CONF,yes,yes,yes
1041,FOUNTAIN_3+,0.463,FOUNTAIN_LOW_CONF,yes,yes,yes
1042,FOUNTAIN_3+,0.463,FOUNTAIN_LOW_CONF,yes,yes,yes
1043,FOUNTAIN_3+,0.463,FOUNTAIN_LOW_CONF,yes,yes,yes
1044,FOUNTAIN_3+,0.463,FOUNTAIN_LOW_CONF,yes,yes,yes
1045,FOUNTAIN_3+,0.463,FOUNTAIN_LOW_CONF,yes,yes,yes
1046,FOUNTAIN_3+,0.463,FOUNTAIN_LOW_CONF,yes,yes,yes
1047,FOUNTAIN_3+,0.463,FOUNTAIN_LOW_CONF,yes,yes,yes
1048,FOUNTAIN_3+,0.463,FOUNTAIN_LOW_CONF,yes,yes,yes
1049,FOUNTAIN_3+,0.463,FOUNTAIN_LOW_CONF,yes,yes,yes
1050,CASCADE_3+,0.463,CASCADE_3+,no,no,no
1051,TWO_BALL_ONE_HAND,0.533,TWO_BALL_ONE_HAND,no,no,no
1052,TWO_BALL_ONE_HAND,0.533,TWO_BALL_ONE_HAND,no,no,no
1053,TWO_BALL_ONE_HAND,0.533,TWO_BALL_ONE_HAND,no,no,no
1054,TWO_BALL_ONE_HAND,0.533,TWO_BALL_ONE_HAND,no,no,no
1055,TWO_BALL,0.533,TWO_BALL,no,no,no
1056,MIXED_3+,0.463,MIXED_3+,no,no,no
1057,MIXED_3+,0.463,MIXED_3+,no,no,no
1058,MIXED_3+,0.463,MIXED_3+,no,no,no
1059,MIXED_3+,0.463,MIXED_3+,no,no,no
1060,MIXED_3+,0.463,MIXED_3+,no,no,no
1061,TWO_BALL,0.364,TWO_BALL,no,no,no
1062,TWO_BALL,0.364,TWO_BALL,no,no,no
1063,TWO_BALL,0.364,TWO_BALL,no,no,no
1064,TWO_BALL,0.364,TWO_BALL,no,no,no
1065,TWO_BALL,0.364,TWO_BALL,no,no,no
1066,TWO_BALL,0.364,TWO_BALL,no,no,no
1067,TWO_BALL,0.364,TWO_BALL,no,no,no
1068,TWO_BALL,0.364,TWO_BALL,no,no,no
1069,TWO_BALL,0.364,TWO_BALL,no,no,no
1070,MIXED_3+,0.576,MIXED_3+,no,no,no
1071,MIXED_3+,0.576,MIXED_3+,no,no,no
1072,MIXED_3+,0.576,MIXED_3+,no,no,no
1073,MIXED_3+,0.576,MIXED_3+,no,no,no
1074,MIXED_3+,0.576,MIXED_3+,no,no,no
1075,TWO_BALL,0.662,TWO_BALL,no,no,no
1076,TWO_BALL,0.662,TWO_BALL,no,no,no
1077,MIXED_3+,0.775,MIXED_3+,no,no,no
1078,SINGLE_BALL,0.324,SINGLE_BALL,no,no,no
