frame,n_in_air,n_in_hand_left,n_in_hand_right,n_total,avg_quality,pattern,confidence,n_window_events,same_hand_run,unique_hands,alternation_score,catch_rate_hz
2,2,0,0,2,0.962,TWO_BALL,0.962,0,0,0,0.0,0.0
3,3,0,0,3,0.84,MIXED_3+_UNCONFIRMED,0.42,0,0,0,0.0,0.0
4,3,0,0,3,0.84,MIXED_3+_UNCONFIRMED,0.42,0,0,0,0.0,0.0
5,3,0,0,3,0.84,MIXED_3+_UNCONFIRMED,0.42,0,0,0,0.0,0.0
6,3,0,0,3,0.84,MIXED_3+_UNCONFIRMED,0.42,0,0,0,0.0,0.0
7,3,0,0,3,0.84,MIXED_3+_UNCONFIRMED,0.42,0,0,0,0.0,0.0
8,3,0,0,3,0.84,MIXED_3+_UNCONFIRMED,0.42,0,0,0,0.0,0.0
9,3,0,0,3,0.84,MIXED_3+_UNCONFIRMED,0.42,0,0,0,0.0,0.0
10,3,0,0,3,0.84,MIXED_3+_UNCONFIRMED,0.42,0,0,0,0.0,0.0
11,3,0,0,3,0.84,MIXED_3+_UNCONFIRMED,0.42,0,0,0,0.0,0.0
12,3,0,0,3,0.84,MIXED_3+_UNCONFIRMED,0.42,0,0,0,0.0,0.0
13,3,0,0,3,0.84,MIXED_3+_UNCONFIRMED,0.42,0,0,0,0.0,0.0
14,3,0,0,3,0.84,MIXED_3+_UNCONFIRMED,0.42,0,0,0,0.0,0.0
15,3,0,0,3,0.84,MIXED_3+_UNCONFIRMED,0.42,0,0,0,0.0,0.0
16,3,0,0,3,0.84,MIXED_3+_UNCONFIRMED,0.42,0,0,0,0.0,0.0
17,3,0,0,3,0.84,MIXED_3+_UNCONFIRMED,0.42,0,0,0,0.0,0.0
18,1,0,0,1,0.598,SINGLE_BALL,0.598,0,0,0,0.0,0.0
19,1,0,0,1,0.598,SINGLE_BALL,0.598,0,0,0,0.0,0.0
20,1,0,0,1,0.598,SINGLE_BALL,0.598,0,0,0,0.0,0.0
21,3,0,0,3,0.755,MIXED_3+_UNCONFIRMED,0.378,0,0,0,0.0,0.0
22,3,0,0,3,0.755,MIXED_3+_UNCONFIRMED,0.378,1,0,1,0.0,0.0
23,2,0,0,2,0.799,TWO_BALL,0.799,1,0,1,0.0,0.0
24,2,0,0,2,0.799,TWO_BALL,0.799,1,0,1,0.0,0.0
25,2,0,0,2,0.799,TWO_BALL,0.799,1,0,1,0.0,0.0
26,2,0,0,2,0.799,TWO_BALL,0.799,1,0,1,0.0,0.0
27,3,0,0,3,0.755,MIXED_3+_UNCONFIRMED,0.378,2,1,1,0.0,0.0
28,3,0,0,3,0.755,MIXED_3+_UNCONFIRMED,0.378,2,1,1,0.0,0.0
29,3,0,0,3,0.755,MIXED_3+_UNCONFIRMED,0.378,2,1,1,0.0,0.0
30,3,0,0,3,0.755,MIXED_3+_UNCONFIRMED,0.378,2,1,1,0.0,0.0
31,3,0,0,3,0.755,CASCADE_3+,0.755,3,1,2,0.5,6.67
32,2,0,0,2,0.834,TWO_BALL,0.834,3,0,2,0.0,0.0
33,2,0,0,2,0.834,TWO_BALL,0.834,3,0,2,0.0,0.0
34,1,0,0,1,0.668,SINGLE_BALL,0.668,3,0,2,0.0,0.0
35,1,0,0,1,0.668,SINGLE_BALL,0.668,3,0,2,0.0,0.0
36,1,0,0,1,0.668,SINGLE_BALL,0.668,3,0,2,0.0,0.0
37,1,0,0,1,0.668,SINGLE_BALL,0.668,3,0,2,0.0,0.0
38,1,0,0,1,0.668,SINGLE_BALL,0.668,3,0,2,0.0,0.0
39,2,0,0,2,0.834,TWO_BALL,0.834,3,0,2,0.0,0.0
40,2,0,0,2,0.834,TWO_BALL,0.834,3,0,2,0.0,0.0
41,2,0,0,2,0.834,TWO_BALL,0.834,3,0,2,0.0,0.0
42,2,0,0,2,0.834,TWO_BALL,0.834,3,0,2,0.0,0.0
43,3,0,0,3,0.755,MIXED_3+,0.755,4,2,2,0.333,6.67
44,3,0,0,3,0.755,MIXED_3+,0.755,4,2,2,0.333,6.67
45,3,0,0,3,0.755,MIXED_3+,0.755,4,2,2,0.333,6.67
46,3,0,0,3,0.755,MIXED_3+,0.755,4,2,2,0.333,6.67
47,2,0,0,2,0.834,TWO_BALL,0.834,4,0,2,0.0,0.0
48,2,0,0,2,0.834,TWO_BALL,0.834,4,0,2,0.0,0.0
49,2,0,0,2,0.834,TWO_BALL,0.834,4,0,2,0.0,0.0
50,2,0,0,2,0.834,TWO_BALL,0.834,4,0,2,0.0,0.0
51,3,0,0,3,0.877,MIXED_3+,0.877,4,2,2,0.333,6.67
52,3,0,0,3,0.877,MIXED_3+,0.877,4,2,2,0.333,6.67
53,3,0,0,3,0.877,MIXED_3+,0.877,4,2,2,0.333,6.67
54,3,0,0,3,0.877,MIXED_3+,0.877,4,2,2,0.333,6.67
55,3,0,0,3,0.877,MIXED_3+,0.877,4,2,2,0.333,6.67
56,3,0,0,3,0.877,MIXED_3+,0.877,4,2,2,0.333,6.67
57,2,0,0,2,0.816,TWO_BALL,0.816,4,0,2,0.0,0.0
58,2,0,0,2,0.816,TWO_BALL,0.816,4,0,2,0.0,0.0
59,2,0,0,2,0.816,TWO_BALL,0.816,4,0,2,0.0,0.0
60,2,0,0,2,0.816,TWO_BALL,0.816,4,0,2,0.0,0.0
61,2,0,0,2,0.816,TWO_BALL,0.816,4,0,2,0.0,0.0
62,2,0,0,2,0.816,TWO_BALL,0.816,4,0,2,0.0,0.0
63,2,0,0,2,0.816,TWO_BALL,0.816,4,0,2,0.0,0.0
64,3,0,0,3,0.877,MIXED_3+,0.877,4,2,2,0.333,6.67
65,3,0,0,3,0.877,MIXED_3+,0.877,4,2,2,0.333,6.67
66,3,0,0,3,0.877,MIXED_3+,0.877,4,2,2,0.333,6.67
67,3,0,0,3,0.877,MIXED_3+,0.877,4,2,2,0.333,6.67
68,3,0,0,3,0.877,MIXED_3+,0.877,4,2,2,0.333,6.67
69,3,0,0,3,0.877,MIXED_3+,0.877,4,2,2,0.333,6.67
70,3,0,0,3,0.877,MIXED_3+,0.877,4,2,2,0.333,6.67
71,3,0,0,3,0.877,MIXED_3+,0.877,4,2,2,0.333,6.67
72,3,0,0,3,0.877,MIXED_3+,0.877,4,2,2,0.333,6.67
73,3,0,0,3,0.877,MIXED_3+,0.877,4,2,2,0.333,6.67
74,3,0,0,3,0.877,MIXED_3+,0.877,4,2,2,0.333,6.67
75,3,0,0,3,0.877,MIXED_3+,0.877,4,2,2,0.333,6.67
76,3,0,0,3,0.877,MIXED_3+,0.877,4,2,2,0.333,6.67
77,3,0,0,3,0.877,MIXED_3+,0.877,4,2,2,0.333,6.67
78,3,0,0,3,0.877,MIXED_3+,0.877,4,2,2,0.333,6.67
79,3,0,0,3,0.877,MIXED_3+,0.877,4,2,2,0.333,6.67
80,2,0,0,2,0.816,TWO_BALL,0.816,4,0,2,0.0,0.0
81,2,0,0,2,0.816,TWO_BALL,0.816,4,0,2,0.0,0.0
82,2,0,0,2,0.816,TWO_BALL,0.816,4,0,2,0.0,0.0
83,2,0,0,2,0.816,TWO_BALL,0.816,4,0,2,0.0,0.0
84,2,0,0,2,0.816,TWO_BALL,0.816,4,0,2,0.0,0.0
85,2,0,0,2,0.816,TWO_BALL,0.816,4,0,2,0.0,0.0
86,2,0,0,2,0.816,TWO_BALL,0.816,4,0,2,0.0,0.0
87,3,0,0,3,0.822,MIXED_3+,0.822,4,2,2,0.333,6.67
88,3,0,0,3,0.822,MIXED_3+,0.822,4,2,2,0.333,6.67
89,3,0,0,3,0.822,MIXED_3+,0.822,4,2,2,0.333,6.67
90,3,0,0,3,0.822,MIXED_3+,0.822,4,2,2,0.333,6.67
91,3,0,0,3,0.822,MIXED_3+,0.822,4,2,2,0.333,6.67
92,3,0,0,3,0.822,MIXED_3+,0.822,4,2,2,0.333,6.67
93,3,0,0,3,0.822,MIXED_3+,0.822,4,2,2,0.333,6.67
94,3,0,0,3,0.822,MIXED_3+,0.822,4,2,2,0.333,6.67
95,3,0,0,3,0.822,MIXED_3+,0.822,4,2,2,0.333,6.67
96,3,0,0,3,0.822,MIXED_3+,0.822,4,2,2,0.333,6.67
97,3,0,1,3,0.822,MIXED_3+,0.822,4,1,2,0.667,0.91
98,2,0,0,2,0.816,TWO_BALL,0.816,4,0,2,0.0,0.0
99,1,0,0,1,0.668,SINGLE_BALL,0.668,4,0,2,0.0,0.0
100,1,0,0,1,0.668,SINGLE_BALL,0.668,4,0,2,0.0,0.0
101,1,0,0,1,0.668,SINGLE_BALL,0.668,4,0,2,0.0,0.0
102,1,0,0,1,0.668,SINGLE_BALL,0.668,4,0,2,0.0,0.0
103,1,0,0,1,0.668,SINGLE_BALL,0.668,4,0,2,0.0,0.0
104,3,0,0,3,0.844,MIXED_3+,0.844,4,1,2,0.667,0.91
105,3,0,0,3,0.844,MIXED_3+,0.844,4,1,2,0.667,0.91
106,3,0,0,3,0.844,MIXED_3+,0.844,4,1,2,0.667,0.91
107,3,0,0,3,0.844,MIXED_3+,0.844,4,1,2,0.667,0.91
108,3,0,0,3,0.844,MIXED_3+,0.844,4,1,2,0.667,0.91
109,3,0,0,3,0.844,MIXED_3+,0.844,4,1,2,0.667,0.91
110,3,0,0,3,0.844,MIXED_3+,0.844,4,1,2,0.667,0.91
111,3,0,0,3,0.844,MIXED_3+,0.844,4,1,2,0.667,0.91
112,3,0,0,3,0.844,MIXED_3+,0.844,4,1,2,0.667,0.91
113,3,0,0,3,0.844,MIXED_3+,0.844,4,1,2,0.667,0.91
114,3,0,0,3,0.844,MIXED_3+,0.844,4,1,2,0.667,0.91
115,3,0,0,3,0.844,MIXED_3+,0.844,4,1,2,0.667,0.91
116,3,0,0,3,0.844,MIXED_3+,0.844,4,1,2,0.667,0.91
117,3,0,0,3,0.844,MIXED_3+,0.844,4,1,2,0.667,0.91
118,3,0,0,3,0.844,MIXED_3+,0.844,4,1,2,0.667,0.91
119,3,0,0,3,0.844,MIXED_3+,0.844,4,1,2,0.667,0.91
120,3,0,0,3,0.844,MIXED_3+,0.844,4,1,2,0.667,0.91
121,3,0,0,3,0.844,MIXED_3+,0.844,4,1,2,0.667,0.91
122,3,0,0,3,0.844,MIXED_3+,0.844,4,1,2,0.667,0.91
123,2,0,0,2,0.932,TWO_BALL,0.932,4,0,2,0.0,0.0
124,2,0,0,2,0.932,TWO_BALL,0.932,4,0,2,0.0,0.0
125,2,0,0,2,0.932,TWO_BALL,0.932,4,0,2,0.0,0.0
126,3,0,1,3,0.9,MIXED_3+,0.9,4,2,2,0.333,0.91
127,3,0,0,3,0.9,MIXED_3+,0.9,4,2,2,0.333,0.91
128,3,0,0,3,0.9,MIXED_3+,0.9,4,2,2,0.333,0.91
129,3,0,0,3,0.9,MIXED_3+,0.9,4,2,2,0.333,0.91
130,3,0,0,3,0.9,MIXED_3+,0.9,4,2,2,0.333,0.91
131,3,0,0,3,0.9,MIXED_3+,0.9,4,2,2,0.333,0.91
132,3,0,0,3,0.9,MIXED_3+,0.9,4,2,2,0.333,0.91
133,3,0,0,3,0.9,MIXED_3+,0.9,4,2,2,0.333,0.91
134,2,0,0,2,0.899,TWO_BALL,0.899,4,0,2,0.0,0.0
135,2,0,0,2,0.899,TWO_BALL,0.899,4,0,2,0.0,0.0
136,2,0,0,2,0.899,TWO_BALL,0.899,4,0,2,0.0,0.0
137,2,0,0,2,0.899,TWO_BALL,0.899,4,0,2,0.0,0.0
138,3,0,0,3,0.933,MIXED_3+,0.933,4,2,2,0.333,0.91
139,3,0,0,3,0.933,MIXED_3+,0.933,4,2,2,0.333,0.91
140,3,0,0,3,0.933,MIXED_3+,0.933,4,2,2,0.333,0.91
141,3,0,0,3,0.933,MIXED_3+,0.933,4,2,2,0.333,0.91
142,3,0,0,3,0.933,MIXED_3+,0.933,4,2,2,0.333,0.91
143,3,0,0,3,0.933,MIXED_3+,0.933,4,2,2,0.333,0.91
144,3,0,0,3,0.933,MIXED_3+,0.933,4,2,2,0.333,0.91
145,3,0,0,3,0.933,MIXED_3+,0.933,4,2,2,0.333,0.91
146,3,0,0,3,0.933,MIXED_3+,0.933,4,2,2,0.333,0.91
147,3,0,0,3,0.933,MIXED_3+,0.933,4,2,2,0.333,0.91
148,3,0,0,3,0.933,MIXED_3+,0.933,4,2,2,0.333,0.91
149,3,0,0,3,0.933,MIXED_3+,0.933,4,2,2,0.333,0.91
150,1,0,0,1,0.836,SINGLE_BALL,0.836,4,0,2,0.0,0.0
151,1,0,0,1,0.836,SINGLE_BALL,0.836,4,0,2,0.0,0.0
152,1,0,0,1,0.836,SINGLE_BALL,0.836,4,0,2,0.0,0.0
153,1,0,0,1,0.836,SINGLE_BALL,0.836,4,0,2,0.0,0.0
154,1,0,0,1,0.836,SINGLE_BALL,0.836,4,0,2,0.0,0.0
155,1,0,0,1,0.836,SINGLE_BALL,0.836,4,0,2,0.0,0.0
156,1,0,0,1,0.836,SINGLE_BALL,0.836,4,0,2,0.0,0.0
157,2,0,0,2,0.886,TWO_BALL,0.886,4,0,2,0.0,0.0
158,2,0,0,2,0.886,TWO_BALL,0.886,4,0,2,0.0,0.0
159,2,0,0,2,0.886,TWO_BALL,0.886,4,0,2,0.0,0.0
160,2,0,0,2,0.886,TWO_BALL,0.886,4,0,2,0.0,0.0
161,1,0,0,1,0.937,SINGLE_BALL,0.937,4,0,2,0.0,0.0
162,1,0,0,1,0.937,SINGLE_BALL,0.937,4,0,2,0.0,0.0
163,1,0,0,1,0.937,SINGLE_BALL,0.937,4,0,2,0.0,0.0
164,1,0,0,1,0.937,SINGLE_BALL,0.937,4,0,2,0.0,0.0
165,2,0,0,2,0.72,TWO_BALL,0.72,4,0,2,0.0,0.0
166,3,0,0,3,0.804,MIXED_3+,0.804,4,2,2,0.333,0.91
167,2,0,0,2,0.738,TWO_BALL,0.738,4,0,2,0.0,0.0
168,2,0,0,2,0.738,TWO_BALL,0.738,4,0,2,0.0,0.0
169,2,0,0,2,0.738,TWO_BALL,0.738,4,0,2,0.0,0.0
170,2,0,0,2,0.738,TWO_BALL,0.738,4,0,2,0.0,0.0
171,2,0,0,2,0.738,TWO_BALL,0.738,4,0,2,0.0,0.0
172,2,0,0,2,0.738,TWO_BALL,0.738,4,0,2,0.0,0.0
173,2,0,0,2,0.738,TWO_BALL,0.738,4,0,2,0.0,0.0
174,3,0,0,3,0.643,MIXED_3+,0.643,4,2,2,0.333,0.91
175,3,0,0,3,0.643,MIXED_3+,0.643,4,2,2,0.333,0.91
176,3,0,0,3,0.643,MIXED_3+,0.643,4,2,2,0.333,0.91
177,3,0,0,3,0.643,MIXED_3+,0.643,4,2,2,0.333,0.91
178,3,0,0,3,0.643,MIXED_3+,0.643,4,2,2,0.333,0.91
179,3,0,0,3,0.643,MIXED_3+,0.643,4,2,2,0.333,0.91
180,3,0,0,3,0.643,MIXED_3+,0.643,4,2,2,0.333,0.91
181,3,0,0,3,0.643,MIXED_3+,0.643,4,2,2,0.333,0.91
182,3,0,0,3,0.643,MIXED_3+,0.643,4,2,2,0.333,0.91
183,3,0,0,3,0.643,MIXED_3+,0.643,4,2,2,0.333,0.91
184,3,0,0,3,0.643,MIXED_3+,0.643,4,2,2,0.333,0.91
185,3,0,0,3,0.643,MIXED_3+,0.643,4,2,2,0.333,0.91
186,3,0,0,3,0.643,MIXED_3+,0.643,4,2,2,0.333,0.91
187,3,0,0,3,0.643,MIXED_3+,0.643,4,2,2,0.333,0.91
188,3,0,0,3,0.643,MIXED_3+,0.643,4,2,2,0.333,0.91
189,3,0,0,3,0.643,MIXED_3+,0.643,4,2,2,0.333,0.91
190,3,0,0,3,0.643,MIXED_3+,0.643,4,2,2,0.333,0.91
191,3,0,0,3,0.643,MIXED_3+,0.643,4,2,2,0.333,0.91
192,3,0,0,3,0.643,MIXED_3+,0.643,4,2,2,0.333,0.91
193,3,0,0,3,0.643,MIXED_3+,0.643,4,2,2,0.333,0.91
194,3,0,0,3,0.643,MIXED_3+,0.643,4,2,2,0.333,0.91
195,3,0,0,3,0.643,MIXED_3+,0.643,4,2,2,0.333,0.91
196,2,0,0,2,0.738,TWO_BALL,0.738,4,0,2,0.0,0.0
197,2,0,0,2,0.738,TWO_BALL,0.738,4,0,2,0.0,0.0
198,2,0,0,2,0.738,TWO_BALL,0.738,4,0,2,0.0,0.0
199,2,0,0,2,0.738,TWO_BALL,0.738,4,0,2,0.0,0.0
200,2,0,0,2,0.738,TWO_BALL,0.738,4,0,2,0.0,0.0
201,2,0,0,2,0.738,TWO_BALL,0.738,4,0,2,0.0,0.0
202,3,0,0,3,0.643,MIXED_3+,0.643,4,2,2,0.333,0.91
203,3,0,0,3,0.643,MIXED_3+,0.643,4,2,2,0.333,0.91
204,3,0,0,3,0.643,MIXED_3+,0.643,4,2,2,0.333,0.91
205,3,0,0,3,0.643,MIXED_3+,0.643,4,2,2,0.333,0.91
206,3,0,0,3,0.643,MIXED_3+,0.643,4,2,2,0.333,0.91
207,2,0,1,2,0.479,TWO_BALL_ONE_HAND,0.479,4,0,2,0.0,0.0
208,1,0,0,1,0.454,SINGLE_BALL,0.454,4,0,2,0.0,0.0
212,1,0,0,1,0.316,SINGLE_BALL,0.316,4,0,2,0.0,0.0
213,1,0,0,1,0.316,SINGLE_BALL,0.316,4,0,2,0.0,0.0
220,1,0,0,1,0.316,SINGLE_BALL,0.316,4,0,2,0.0,0.0
221,1,0,0,1,0.316,SINGLE_BALL,0.316,4,0,2,0.0,0.0
222,1,0,0,1,0.316,SINGLE_BALL,0.316,4,0,2,0.0,0.0
223,1,0,0,1,0.316,SINGLE_BALL,0.316,4,0,2,0.0,0.0
224,1,0,0,1,0.316,SINGLE_BALL,0.316,4,0,2,0.0,0.0
225,1,0,0,1,0.316,SINGLE_BALL,0.316,4,0,2,0.0,0.0
226,1,0,0,1,0.316,SINGLE_BALL,0.316,4,0,2,0.0,0.0
227,1,0,0,1,0.316,SINGLE_BALL,0.316,4,0,2,0.0,0.0
228,1,0,0,1,0.316,SINGLE_BALL,0.316,4,0,2,0.0,0.0
229,1,0,0,1,0.316,SINGLE_BALL,0.316,4,0,2,0.0,0.0
230,1,0,0,1,0.316,SINGLE_BALL,0.316,4,0,2,0.0,0.0
231,1,0,0,1,0.316,SINGLE_BALL,0.316,4,0,2,0.0,0.0
232,3,0,1,3,0.593,MIXED_3+,0.593,4,2,2,0.333,0.91
233,3,0,0,3,0.593,MIXED_3+,0.593,4,2,2,0.333,0.91
234,3,0,0,3,0.593,MIXED_3+,0.593,4,2,2,0.333,0.91
235,3,0,0,3,0.593,MIXED_3+,0.593,4,1,2,0.667,0.43
236,2,0,0,2,0.637,TWO_BALL,0.637,4,0,2,0.0,0.0
237,2,0,0,2,0.637,TWO_BALL,0.637,4,0,2,0.0,0.0
238,2,0,0,2,0.637,TWO_BALL,0.637,4,0,2,0.0,0.0
239,2,0,0,2,0.637,TWO_BALL,0.637,4,0,2,0.0,0.0
240,2,0,0,2,0.637,TWO_BALL,0.637,4,0,2,0.0,0.0
241,2,0,0,2,0.637,TWO_BALL,0.637,4,0,2,0.0,0.0
242,2,0,0,2,0.637,TWO_BALL,0.637,4,0,2,0.0,0.0
243,3,0,0,3,0.593,MIXED_3+,0.593,4,2,1,0.333,0.43
244,3,0,0,3,0.593,MIXED_3+,0.593,4,2,1,0.333,0.43
245,3,0,0,3,0.593,MIXED_3+,0.593,4,2,1,0.333,0.43
246,3,0,0,3,0.593,MIXED_3+,0.593,4,2,1,0.333,0.43
247,3,0,0,3,0.593,MIXED_3+,0.593,4,2,1,0.333,0.43
248,3,0,0,3,0.593,MIXED_3+,0.593,4,2,1,0.333,0.43
249,3,0,0,3,0.593,MIXED_3+,0.593,4,2,1,0.333,0.43
250,3,0,0,3,0.593,MIXED_3+,0.593,4,2,1,0.333,0.43
251,3,0,0,3,0.593,MIXED_3+,0.593,4,2,1,0.333,0.43
252,3,0,0,3,0.593,CASCADE_3+,0.593,4,1,2,0.667,3.53
253,2,0,0,2,0.731,TWO_BALL,0.731,4,0,2,0.0,0.0
254,2,0,0,2,0.731,TWO_BALL,0.731,4,0,2,0.0,0.0
255,2,0,0,2,0.731,TWO_BALL,0.731,4,0,2,0.0,0.0
256,1,0,0,1,0.958,SINGLE_BALL,0.958,4,0,2,0.0,0.0
257,2,0,0,2,0.935,TWO_BALL,0.935,4,0,2,0.0,0.0
258,2,0,0,2,0.935,TWO_BALL,0.935,4,0,2,0.0,0.0
259,2,0,0,2,0.935,TWO_BALL,0.935,4,0,2,0.0,0.0
260,2,0,0,2,0.935,TWO_BALL,0.935,4,0,2,0.0,0.0
261,2,0,0,2,0.935,TWO_BALL,0.935,4,0,2,0.0,0.0
262,2,0,0,2,0.935,TWO_BALL,0.935,4,0,2,0.0,0.0
263,3,0,0,3,0.728,MIXED_3+,0.728,4,2,1,0.333,3.53
264,3,0,0,3,0.728,MIXED_3+,0.728,4,2,1,0.333,3.53
265,3,0,0,3,0.728,MIXED_3+,0.728,4,2,1,0.333,3.53
266,3,0,0,3,0.728,MIXED_3+,0.728,4,2,1,0.333,3.53
267,3,0,0,3,0.728,MIXED_3+,0.728,4,2,1,0.333,3.53
268,3,0,0,3,0.728,MIXED_3+,0.728,4,2,1,0.333,3.53
269,3,0,0,3,0.728,MIXED_3+,0.728,4,2,1,0.333,3.53
270,3,0,0,3,0.728,MIXED_3+,0.728,4,2,1,0.333,3.53
271,3,0,0,3,0.728,MIXED_3+,0.728,4,2,1,0.333,3.53
272,3,0,0,3,0.728,MIXED_3+,0.728,4,2,1,0.333,3.53
273,3,0,0,3,0.728,MIXED_3+,0.728,4,2,1,0.333,3.53
274,3,0,0,3,0.728,MIXED_3+,0.728,4,2,1,0.333,3.53
275,3,0,0,3,0.728,MIXED_3+,0.728,4,2,1,0.333,3.53
276,3,0,0,3,0.728,MIXED_3+,0.728,4,2,1,0.333,3.53
277,3,0,0,3,0.728,MIXED_3+,0.728,4,2,1,0.333,3.53
278,3,0,0,3,0.728,MIXED_3+,0.728,4,2,1,0.333,3.53
279,3,0,0,3,0.728,MIXED_3+,0.728,4,2,1,0.333,3.53
280,3,0,0,3,0.728,MIXED_3+,0.728,4,2,1,0.333,3.53
281,3,0,0,3,0.728,MIXED_3+,0.728,4,2,1,0.333,3.53
282,3,0,0,3,0.728,MIXED_3+,0.728,4,2,1,0.333,3.53
283,3,0,0,3,0.728,MIXED_3+,0.728,4,2,1,0.333,3.53
284,3,0,0,3,0.728,MIXED_3+,0.728,4,2,1,0.333,3.53
285,3,0,0,3,0.728,MIXED_3+,0.728,4,2,1,0.333,3.53
286,3,0,0,3,0.728,MIXED_3+,0.728,4,2,1,0.333,3.53
287,3,0,0,3,0.728,MIXED_3+,0.728,4,2,1,0.333,3.53
288,3,0,0,3,0.728,MIXED_3+,0.728,4,2,1,0.333,3.53
289,3,0,0,3,0.728,MIXED_3+,0.728,4,2,1,0.333,3.53
290,3,0,0,3,0.728,MIXED_3+,0.728,4,2,1,0.333,3.53
291,3,0,0,3,0.728,MIXED_3+,0.728,4,2,1,0.333,3.53
292,3,0,0,3,0.728,MIXED_3+,0.728,4,2,1,0.333,3.53
293,3,0,0,3,0.728,MIXED_3+,0.728,4,2,1,0.333,3.53
294,3,0,0,3,0.728,MIXED_3+,0.728,4,2,1,0.333,3.53
295,3,0,0,3,0.728,MIXED_3+,0.728,4,2,1,0.333,3.53
296,3,0,0,3,0.728,MIXED_3+,0.728,4,2,1,0.333,3.53
297,3,0,0,3,0.728,MIXED_3+,0.728,4,2,1,0.333,3.53
298,3,0,0,3,0.728,MIXED_3+,0.728,4,2,1,0.333,3.53
299,3,0,0,3,0.728,MIXED_3+,0.728,4,2,1,0.333,3.53
300,3,0,0,3,0.728,MIXED_3+,0.728,4,2,1,0.333,3.53
301,3,0,0,3,0.728,MIXED_3+,0.728,4,2,1,0.333,3.53
302,3,0,0,3,0.728,MIXED_3+,0.728,4,2,1,0.333,3.53
303,3,0,0,3,0.728,MIXED_3+,0.728,4,2,1,0.333,3.53
304,3,0,0,3,0.728,MIXED_3+,0.728,4,2,1,0.333,3.53
305,3,0,0,3,0.728,MIXED_3+,0.728,4,2,1,0.333,3.53
306,3,0,0,3,0.728,MIXED_3+,0.728,4,2,1,0.333,3.53
307,3,0,0,3,0.728,MIXED_3+,0.728,4,2,1,0.333,3.53
308,3,0,0,3,0.728,MIXED_3+,0.728,4,2,1,0.333,3.53
309,3,0,0,3,0.728,MIXED_3+,0.728,4,2,1,0.333,3.53
310,3,0,0,3,0.728,MIXED_3+,0.728,4,2,1,0.333,3.53
311,3,0,0,3,0.728,MIXED_3+,0.728,4,2,1,0.333,3.53
312,3,0,0,3,0.728,MIXED_3+,0.728,4,2,1,0.333,3.53
313,2,0,0,2,0.935,TWO_BALL,0.935,4,0,1,0.0,0.0
314,2,0,0,2,0.935,TWO_BALL,0.935,4,0,1,0.0,0.0
315,2,0,0,2,0.935,TWO_BALL,0.935,4,0,1,0.0,0.0
316,2,0,0,2,0.935,TWO_BALL,0.935,4,0,1,0.0,0.0
317,2,0,0,2,0.935,TWO_BALL,0.935,4,0,1,0.0,0.0
318,2,0,0,2,0.935,TWO_BALL,0.935,4,0,1,0.0,0.0
319,2,0,0,2,0.935,TWO_BALL,0.935,4,0,1,0.0,0.0
320,2,0,0,2,0.935,TWO_BALL,0.935,4,0,1,0.0,0.0
321,2,0,0,2,0.935,TWO_BALL,0.935,4,0,1,0.0,0.0
322,2,0,0,2,0.935,TWO_BALL,0.935,4,0,1,0.0,0.0
323,2,0,0,2,0.935,TWO_BALL,0.935,4,0,1,0.0,0.0
324,2,0,0,2,0.935,TWO_BALL,0.935,4,0,1,0.0,0.0
325,2,0,0,2,0.935,TWO_BALL,0.935,4,0,1,0.0,0.0
326,2,0,0,2,0.935,TWO_BALL,0.935,4,0,1,0.0,0.0
327,2,0,0,2,0.935,TWO_BALL,0.935,4,0,1,0.0,0.0
328,2,0,0,2,0.935,TWO_BALL,0.935,4,0,1,0.0,0.0
329,1,0,0,1,0.911,SINGLE_BALL,0.911,4,0,1,0.0,0.0
330,1,0,0,1,0.911,SINGLE_BALL,0.911,4,0,1,0.0,0.0
331,1,0,0,1,0.911,SINGLE_BALL,0.911,4,0,1,0.0,0.0
332,1,0,0,1,0.911,SINGLE_BALL,0.911,4,0,1,0.0,0.0
333,2,0,0,2,0.757,TWO_BALL,0.757,4,0,1,0.0,0.0
334,2,0,0,2,0.757,TWO_BALL,0.757,4,0,1,0.0,0.0
335,1,0,0,1,0.602,SINGLE_BALL,0.602,4,0,1,0.0,0.0
336,1,0,0,1,0.602,SINGLE_BALL,0.602,4,0,1,0.0,0.0
337,1,0,0,1,0.602,SINGLE_BALL,0.602,4,0,1,0.0,0.0
338,1,0,0,1,0.602,SINGLE_BALL,0.602,4,0,1,0.0,0.0
339,1,0,0,1,0.602,SINGLE_BALL,0.602,4,0,1,0.0,0.0
340,1,0,0,1,0.602,SINGLE_BALL,0.602,4,0,1,0.0,0.0
341,1,0,0,1,0.602,SINGLE_BALL,0.602,4,0,1,0.0,0.0
342,1,0,0,1,0.602,SINGLE_BALL,0.602,4,0,1,0.0,0.0
343,1,0,0,1,0.602,SINGLE_BALL,0.602,4,0,1,0.0,0.0
344,1,0,0,1,0.602,SINGLE_BALL,0.602,4,0,1,0.0,0.0
345,1,0,0,1,0.602,SINGLE_BALL,0.602,4,0,1,0.0,0.0
346,1,0,0,1,0.602,SINGLE_BALL,0.602,4,0,1,0.0,0.0
347,1,0,0,1,0.602,SINGLE_BALL,0.602,4,0,1,0.0,0.0
348,1,0,0,1,0.602,SINGLE_BALL,0.602,4,0,1,0.0,0.0
349,1,0,0,1,0.602,SINGLE_BALL,0.602,4,0,1,0.0,0.0
350,1,0,0,1,0.602,SINGLE_BALL,0.602,4,0,1,0.0,0.0
351,1,0,0,1,0.602,SINGLE_BALL,0.602,4,0,1,0.0,0.0
352,1,0,0,1,0.602,SINGLE_BALL,0.602,4,0,1,0.0,0.0
353,1,0,0,1,0.602,SINGLE_BALL,0.602,4,0,1,0.0,0.0
354,1,0,0,1,0.602,SINGLE_BALL,0.602,4,0,1,0.0,0.0
355,1,0,0,1,0.602,SINGLE_BALL,0.602,4,0,1,0.0,0.0
356,1,0,0,1,0.602,SINGLE_BALL,0.602,4,0,1,0.0,0.0
357,1,0,0,1,0.602,SINGLE_BALL,0.602,4,0,1,0.0,0.0
358,1,0,0,1,0.602,SINGLE_BALL,0.602,4,0,1,0.0,0.0
359,1,0,0,1,0.602,SINGLE_BALL,0.602,4,0,1,0.0,0.0
360,1,0,0,1,0.602,SINGLE_BALL,0.602,4,0,1,0.0,0.0
361,1,0,0,1,0.602,SINGLE_BALL,0.602,4,0,1,0.0,0.0
362,1,0,0,1,0.602,SINGLE_BALL,0.602,4,0,1,0.0,0.0
363,1,0,0,1,0.602,SINGLE_BALL,0.602,4,0,1,0.0,0.0
364,1,0,0,1,0.602,SINGLE_BALL,0.602,4,0,1,0.0,0.0
365,1,0,0,1,0.602,SINGLE_BALL,0.602,4,0,1,0.0,0.0
366,1,0,0,1,0.602,SINGLE_BALL,0.602,4,0,1,0.0,0.0
367,1,0,0,1,0.602,SINGLE_BALL,0.602,4,0,1,0.0,0.0
368,1,0,0,1,0.602,SINGLE_BALL,0.602,4,0,1,0.0,0.0
369,1,0,0,1,0.602,SINGLE_BALL,0.602,4,0,1,0.0,0.0
370,1,0,0,1,0.602,SINGLE_BALL,0.602,4,0,1,0.0,0.0
371,1,0,0,1,0.602,SINGLE_BALL,0.602,4,0,1,0.0,0.0
372,1,0,0,1,0.602,SINGLE_BALL,0.602,4,0,1,0.0,0.0
373,1,0,0,1,0.602,SINGLE_BALL,0.602,4,0,1,0.0,0.0
374,1,0,0,1,0.602,SINGLE_BALL,0.602,4,0,1,0.0,0.0
375,1,0,0,1,0.602,SINGLE_BALL,0.602,4,0,1,0.0,0.0
376,1,0,0,1,0.602,SINGLE_BALL,0.602,4,0,1,0.0,0.0
377,1,0,0,1,0.602,SINGLE_BALL,0.602,4,0,1,0.0,0.0
378,1,0,0,1,0.602,SINGLE_BALL,0.602,4,0,1,0.0,0.0
379,1,0,0,1,0.602,SINGLE_BALL,0.602,4,0,1,0.0,0.0
380,1,0,0,1,0.602,SINGLE_BALL,0.602,4,0,1,0.0,0.0
381,1,0,0,1,0.602,SINGLE_BALL,0.602,4,0,1,0.0,0.0
382,1,0,0,1,0.602,SINGLE_BALL,0.602,4,0,1,0.0,0.0
391,1,0,0,1,0.602,SINGLE_BALL,0.602,4,0,1,0.0,0.0
392,1,0,0,1,0.602,SINGLE_BALL,0.602,4,0,1,0.0,0.0
393,1,0,0,1,0.602,SINGLE_BALL,0.602,4,0,1,0.0,0.0
394,1,0,0,1,0.602,SINGLE_BALL,0.602,4,0,1,0.0,0.0
395,1,0,0,1,0.602,SINGLE_BALL,0.602,4,0,1,0.0,0.0
396,1,0,0,1,0.602,SINGLE_BALL,0.602,4,0,1,0.0,0.0
397,1,0,0,1,0.602,SINGLE_BALL,0.602,4,0,1,0.0,0.0
398,1,0,0,1,0.602,SINGLE_BALL,0.602,4,0,1,0.0,0.0
399,2,0,0,2,0.735,TWO_BALL,0.735,4,0,1,0.0,0.0
400,2,0,0,2,0.735,TWO_BALL,0.735,4,0,1,0.0,0.0
401,2,0,0,2,0.735,TWO_BALL,0.735,4,0,1,0.0,0.0
402,2,0,0,2,0.735,TWO_BALL,0.735,4,0,1,0.0,0.0
403,2,0,0,2,0.735,TWO_BALL,0.735,4,0,1,0.0,0.0
404,2,0,0,2,0.735,TWO_BALL,0.735,4,0,1,0.0,0.0
405,2,0,0,2,0.735,TWO_BALL,0.735,4,0,1,0.0,0.0
406,2,0,0,2,0.735,TWO_BALL,0.735,4,0,1,0.0,0.0
407,2,0,0,2,0.735,TWO_BALL,0.735,4,0,1,0.0,0.0
408,2,0,0,2,0.735,TWO_BALL,0.735,4,0,1,0.0,0.0
409,2,0,0,2,0.735,TWO_BALL,0.735,4,0,1,0.0,0.0
410,2,0,0,2,0.735,TWO_BALL,0.735,4,0,1,0.0,0.0
411,3,0,0,3,0.792,MIXED_3+,0.792,4,2,1,0.333,3.53
412,3,0,0,3,0.792,MIXED_3+,0.792,4,2,1,0.333,3.53
413,3,0,0,3,0.792,MIXED_3+,0.792,4,2,1,0.333,3.53
414,3,0,0,3,0.792,MIXED_3+,0.792,4,2,1,0.333,3.53
415,3,0,0,3,0.792,MIXED_3+,0.792,4,2,1,0.333,3.53
416,3,0,0,3,0.792,MIXED_3+,0.792,4,2,1,0.333,3.53
417,3,0,0,3,0.792,MIXED_3+,0.792,4,2,1,0.333,3.53
418,3,0,0,3,0.792,MIXED_3+,0.792,4,2,1,0.333,3.53
419,3,0,0,3,0.792,MIXED_3+,0.792,4,2,1,0.333,3.53
420,3,0,0,3,0.792,MIXED_3+,0.792,4,2,1,0.333,3.53
421,3,0,0,3,0.792,MIXED_3+,0.792,4,2,1,0.333,3.53
422,3,0,0,3,0.792,MIXED_3+,0.792,4,2,1,0.333,3.53
423,3,0,0,3,0.792,MIXED_3+,0.792,4,2,1,0.333,3.53
424,3,0,0,3,0.792,MIXED_3+,0.792,4,2,1,0.333,3.53
425,4,0,0,4,0.844,MIXED_3+,0.844,4,2,1,0.333,3.53
426,4,0,0,4,0.844,MIXED_3+,0.844,4,2,1,0.333,3.53
427,4,0,0,4,0.844,MIXED_3+,0.844,4,2,1,0.333,3.53
428,4,0,0,4,0.844,MIXED_3+,0.844,4,2,1,0.333,3.53
429,3,0,0,3,0.792,MIXED_3+,0.792,4,2,1,0.333,3.53
430,3,0,0,3,0.792,MIXED_3+,0.792,4,2,1,0.333,3.53
431,3,0,0,3,0.792,MIXED_3+,0.792,4,2,1,0.333,3.53
432,3,0,0,3,0.792,MIXED_3+,0.792,4,2,1,0.333,3.53
433,3,0,0,3,0.792,MIXED_3+,0.792,4,2,1,0.333,3.53
434,3,0,0,3,0.792,MIXED_3+,0.792,4,2,1,0.333,3.53
435,3,0,0,3,0.792,MIXED_3+,0.792,4,2,1,0.333,3.53
436,3,0,0,3,0.792,MIXED_3+,0.792,4,2,1,0.333,3.53
437,3,0,0,3,0.792,MIXED_3+,0.792,4,2,1,0.333,3.53
438,3,0,0,3,0.792,MIXED_3+,0.792,4,2,1,0.333,3.53
439,3,0,0,3,0.792,MIXED_3+,0.792,4,2,1,0.333,3.53
440,3,0,0,3,0.792,MIXED_3+,0.792,4,2,1,0.333,3.53
441,3,0,0,3,0.792,MIXED_3+,0.792,4,2,1,0.333,3.53
442,3,0,0,3,0.792,MIXED_3+,0.792,4,2,1,0.333,3.53
443,3,0,0,3,0.792,MIXED_3+,0.792,4,2,1,0.333,3.53
444,3,0,0,3,0.792,MIXED_3+,0.792,4,2,1,0.333,3.53
445,3,0,0,3,0.792,MIXED_3+,0.792,4,2,1,0.333,3.53
446,3,0,0,3,0.792,MIXED_3+,0.792,4,2,1,0.333,3.53
447,3,0,0,3,0.792,MIXED_3+,0.792,4,2,1,0.333,3.53
448,3,0,0,3,0.792,MIXED_3+,0.792,4,2,1,0.333,3.53
449,3,0,0,3,0.792,MIXED_3+,0.792,4,2,1,0.333,3.53
450,3,0,0,3,0.792,MIXED_3+,0.792,4,1,1,0.667,0.3
451,2,0,0,2,0.755,TWO_BALL,0.755,4,0,1,0.0,0.0
452,2,0,0,2,0.755,TWO_BALL,0.755,4,0,1,0.0,0.0
453,2,0,0,2,0.755,TWO_BALL,0.755,4,0,1,0.0,0.0
454,2,0,0,2,0.755,TWO_BALL,0.755,4,0,1,0.0,0.0
455,2,0,0,2,0.755,TWO_BALL,0.755,4,0,1,0.0,0.0
456,2,0,0,2,0.755,TWO_BALL,0.755,4,0,1,0.0,0.0
457,2,0,0,2,0.755,TWO_BALL,0.755,4,0,1,0.0,0.0
458,2,0,0,2,0.755,TWO_BALL,0.755,4,0,1,0.0,0.0
459,2,0,0,2,0.755,TWO_BALL,0.755,4,0,1,0.0,0.0
460,2,0,0,2,0.755,TWO_BALL,0.755,4,0,1,0.0,0.0
461,2,0,0,2,0.887,TWO_BALL,0.887,4,0,1,0.0,0.0
462,2,0,0,2,0.887,TWO_BALL,0.887,4,0,1,0.0,0.0
463,2,0,0,2,0.887,TWO_BALL,0.887,4,0,1,0.0,0.0
464,2,0,0,2,0.887,TWO_BALL,0.887,4,0,1,0.0,0.0
465,2,0,0,2,0.887,TWO_BALL,0.887,4,0,1,0.0,0.0
466,2,0,0,2,0.887,TWO_BALL,0.887,4,0,1,0.0,0.0
467,2,0,0,2,0.887,TWO_BALL,0.887,4,0,1,0.0,0.0
468,2,0,0,2,0.887,TWO_BALL,0.887,4,0,1,0.0,0.0
469,2,0,0,2,0.887,TWO_BALL,0.887,4,0,1,0.0,0.0
470,2,0,0,2,0.887,TWO_BALL,0.887,4,0,1,0.0,0.0
471,3,0,0,3,0.792,CASCADE_3+,0.792,4,0,1,1.0,6.0
472,3,0,0,3,0.792,CASCADE_3+,0.792,4,0,1,1.0,6.0
473,1,0,0,1,0.908,SINGLE_BALL,0.908,4,0,1,0.0,0.0
474,1,0,0,1,0.908,SINGLE_BALL,0.908,4,0,1,0.0,0.0
475,1,0,0,1,0.908,SINGLE_BALL,0.908,4,0,1,0.0,0.0
476,1,0,0,1,0.908,SINGLE_BALL,0.908,4,0,1,0.0,0.0
477,1,0,0,1,0.908,SINGLE_BALL,0.908,4,0,1,0.0,0.0
478,1,0,0,1,0.908,SINGLE_BALL,0.908,4,0,1,0.0,0.0
479,1,0,0,1,0.908,SINGLE_BALL,0.908,4,0,1,0.0,0.0
480,1,0,0,1,0.908,SINGLE_BALL,0.908,4,0,1,0.0,0.0
481,1,0,0,1,0.908,SINGLE_BALL,0.908,4,0,1,0.0,0.0
482,1,0,0,1,0.908,SINGLE_BALL,0.908,4,0,1,0.0,0.0
483,1,0,0,1,0.908,SINGLE_BALL,0.908,4,0,1,0.0,0.0
484,1,0,0,1,0.908,SINGLE_BALL,0.908,4,0,1,0.0,0.0
485,1,0,0,1,0.908,SINGLE_BALL,0.908,4,0,1,0.0,0.0
486,1,0,0,1,0.908,SINGLE_BALL,0.908,4,0,1,0.0,0.0
487,1,0,0,1,0.908,SINGLE_BALL,0.908,4,0,1,0.0,0.0
488,1,0,0,1,0.908,SINGLE_BALL,0.908,4,0,1,0.0,0.0
489,1,0,0,1,0.908,SINGLE_BALL,0.908,4,0,1,0.0,0.0
490,1,0,0,1,0.908,SINGLE_BALL,0.908,4,0,1,0.0,0.0
491,1,0,0,1,0.908,SINGLE_BALL,0.908,4,0,1,0.0,0.0
492,1,0,0,1,0.908,SINGLE_BALL,0.908,4,0,1,0.0,0.0
493,1,0,0,1,0.908,SINGLE_BALL,0.908,4,0,1,0.0,0.0
494,1,0,0,1,0.908,SINGLE_BALL,0.908,4,0,1,0.0,0.0
495,1,0,0,1,0.908,SINGLE_BALL,0.908,4,0,1,0.0,0.0
496,1,0,0,1,0.908,SINGLE_BALL,0.908,4,0,1,0.0,0.0
497,1,0,0,1,0.908,SINGLE_BALL,0.908,4,0,1,0.0,0.0
498,1,0,0,1,0.908,SINGLE_BALL,0.908,4,0,1,0.0,0.0
499,1,0,0,1,0.908,SINGLE_BALL,0.908,4,0,1,0.0,0.0
500,1,0,0,1,0.908,SINGLE_BALL,0.908,4,0,1,0.0,0.0
501,1,0,0,1,0.908,SINGLE_BALL,0.908,4,0,1,0.0,0.0
502,1,0,0,1,0.908,SINGLE_BALL,0.908,4,0,1,0.0,0.0
503,1,0,0,1,0.908,SINGLE_BALL,0.908,4,0,1,0.0,0.0
504,1,0,0,1,0.908,SINGLE_BALL,0.908,4,0,1,0.0,0.0
505,1,0,0,1,0.908,SINGLE_BALL,0.908,4,0,1,0.0,0.0
506,1,0,0,1,0.908,SINGLE_BALL,0.908,4,0,1,0.0,0.0
507,2,0,0,2,0.733,TWO_BALL,0.733,4,0,1,0.0,0.0
508,2,0,0,2,0.733,TWO_BALL,0.733,4,0,1,0.0,0.0
509,2,0,0,2,0.733,TWO_BALL,0.733,4,0,1,0.0,0.0
510,2,0,0,2,0.733,TWO_BALL,0.733,4,0,1,0.0,0.0
511,2,0,0,2,0.733,TWO_BALL,0.733,4,0,1,0.0,0.0
512,2,0,0,2,0.733,TWO_BALL,0.733,4,0,1,0.0,0.0
513,2,0,0,2,0.733,TWO_BALL,0.733,4,0,1,0.0,0.0
514,2,0,0,2,0.733,TWO_BALL,0.733,4,0,1,0.0,0.0
515,2,0,0,2,0.733,TWO_BALL,0.733,4,0,1,0.0,0.0
516,2,0,0,2,0.733,TWO_BALL,0.733,4,0,1,0.0,0.0
517,2,0,0,2,0.733,TWO_BALL,0.733,4,0,1,0.0,0.0
518,2,0,0,2,0.733,TWO_BALL,0.733,4,0,1,0.0,0.0
519,2,0,0,2,0.733,TWO_BALL,0.733,4,0,1,0.0,0.0
520,2,0,0,2,0.733,TWO_BALL,0.733,4,0,1,0.0,0.0
521,2,0,0,2,0.733,TWO_BALL,0.733,4,0,1,0.0,0.0
522,2,0,0,2,0.733,TWO_BALL,0.733,4,0,1,0.0,0.0
533,3,0,0,3,0.704,CASCADE_3+,0.704,4,0,1,1.0,6.0
534,3,0,0,3,0.704,MIXED_3+,0.704,4,1,2,0.667,0.0
535,1,0,0,1,0.908,SINGLE_BALL,0.908,4,0,2,0.0,0.0
536,1,0,0,1,0.908,SINGLE_BALL,0.908,4,0,2,0.0,0.0
537,1,0,0,1,0.908,SINGLE_BALL,0.908,4,0,2,0.0,0.0
538,1,0,0,1,0.908,SINGLE_BALL,0.908,4,0,2,0.0,0.0
539,1,0,0,1,0.908,SINGLE_BALL,0.908,4,0,2,0.0,0.0
540,1,0,0,1,0.908,SINGLE_BALL,0.908,4,0,2,0.0,0.0
541,1,0,0,1,0.908,SINGLE_BALL,0.908,4,0,2,0.0,0.0
542,1,0,0,1,0.908,SINGLE_BALL,0.908,4,0,2,0.0,0.0
543,1,0,0,1,0.908,SINGLE_BALL,0.908,4,0,2,0.0,0.0
544,1,0,0,1,0.908,SINGLE_BALL,0.908,4,0,2,0.0,0.0
545,2,0,0,2,0.776,TWO_BALL,0.776,4,0,2,0.0,0.0
546,2,0,0,2,0.776,TWO_BALL,0.776,4,0,2,0.0,0.0
547,2,0,0,2,0.776,TWO_BALL,0.776,4,0,2,0.0,0.0
548,2,0,0,2,0.776,TWO_BALL,0.776,4,0,2,0.0,0.0
549,3,0,0,3,0.704,MIXED_3+,0.704,4,1,2,0.667,0.0
550,3,0,0,3,0.704,MIXED_3+,0.704,4,1,2,0.667,0.0
551,3,0,0,3,0.704,MIXED_3+,0.704,4,1,2,0.667,0.0
552,3,0,0,3,0.704,MIXED_3+,0.704,4,1,2,0.667,0.0
553,3,0,0,3,0.704,MIXED_3+,0.704,4,1,2,0.667,0.0
554,3,0,0,3,0.704,MIXED_3+,0.704,4,1,2,0.667,0.0
555,3,0,0,3,0.704,MIXED_3+,0.704,4,1,2,0.667,0.0
556,3,0,0,3,0.704,MIXED_3+,0.704,4,1,2,0.667,0.0
557,3,0,0,3,0.704,MIXED_3+,0.704,4,1,2,0.667,0.0
558,3,0,0,3,0.704,MIXED_3+,0.704,4,1,2,0.667,0.0
559,3,0,0,3,0.704,MIXED_3+,0.704,4,1,2,0.667,0.0
560,3,0,0,3,0.704,MIXED_3+,0.704,4,1,2,0.667,0.0
561,3,0,0,3,0.704,MIXED_3+,0.704,4,1,2,0.667,0.0
562,3,0,0,3,0.704,MIXED_3+,0.704,4,1,2,0.667,0.0
563,3,0,0,3,0.704,MIXED_3+,0.704,4,1,2,0.667,0.0
564,3,0,0,3,0.704,MIXED_3+,0.704,4,1,2,0.667,0.0
565,3,0,0,3,0.704,MIXED_3+,0.704,4,1,2,0.667,0.0
566,3,0,0,3,0.704,MIXED_3+,0.704,4,1,2,0.667,0.0
567,3,0,0,3,0.704,MIXED_3+,0.704,4,1,2,0.667,0.0
568,3,0,0,3,0.704,MIXED_3+,0.704,4,1,2,0.667,0.0
569,3,0,0,3,0.704,MIXED_3+,0.704,4,1,2,0.667,0.0
570,3,0,0,3,0.704,MIXED_3+,0.704,4,1,2,0.667,0.0
571,3,0,0,3,0.704,MIXED_3+,0.704,4,1,2,0.667,0.0
572,3,0,0,3,0.704,MIXED_3+,0.704,4,1,2,0.667,0.0
573,3,0,0,3,0.704,MIXED_3+,0.704,4,1,2,0.667,0.0
574,3,0,0,3,0.704,MIXED_3+,0.704,4,1,2,0.667,0.0
575,3,0,0,3,0.704,MIXED_3+,0.704,4,1,2,0.667,0.0
576,3,0,0,3,0.704,MIXED_3+,0.704,4,1,2,0.667,0.0
577,3,0,0,3,0.704,MIXED_3+,0.704,4,1,2,0.667,0.0
578,3,0,0,3,0.704,MIXED_3+,0.704,4,1,2,0.667,0.0
579,2,0,0,2,0.602,TWO_BALL,0.602,4,0,2,0.0,0.0
580,2,0,0,2,0.602,TWO_BALL,0.602,4,0,2,0.0,0.0
581,2,0,0,2,0.602,TWO_BALL,0.602,4,0,2,0.0,0.0
582,2,0,0,2,0.602,TWO_BALL,0.602,4,0,2,0.0,0.0
583,1,0,0,1,0.645,SINGLE_BALL,0.645,4,0,2,0.0,0.0
584,1,0,0,1,0.645,SINGLE_BALL,0.645,4,0,2,0.0,0.0
585,1,0,0,1,0.645,SINGLE_BALL,0.645,4,0,2,0.0,0.0
586,1,0,0,1,0.645,SINGLE_BALL,0.645,4,0,2,0.0,0.0
587,1,0,0,1,0.645,SINGLE_BALL,0.645,4,0,2,0.0,0.0
588,1,0,0,1,0.645,SINGLE_BALL,0.645,4,0,2,0.0,0.0
589,1,0,0,1,0.645,SINGLE_BALL,0.645,4,0,2,0.0,0.0
590,1,0,0,1,0.645,SINGLE_BALL,0.645,4,0,2,0.0,0.0
591,2,0,0,2,0.602,TWO_BALL,0.602,4,0,2,0.0,0.0
592,2,0,0,2,0.602,TWO_BALL,0.602,4,0,2,0.0,0.0
593,3,0,0,3,0.696,MIXED_3+,0.696,4,1,2,0.667,0.0
594,3,0,0,3,0.696,MIXED_3+,0.696,4,1,2,0.667,0.0
595,3,0,0,3,0.696,MIXED_3+,0.696,4,1,2,0.667,0.0
596,3,0,0,3,0.696,MIXED_3+,0.696,4,1,2,0.667,0.0
597,3,0,0,3,0.696,MIXED_3+,0.696,4,1,2,0.667,0.0
598,3,0,0,3,0.696,MIXED_3+,0.696,4,1,2,0.667,0.0
599,2,0,0,2,0.602,TWO_BALL,0.602,4,0,2,0.0,0.0
600,2,0,0,2,0.602,TWO_BALL,0.602,4,0,2,0.0,0.0
601,2,0,0,2,0.602,TWO_BALL,0.602,4,0,2,0.0,0.0
602,2,0,0,2,0.602,TWO_BALL,0.602,4,0,2,0.0,0.0
603,2,0,0,2,0.602,TWO_BALL,0.602,4,0,2,0.0,0.0
604,2,0,0,2,0.602,TWO_BALL,0.602,4,0,2,0.0,0.0
605,2,0,0,2,0.602,TWO_BALL,0.602,4,0,2,0.0,0.0
606,2,0,0,2,0.602,TWO_BALL,0.602,4,0,2,0.0,0.0
607,2,0,0,2,0.602,TWO_BALL,0.602,4,0,2,0.0,0.0
608,2,0,0,2,0.602,TWO_BALL,0.602,4,0,2,0.0,0.0
609,1,0,0,1,0.645,SINGLE_BALL,0.645,4,0,2,0.0,0.0
610,1,0,0,1,0.645,SINGLE_BALL,0.645,4,0,2,0.0,0.0
611,1,0,0,1,0.645,SINGLE_BALL,0.645,4,0,2,0.0,0.0
612,1,0,0,1,0.645,SINGLE_BALL,0.645,4,0,2,0.0,0.0
613,1,0,0,1,0.645,SINGLE_BALL,0.645,4,0,2,0.0,0.0
614,1,0,0,1,0.645,SINGLE_BALL,0.645,4,0,2,0.0,0.0
615,1,0,0,1,0.645,SINGLE_BALL,0.645,4,0,2,0.0,0.0
616,1,0,0,1,0.645,SINGLE_BALL,0.645,4,0,2,0.0,0.0
617,1,0,0,1,0.645,SINGLE_BALL,0.645,4,0,2,0.0,0.0
618,1,0,0,1,0.645,SINGLE_BALL,0.645,4,0,2,0.0,0.0
619,1,0,0,1,0.645,SINGLE_BALL,0.645,4,0,2,0.0,0.0
620,1,0,0,1,0.645,SINGLE_BALL,0.645,4,0,2,0.0,0.0
621,2,0,0,2,0.602,TWO_BALL,0.602,4,0,2,0.0,0.0
622,2,0,0,2,0.602,TWO_BALL,0.602,4,0,2,0.0,0.0
623,2,0,0,2,0.792,TWO_BALL,0.792,4,0,2,0.0,0.0
624,2,0,0,2,0.792,TWO_BALL,0.792,4,0,2,0.0,0.0
625,2,0,0,2,0.792,TWO_BALL,0.792,4,0,2,0.0,0.0
626,2,0,0,2,0.792,TWO_BALL,0.792,4,0,2,0.0,0.0
627,2,0,0,2,0.792,TWO_BALL,0.792,4,0,2,0.0,0.0
628,2,0,0,2,0.792,TWO_BALL,0.792,4,0,2,0.0,0.0
629,2,0,0,2,0.792,TWO_BALL,0.792,4,0,2,0.0,0.0
630,2,0,0,2,0.792,TWO_BALL,0.792,4,0,2,0.0,0.0
631,3,0,0,3,0.714,FOUNTAIN_3+,0.714,4,3,1,0.0,1.5
632,3,0,0,3,0.714,FOUNTAIN_3+,0.714,4,3,1,0.0,1.5
633,3,0,0,3,0.714,FOUNTAIN_3+,0.714,4,3,1,0.0,1.5
634,3,0,0,3,0.714,FOUNTAIN_3+,0.714,4,3,1,0.0,1.5
635,3,0,0,3,0.714,FOUNTAIN_3+,0.714,4,3,1,0.0,1.5
636,3,0,0,3,0.714,FOUNTAIN_3+,0.714,4,3,1,0.0,1.5
637,3,0,0,3,0.714,FOUNTAIN_3+,0.714,4,3,1,0.0,1.5
638,3,0,0,3,0.714,FOUNTAIN_3+,0.714,4,3,1,0.0,1.5
639,3,0,0,3,0.714,FOUNTAIN_3+,0.714,4,3,1,0.0,1.5
640,3,0,0,3,0.714,FOUNTAIN_3+,0.714,4,3,1,0.0,1.5
641,3,0,0,3,0.714,FOUNTAIN_3+,0.714,4,3,1,0.0,1.5
642,3,0,0,3,0.714,FOUNTAIN_3+,0.714,4,3,1,0.0,1.5
643,3,0,0,3,0.714,FOUNTAIN_3+,0.714,4,3,1,0.0,1.5
644,3,0,0,3,0.714,FOUNTAIN_3+,0.714,4,3,1,0.0,1.5
645,3,0,0,3,0.714,FOUNTAIN_3+,0.714,4,3,1,0.0,1.5
646,3,0,0,3,0.714,FOUNTAIN_3+,0.714,4,3,1,0.0,1.5
647,3,0,0,3,0.714,FOUNTAIN_3+,0.714,4,3,1,0.0,1.5
648,3,0,0,3,0.714,FOUNTAIN_3+,0.714,4,3,1,0.0,1.5
649,3,0,0,3,0.714,FOUNTAIN_3+,0.714,4,3,1,0.0,1.5
650,3,0,0,3,0.714,FOUNTAIN_3+,0.714,4,3,1,0.0,1.5
651,3,0,0,3,0.714,FOUNTAIN_3+,0.714,4,3,1,0.0,1.5
652,3,0,0,3,0.714,FOUNTAIN_3+,0.714,4,3,1,0.0,1.5
653,3,0,0,3,0.714,FOUNTAIN_3+,0.714,4,3,1,0.0,1.5
654,3,0,0,3,0.714,FOUNTAIN_3+,0.714,4,3,1,0.0,1.5
655,3,0,0,3,0.714,FOUNTAIN_3+,0.714,4,3,1,0.0,1.5
656,3,0,0,3,0.714,FOUNTAIN_3+,0.714,4,3,1,0.0,1.5
657,3,0,0,3,0.714,FOUNTAIN_3+,0.714,4,3,1,0.0,1.5
658,3,0,0,3,0.714,FOUNTAIN_3+,0.714,4,3,1,0.0,1.5
659,3,0,0,3,0.714,FOUNTAIN_3+,0.714,4,3,1,0.0,1.5
660,3,0,0,3,0.714,FOUNTAIN_3+,0.714,4,3,1,0.0,1.5
661,3,0,0,3,0.714,FOUNTAIN_3+,0.714,4,3,1,0.0,1.5
662,3,0,0,3,0.714,FOUNTAIN_3+,0.714,4,3,1,0.0,1.5
663,3,0,0,3,0.714,FOUNTAIN_3+,0.714,4,3,1,0.0,1.5
664,3,0,0,3,0.714,FOUNTAIN_3+,0.714,4,3,1,0.0,1.5
665,3,0,0,3,0.714,FOUNTAIN_3+,0.714,4,3,1,0.0,1.5
666,3,0,0,3,0.714,FOUNTAIN_3+,0.714,4,3,1,0.0,1.5
667,3,0,0,3,0.714,FOUNTAIN_3+,0.714,4,3,1,0.0,1.5
668,3,0,0,3,0.714,FOUNTAIN_3+,0.714,4,3,1,0.0,1.5
669,3,0,0,3,0.714,FOUNTAIN_3+,0.714,4,3,1,0.0,1.5
670,3,0,0,3,0.714,MIXED_3+,0.714,4,2,2,0.333,1.25
671,2,0,0,2,0.792,TWO_BALL,0.792,4,0,2,0.0,0.0
672,2,0,0,2,0.792,TWO_BALL,0.792,4,0,2,0.0,0.0
673,2,0,0,2,0.792,TWO_BALL,0.792,4,0,2,0.0,0.0
674,2,0,0,2,0.792,TWO_BALL,0.792,4,0,2,0.0,0.0
675,2,0,0,2,0.792,TWO_BALL,0.792,4,0,2,0.0,0.0
676,2,0,0,2,0.792,TWO_BALL,0.792,4,0,2,0.0,0.0
677,1,0,0,1,0.938,SINGLE_BALL,0.938,4,0,2,0.0,0.0
678,1,0,0,1,0.938,SINGLE_BALL,0.938,4,0,2,0.0,0.0
679,2,0,0,2,0.748,TWO_BALL,0.748,4,0,2,0.0,0.0
680,2,0,0,2,0.748,TWO_BALL,0.748,4,0,2,0.0,0.0
681,2,0,0,2,0.748,TWO_BALL,0.748,4,0,2,0.0,0.0
682,2,0,0,2,0.748,TWO_BALL,0.748,4,0,2,0.0,0.0
683,2,0,0,2,0.748,TWO_BALL,0.748,4,0,2,0.0,0.0
684,2,0,0,2,0.748,TWO_BALL,0.748,4,0,2,0.0,0.0
685,3,0,0,3,0.714,CASCADE_3+,0.714,4,0,1,1.0,10.0
686,3,0,0,3,0.714,CASCADE_3+,0.714,4,0,1,1.0,10.0
687,3,0,0,3,0.714,CASCADE_3+,0.714,4,0,1,1.0,10.0
688,3,0,0,3,0.714,CASCADE_3+,0.714,4,0,1,1.0,10.0
689,3,0,0,3,0.714,CASCADE_3+,0.714,4,0,1,1.0,10.0
690,3,0,0,3,0.714,CASCADE_3+,0.714,4,0,1,1.0,10.0
691,4,0,0,4,0.785,CASCADE_3+,0.785,4,0,1,1.0,10.0
692,4,0,0,4,0.785,CASCADE_3+,0.785,4,0,1,1.0,10.0
693,4,0,0,4,0.785,CASCADE_3+,0.785,4,0,1,1.0,10.0
694,4,0,0,4,0.785,CASCADE_3+,0.785,4,0,1,1.0,10.0
695,4,0,0,4,0.785,CASCADE_3+,0.785,4,0,1,1.0,10.0
696,4,0,0,4,0.785,CASCADE_3+,0.785,4,0,1,1.0,10.0
697,5,0,0,5,0.828,CASCADE_3+,0.828,4,0,1,1.0,10.0
698,4,0,0,4,0.785,CASCADE_3+,0.785,4,0,1,1.0,10.0
699,4,0,0,4,0.785,CASCADE_3+,0.785,4,0,1,1.0,10.0
700,4,0,0,4,0.785,CASCADE_3+,0.785,4,0,1,1.0,10.0
701,3,0,0,3,0.714,CASCADE_3+,0.714,4,0,1,1.0,10.0
702,3,0,0,3,0.714,CASCADE_3+,0.714,4,0,1,1.0,10.0
703,3,0,0,3,0.714,CASCADE_3+,0.714,4,0,1,1.0,10.0
704,3,0,0,3,0.714,CASCADE_3+,0.714,4,0,1,1.0,10.0
705,3,0,0,3,0.714,CASCADE_3+,0.714,4,0,1,1.0,10.0
706,3,0,0,3,0.714,CASCADE_3+,0.714,4,0,1,1.0,10.0
707,3,0,0,3,0.714,CASCADE_3+,0.714,4,0,1,1.0,10.0
708,3,0,0,3,0.714,CASCADE_3+,0.714,4,0,1,1.0,10.0
709,3,0,0,3,0.714,CASCADE_3+,0.714,4,0,1,1.0,10.0
710,3,0,0,3,0.714,CASCADE_3+,0.714,4,0,1,1.0,10.0
711,3,0,0,3,0.714,CASCADE_3+,0.714,4,0,1,1.0,10.0
712,3,0,0,3,0.714,CASCADE_3+,0.714,4,0,1,1.0,10.0
713,3,0,0,3,0.714,CASCADE_3+,0.714,4,0,1,1.0,10.0
714,3,0,0,3,0.714,CASCADE_3+,0.714,4,0,1,1.0,10.0
715,3,0,0,3,0.714,CASCADE_3+,0.714,4,0,1,1.0,10.0
716,3,0,0,3,0.714,CASCADE_3+,0.714,4,0,1,1.0,10.0
717,2,0,0,2,0.792,TWO_BALL,0.792,4,0,1,0.0,0.0
718,2,0,0,2,0.792,TWO_BALL,0.792,4,0,1,0.0,0.0
719,2,0,0,2,0.792,TWO_BALL,0.792,4,0,1,0.0,0.0
720,2,0,0,2,0.792,TWO_BALL,0.792,4,0,1,0.0,0.0
721,2,0,0,2,0.792,TWO_BALL,0.792,4,0,1,0.0,0.0
722,2,0,0,2,0.792,TWO_BALL,0.792,4,0,1,0.0,0.0
723,2,0,0,2,0.792,TWO_BALL,0.792,4,0,1,0.0,0.0
724,2,0,0,2,0.792,TWO_BALL,0.792,4,0,1,0.0,0.0
725,2,0,0,2,0.792,TWO_BALL,0.792,4,0,1,0.0,0.0
726,2,0,0,2,0.792,TWO_BALL,0.792,4,0,1,0.0,0.0
727,2,0,0,2,0.792,TWO_BALL,0.792,4,0,1,0.0,0.0
728,2,0,0,2,0.792,TWO_BALL,0.792,4,0,1,0.0,0.0
729,2,0,0,2,0.792,TWO_BALL,0.792,4,0,1,0.0,0.0
730,2,0,0,2,0.792,TWO_BALL,0.792,4,0,1,0.0,0.0
731,2,0,0,2,0.792,TWO_BALL,0.792,4,0,1,0.0,0.0
732,2,0,0,2,0.792,TWO_BALL,0.792,4,0,1,0.0,0.0
733,3,0,0,3,0.751,CASCADE_3+,0.751,4,0,1,1.0,10.0
734,3,0,0,3,0.751,CASCADE_3+,0.751,4,0,1,1.0,10.0
735,3,0,0,3,0.751,CASCADE_3+,0.751,4,0,1,1.0,10.0
736,3,0,0,3,0.751,CASCADE_3+,0.751,4,0,1,1.0,10.0
737,3,0,0,3,0.751,CASCADE_3+,0.751,4,0,1,1.0,10.0
738,3,0,0,3,0.751,CASCADE_3+,0.751,4,0,1,1.0,10.0
739,3,0,0,3,0.751,CASCADE_3+,0.751,4,0,1,1.0,10.0
740,3,0,0,3,0.751,CASCADE_3+,0.751,4,0,1,1.0,10.0
741,3,0,0,3,0.751,CASCADE_3+,0.751,4,0,1,1.0,10.0
742,3,0,0,3,0.751,CASCADE_3+,0.751,4,0,1,1.0,10.0
743,3,0,0,3,0.751,CASCADE_3+,0.751,4,0,1,1.0,10.0
744,3,0,0,3,0.751,CASCADE_3+,0.751,4,0,1,1.0,10.0
745,3,0,0,3,0.751,CASCADE_3+,0.751,4,0,1,1.0,10.0
746,3,0,0,3,0.751,CASCADE_3+,0.751,4,0,1,1.0,10.0
747,3,0,0,3,0.751,CASCADE_3+,0.751,4,0,1,1.0,10.0
748,3,0,0,3,0.751,CASCADE_3+,0.751,4,0,1,1.0,10.0
749,3,0,0,3,0.751,CASCADE_3+,0.751,4,0,1,1.0,10.0
750,3,0,0,3,0.751,CASCADE_3+,0.751,4,0,1,1.0,10.0
751,3,0,0,3,0.751,CASCADE_3+,0.751,4,0,1,1.0,10.0
752,3,0,0,3,0.751,CASCADE_3+,0.751,4,0,1,1.0,10.0
753,3,0,0,3,0.751,CASCADE_3+,0.751,4,0,1,1.0,10.0
754,3,0,0,3,0.751,CASCADE_3+,0.751,4,0,1,1.0,10.0
755,3,0,0,3,0.751,CASCADE_3+,0.751,4,0,1,1.0,10.0
756,3,0,0,3,0.751,CASCADE_3+,0.751,4,0,1,1.0,10.0
757,3,0,0,3,0.751,CASCADE_3+,0.751,4,0,1,1.0,10.0
758,3,0,0,3,0.751,CASCADE_3+,0.751,4,0,1,1.0,10.0
759,3,0,0,3,0.751,CASCADE_3+,0.751,4,0,1,1.0,10.0
760,3,0,0,3,0.751,CASCADE_3+,0.751,4,0,1,1.0,10.0
761,3,0,0,3,0.751,CASCADE_3+,0.751,4,0,1,1.0,10.0
762,3,0,0,3,0.751,CASCADE_3+,0.751,4,0,1,1.0,10.0
763,3,0,0,3,0.751,CASCADE_3+,0.751,4,0,1,1.0,10.0
764,3,0,0,3,0.751,CASCADE_3+,0.751,4,0,1,1.0,10.0
765,4,0,0,4,0.745,CASCADE_3+,0.745,4,0,1,1.0,10.0
766,4,0,0,4,0.745,CASCADE_3+,0.745,4,0,1,1.0,10.0
767,2,0,0,2,0.803,TWO_BALL,0.803,4,0,1,0.0,0.0
768,2,0,0,2,0.803,TWO_BALL,0.803,4,0,1,0.0,0.0
769,2,0,0,2,0.803,TWO_BALL,0.803,4,0,1,0.0,0.0
770,2,0,0,2,0.803,TWO_BALL,0.803,4,0,1,0.0,0.0
771,2,0,0,2,0.803,TWO_BALL,0.803,4,0,1,0.0,0.0
772,2,0,0,2,0.803,TWO_BALL,0.803,4,0,1,0.0,0.0
773,2,0,0,2,0.803,TWO_BALL,0.803,4,0,1,0.0,0.0
774,2,0,0,2,0.803,TWO_BALL,0.803,4,0,1,0.0,0.0
775,3,0,0,3,0.778,CASCADE_3+,0.778,4,0,1,1.0,10.0
776,3,0,0,3,0.778,CASCADE_3+,0.778,4,0,1,1.0,10.0
777,3,0,0,3,0.778,CASCADE_3+,0.778,4,0,1,1.0,10.0
778,3,0,0,3,0.778,CASCADE_3+,0.778,4,0,1,1.0,10.0
779,3,0,0,3,0.778,CASCADE_3+,0.778,4,0,1,1.0,10.0
780,3,0,1,3,0.778,MIXED_3+,0.778,4,0,2,1.0,0.58
781,1,0,0,1,0.668,SINGLE_BALL,0.668,4,0,2,0.0,0.0
782,1,0,0,1,0.668,SINGLE_BALL,0.668,4,0,2,0.0,0.0
783,1,0,0,1,0.668,SINGLE_BALL,0.668,4,0,2,0.0,0.0
784,1,0,0,1,0.668,SINGLE_BALL,0.668,4,0,2,0.0,0.0
785,1,0,0,1,0.668,SINGLE_BALL,0.668,4,0,2,0.0,0.0
786,1,0,0,1,0.668,SINGLE_BALL,0.668,4,0,2,0.0,0.0
787,1,0,0,1,0.668,SINGLE_BALL,0.668,4,0,2,0.0,0.0
788,1,0,0,1,0.668,SINGLE_BALL,0.668,4,0,2,0.0,0.0
789,1,0,0,1,0.668,SINGLE_BALL,0.668,4,0,2,0.0,0.0
790,1,0,0,1,0.668,SINGLE_BALL,0.668,4,0,2,0.0,0.0
791,2,0,0,2,0.537,TWO_BALL,0.537,4,0,2,0.0,0.0
792,2,0,0,2,0.537,TWO_BALL,0.537,4,0,2,0.0,0.0
793,2,0,0,2,0.537,TWO_BALL,0.537,4,0,2,0.0,0.0
794,2,0,0,2,0.537,TWO_BALL,0.537,4,0,2,0.0,0.0
795,2,0,0,2,0.537,TWO_BALL,0.537,4,0,2,0.0,0.0
796,2,0,0,2,0.537,TWO_BALL,0.537,4,0,2,0.0,0.0
797,3,0,1,3,0.6,MIXED_3+,0.6,4,1,2,0.667,0.0
798,3,0,0,3,0.6,MIXED_3+,0.6,4,1,2,0.667,0.0
799,3,0,0,3,0.6,MIXED_3+,0.6,4,1,2,0.667,0.0
800,3,0,0,3,0.6,MIXED_3+,0.6,4,1,2,0.667,0.0
801,3,0,0,3,0.6,MIXED_3+,0.6,4,1,2,0.667,0.0
802,3,0,0,3,0.6,MIXED_3+,0.6,4,1,2,0.667,0.0
803,3,0,0,3,0.6,MIXED_3+,0.6,4,1,2,0.667,0.0
804,3,0,0,3,0.6,MIXED_3+,0.6,4,1,2,0.667,0.0
805,3,0,0,3,0.6,MIXED_3+,0.6,4,1,2,0.667,0.0
806,2,0,0,2,0.566,TWO_BALL,0.566,4,0,2,0.0,0.0
807,2,0,0,2,0.566,TWO_BALL,0.566,4,0,2,0.0,0.0
808,2,0,0,2,0.566,TWO_BALL,0.566,4,0,2,0.0,0.0
809,2,0,0,2,0.566,TWO_BALL,0.566,4,0,2,0.0,0.0
810,2,0,0,2,0.566,TWO_BALL,0.566,4,0,2,0.0,0.0
811,3,0,0,3,0.6,MIXED_3+,0.6,4,1,2,0.667,0.0
812,2,0,0,2,0.566,TWO_BALL,0.566,4,0,2,0.0,0.0
813,2,0,0,2,0.566,TWO_BALL,0.566,4,0,2,0.0,0.0
814,3,0,0,3,0.711,MIXED_3+,0.711,4,1,2,0.667,0.0
815,3,0,0,3,0.711,MIXED_3+,0.711,4,1,2,0.667,0.0
816,3,0,0,3,0.711,MIXED_3+,0.711,4,1,2,0.667,0.0
817,3,0,0,3,0.711,MIXED_3+,0.711,4,1,2,0.667,0.0
818,3,0,0,3,0.711,MIXED_3+,0.711,4,1,2,0.667,0.0
819,3,0,0,3,0.711,MIXED_3+,0.711,4,1,2,0.667,0.0
820,3,0,0,3,0.711,MIXED_3+,0.711,4,1,2,0.667,0.0
821,3,0,0,3,0.711,MIXED_3+,0.711,4,1,2,0.667,0.0
822,3,0,0,3,0.711,MIXED_3+,0.711,4,1,2,0.667,0.0
823,3,0,0,3,0.711,MIXED_3+,0.711,4,1,2,0.667,0.0
824,3,0,0,3,0.711,MIXED_3+,0.711,4,1,2,0.667,0.0
825,3,0,0,3,0.711,MIXED_3+,0.711,4,1,2,0.667,0.0
826,3,0,0,3,0.711,MIXED_3+,0.711,4,1,2,0.667,0.0
827,3,0,0,3,0.711,MIXED_3+,0.711,4,1,2,0.667,0.0
828,3,0,0,3,0.711,MIXED_3+,0.711,4,1,2,0.667,0.0
829,3,0,0,3,0.711,MIXED_3+,0.711,4,1,2,0.667,0.0
830,2,0,1,2,0.566,TWO_BALL_ONE_HAND,0.566,4,0,1,0.0,0.0
831,1,0,0,1,0.405,SINGLE_BALL,0.405,4,0,1,0.0,0.0
832,1,0,0,1,0.405,SINGLE_BALL,0.405,4,0,1,0.0,0.0
833,1,0,0,1,0.405,SINGLE_BALL,0.405,4,0,1,0.0,0.0
834,1,0,0,1,0.405,SINGLE_BALL,0.405,4,0,1,0.0,0.0
835,1,0,0,1,0.405,SINGLE_BALL,0.405,4,0,1,0.0,0.0
836,1,0,0,1,0.405,SINGLE_BALL,0.405,4,0,1,0.0,0.0
837,1,0,0,1,0.405,SINGLE_BALL,0.405,4,0,1,0.0,0.0
838,1,0,0,1,0.405,SINGLE_BALL,0.405,4,0,1,0.0,0.0
839,2,0,1,2,0.675,TWO_BALL_ONE_HAND,0.675,4,0,1,0.0,0.0
840,1,0,0,1,0.944,SINGLE_BALL,0.944,4,0,1,0.0,0.0
841,1,0,0,1,0.944,SINGLE_BALL,0.944,4,0,1,0.0,0.0
842,1,0,0,1,0.944,SINGLE_BALL,0.944,4,0,1,0.0,0.0
843,1,0,0,1,0.944,SINGLE_BALL,0.944,4,0,1,0.0,0.0
844,1,0,0,1,0.944,SINGLE_BALL,0.944,4,0,1,0.0,0.0
845,1,0,0,1,0.944,SINGLE_BALL,0.944,4,0,1,0.0,0.0
846,1,0,0,1,0.944,SINGLE_BALL,0.944,4,0,1,0.0,0.0
847,1,0,0,1,0.944,SINGLE_BALL,0.944,4,0,1,0.0,0.0
848,1,0,0,1,0.944,SINGLE_BALL,0.944,4,0,1,0.0,0.0
849,1,0,0,1,0.944,SINGLE_BALL,0.944,4,0,1,0.0,0.0
850,1,0,0,1,0.944,SINGLE_BALL,0.944,4,0,1,0.0,0.0
851,1,0,0,1,0.944,SINGLE_BALL,0.944,4,0,1,0.0,0.0
852,1,0,0,1,0.944,SINGLE_BALL,0.944,4,0,1,0.0,0.0
853,1,0,0,1,0.944,SINGLE_BALL,0.944,4,0,1,0.0,0.0
854,1,0,0,1,0.944,SINGLE_BALL,0.944,4,0,1,0.0,0.0
855,2,0,0,2,0.972,TWO_BALL,0.972,4,0,1,0.0,0.0
856,3,0,1,3,0.89,FOUNTAIN_3+,0.89,4,3,1,0.0,6.67
857,2,0,0,2,0.835,TWO_BALL,0.835,4,0,1,0.0,0.0
858,2,0,0,2,0.835,TWO_BALL,0.835,4,0,1,0.0,0.0
859,2,0,0,2,0.835,TWO_BALL,0.835,4,0,1,0.0,0.0
860,3,0,1,3,0.692,FOUNTAIN_3+,0.692,4,3,1,0.0,6.67
861,3,0,0,3,0.692,FOUNTAIN_3+,0.692,4,3,1,0.0,6.67
862,3,0,0,3,0.692,FOUNTAIN_3+,0.692,4,3,1,0.0,6.67
863,3,0,0,3,0.692,FOUNTAIN_3+,0.692,4,3,1,0.0,6.67
864,3,0,0,3,0.692,FOUNTAIN_3+,0.692,4,3,1,0.0,6.67
865,3,0,0,3,0.692,FOUNTAIN_3+,0.692,4,3,1,0.0,6.67
866,3,0,0,3,0.692,FOUNTAIN_3+,0.692,4,3,1,0.0,6.67
867,3,0,0,3,0.692,FOUNTAIN_3+,0.692,4,3,1,0.0,6.67
868,3,0,0,3,0.692,FOUNTAIN_3+,0.692,4,3,1,0.0,6.67
869,3,0,0,3,0.692,FOUNTAIN_3+,0.692,4,3,1,0.0,6.67
870,3,0,0,3,0.692,FOUNTAIN_3+,0.692,4,3,1,0.0,6.67
871,3,0,0,3,0.692,FOUNTAIN_3+,0.692,4,3,1,0.0,6.67
872,3,0,1,3,0.692,FOUNTAIN_3+,0.692,4,3,1,0.0,1.82
873,2,0,0,2,0.675,TWO_BALL,0.675,4,0,1,0.0,0.0
874,2,0,0,2,0.675,TWO_BALL,0.675,4,0,1,0.0,0.0
875,2,0,0,2,0.675,TWO_BALL,0.675,4,0,1,0.0,0.0
876,2,0,0,2,0.675,TWO_BALL,0.675,4,0,1,0.0,0.0
877,2,0,0,2,0.675,TWO_BALL,0.675,4,0,1,0.0,0.0
878,2,0,0,2,0.675,TWO_BALL,0.675,4,0,1,0.0,0.0
879,2,0,0,2,0.675,TWO_BALL,0.675,4,0,1,0.0,0.0
880,2,0,0,2,0.675,TWO_BALL,0.675,4,0,1,0.0,0.0
881,1,0,0,1,0.405,SINGLE_BALL,0.405,4,0,1,0.0,0.0
882,1,0,0,1,0.405,SINGLE_BALL,0.405,4,0,1,0.0,0.0
883,2,0,0,2,0.703,TWO_BALL,0.703,4,0,1,0.0,0.0
884,2,0,0,2,0.703,TWO_BALL,0.703,4,0,1,0.0,0.0
885,3,0,0,3,0.662,FOUNTAIN_3+,0.662,4,3,1,0.0,1.82
886,2,0,0,2,0.493,TWO_BALL,0.493,4,0,1,0.0,0.0
887,2,0,0,2,0.493,TWO_BALL,0.493,4,0,1,0.0,0.0
888,2,0,0,2,0.493,TWO_BALL,0.493,4,0,1,0.0,0.0
889,2,0,0,2,0.493,TWO_BALL,0.493,4,0,1,0.0,0.0
890,3,0,1,3,0.571,FOUNTAIN_3+,0.571,4,3,1,0.0,0.0
891,3,0,0,3,0.571,FOUNTAIN_3+,0.571,4,3,1,0.0,0.0
892,3,0,0,3,0.571,FOUNTAIN_3+,0.571,4,3,1,0.0,0.0
893,3,0,0,3,0.571,FOUNTAIN_3+,0.571,4,3,1,0.0,0.0
894,3,0,0,3,0.571,FOUNTAIN_3+,0.571,4,3,1,0.0,0.0
895,3,0,0,3,0.571,FOUNTAIN_3+,0.571,4,3,1,0.0,0.0
896,3,0,0,3,0.571,FOUNTAIN_3+,0.571,4,3,1,0.0,0.0
897,3,0,0,3,0.571,FOUNTAIN_3+,0.571,4,3,1,0.0,0.0
898,3,0,0,3,0.571,FOUNTAIN_3+,0.571,4,3,1,0.0,0.0
899,3,0,0,3,0.571,FOUNTAIN_3+,0.571,4,3,1,0.0,0.0
900,3,0,0,3,0.571,FOUNTAIN_3+,0.571,4,3,1,0.0,0.0
901,3,0,0,3,0.571,FOUNTAIN_3+,0.571,4,3,1,0.0,0.0
902,3,0,0,3,0.571,FOUNTAIN_3+,0.571,4,3,1,0.0,0.0
903,3,0,0,3,0.571,FOUNTAIN_3+,0.571,4,3,1,0.0,0.0
904,3,0,0,3,0.571,FOUNTAIN_3+,0.571,4,3,1,0.0,0.0
905,3,0,0,3,0.571,FOUNTAIN_3+,0.571,4,3,1,0.0,0.0
906,3,0,0,3,0.571,FOUNTAIN_3+,0.571,4,3,1,0.0,0.0
907,3,0,0,3,0.571,FOUNTAIN_3+,0.571,4,3,1,0.0,0.0
908,3,0,0,3,0.571,FOUNTAIN_3+,0.571,4,3,1,0.0,0.0
909,3,0,0,3,0.571,FOUNTAIN_3+,0.571,4,3,1,0.0,0.0
910,3,0,0,3,0.571,FOUNTAIN_3+,0.571,4,3,1,0.0,0.0
911,3,0,0,3,0.571,FOUNTAIN_3+,0.571,4,3,1,0.0,0.0
912,3,0,0,3,0.571,FOUNTAIN_3+,0.571,4,3,1,0.0,0.0
913,3,0,0,3,0.571,FOUNTAIN_3+,0.571,4,3,1,0.0,0.0
914,3,0,0,3,0.571,FOUNTAIN_3+,0.571,4,3,1,0.0,0.0
915,3,0,0,3,0.571,FOUNTAIN_3+,0.571,4,3,1,0.0,0.0
916,3,0,0,3,0.571,FOUNTAIN_3+,0.571,4,3,1,0.0,0.0
917,3,0,0,3,0.571,FOUNTAIN_3+,0.571,4,3,1,0.0,0.0
918,3,0,0,3,0.571,FOUNTAIN_3+,0.571,4,3,1,0.0,0.0
919,3,0,0,3,0.571,FOUNTAIN_3+,0.571,4,3,1,0.0,0.0
920,3,0,0,3,0.571,FOUNTAIN_3+,0.571,4,3,1,0.0,0.0
921,3,0,0,3,0.571,FOUNTAIN_3+,0.571,4,3,1,0.0,0.0
922,3,0,0,3,0.571,FOUNTAIN_3+,0.571,4,3,1,0.0,0.0
923,3,0,0,3,0.571,FOUNTAIN_3+,0.571,4,3,1,0.0,0.0
924,3,0,0,3,0.571,FOUNTAIN_3+,0.571,4,3,1,0.0,0.0
925,3,0,0,3,0.571,FOUNTAIN_3+,0.571,4,3,1,0.0,0.0
926,3,0,0,3,0.571,FOUNTAIN_3+,0.571,4,3,1,0.0,0.0
927,3,0,0,3,0.571,FOUNTAIN_3+,0.571,4,3,1,0.0,0.0
928,3,0,0,3,0.571,FOUNTAIN_3+,0.571,4,3,1,0.0,0.0
929,3,0,0,3,0.571,FOUNTAIN_3+,0.571,4,3,1,0.0,0.0
930,3,0,0,3,0.571,FOUNTAIN_3+,0.571,4,3,1,0.0,0.0
931,3,0,0,3,0.571,FOUNTAIN_3+,0.571,4,3,1,0.0,0.0
932,3,0,0,3,0.571,FOUNTAIN_3+,0.571,4,3,1,0.0,0.0
933,3,0,0,3,0.571,FOUNTAIN_3+,0.571,4,3,1,0.0,0.0
934,3,0,0,3,0.571,FOUNTAIN_3+,0.571,4,3,1,0.0,0.0
935,3,0,0,3,0.571,FOUNTAIN_3+,0.571,4,3,1,0.0,0.0
936,3,0,0,3,0.571,FOUNTAIN_3+,0.571,4,3,1,0.0,0.0
937,2,0,0,2,0.653,TWO_BALL,0.653,4,0,1,0.0,0.0
938,2,0,0,2,0.653,TWO_BALL,0.653,4,0,1,0.0,0.0
939,2,0,0,2,0.653,TWO_BALL,0.653,4,0,1,0.0,0.0
940,2,0,0,2,0.653,TWO_BALL,0.653,4,0,1,0.0,0.0
941,2,0,0,2,0.653,TWO_BALL,0.653,4,0,1,0.0,0.0
942,2,0,0,2,0.653,TWO_BALL,0.653,4,0,1,0.0,0.0
943,2,0,0,2,0.653,TWO_BALL,0.653,4,0,1,0.0,0.0
944,3,0,0,3,0.571,FOUNTAIN_3+,0.571,4,3,1,0.0,0.0
945,3,0,0,3,0.571,FOUNTAIN_3+,0.571,4,3,1,0.0,0.0
946,2,0,0,2,0.493,TWO_BALL,0.493,4,0,1,0.0,0.0
947,2,0,0,2,0.493,TWO_BALL,0.493,4,0,1,0.0,0.0
948,2,0,0,2,0.493,TWO_BALL,0.493,4,0,1,0.0,0.0
949,1,0,0,1,0.405,SINGLE_BALL,0.405,4,0,1,0.0,0.0
950,1,0,0,1,0.405,SINGLE_BALL,0.405,4,0,1,0.0,0.0
951,1,0,0,1,0.405,SINGLE_BALL,0.405,4,0,1,0.0,0.0
952,1,0,0,1,0.405,SINGLE_BALL,0.405,4,0,1,0.0,0.0
953,1,0,0,1,0.405,SINGLE_BALL,0.405,4,0,1,0.0,0.0
954,1,0,0,1,0.405,SINGLE_BALL,0.405,4,0,1,0.0,0.0
955,1,0,0,1,0.405,SINGLE_BALL,0.405,4,0,1,0.0,0.0
956,2,0,0,2,0.703,TWO_BALL,0.703,4,0,1,0.0,0.0
957,3,0,0,3,0.662,FOUNTAIN_3+,0.662,4,3,1,0.0,0.79
958,3,0,0,3,0.662,FOUNTAIN_3+,0.662,4,3,1,0.0,0.79
959,3,0,0,3,0.662,FOUNTAIN_3+,0.662,4,3,1,0.0,0.79
960,3,0,0,3,0.662,FOUNTAIN_3+,0.662,4,3,1,0.0,0.79
961,3,0,0,3,0.662,FOUNTAIN_3+,0.662,4,3,1,0.0,0.79
962,3,0,0,3,0.662,FOUNTAIN_3+,0.662,4,3,1,0.0,0.79
963,3,0,0,3,0.662,FOUNTAIN_3+,0.662,4,3,1,0.0,0.79
964,3,0,0,3,0.662,FOUNTAIN_3+,0.662,4,3,1,0.0,3.75
965,2,0,0,2,0.79,TWO_BALL,0.79,4,0,1,0.0,0.0
966,1,0,0,1,1.0,SINGLE_BALL,1.0,4,0,1,0.0,0.0
967,1,0,0,1,1.0,SINGLE_BALL,1.0,4,0,1,0.0,0.0
968,2,0,0,2,0.662,TWO_BALL,0.662,4,0,1,0.0,0.0
969,2,0,0,2,0.662,TWO_BALL,0.662,4,0,1,0.0,0.0
970,3,0,0,3,0.576,FOUNTAIN_3+,0.576,4,3,1,0.0,3.75
971,2,0,0,2,0.364,TWO_BALL,0.364,4,0,1,0.0,0.0
972,2,0,0,2,0.364,TWO_BALL,0.364,4,0,1,0.0,0.0
973,2,0,0,2,0.364,TWO_BALL,0.364,4,0,1,0.0,0.0
974,2,0,0,2,0.364,TWO_BALL,0.364,4,0,1,0.0,0.0
975,2,0,0,2,0.364,TWO_BALL,0.364,4,0,1,0.0,0.0
976,2,0,0,2,0.364,TWO_BALL,0.364,4,0,1,0.0,0.0
977,3,0,0,3,0.565,FOUNTAIN_3+,0.565,4,3,1,0.0,3.75
978,3,0,0,3,0.565,FOUNTAIN_3+,0.565,4,3,1,0.0,3.75
979,3,0,0,3,0.565,FOUNTAIN_3+,0.565,4,3,1,0.0,3.75
980,3,0,0,3,0.565,FOUNTAIN_3+,0.565,4,3,1,0.0,3.75
981,3,0,0,3,0.565,FOUNTAIN_3+,0.565,4,3,1,0.0,3.75
982,3,0,0,3,0.565,FOUNTAIN_3+,0.565,4,3,1,0.0,3.75
983,3,0,0,3,0.565,FOUNTAIN_3+,0.565,4,3,1,0.0,3.75
984,3,0,0,3,0.565,FOUNTAIN_3+,0.565,4,3,1,0.0,3.75
985,3,0,0,3,0.565,FOUNTAIN_3+,0.565,4,3,1,0.0,3.75
986,3,0,0,3,0.565,FOUNTAIN_3+,0.565,4,3,1,0.0,3.75
987,3,0,0,3,0.565,FOUNTAIN_3+,0.565,4,3,1,0.0,3.75
988,3,0,0,3,0.565,FOUNTAIN_3+,0.565,4,3,1,0.0,3.75
989,3,0,0,3,0.565,FOUNTAIN_3+,0.565,4,3,1,0.0,3.75
990,3,0,0,3,0.565,FOUNTAIN_3+,0.565,4,3,1,0.0,3.75
991,3,0,0,3,0.565,FOUNTAIN_3+,0.565,4,3,1,0.0,3.75
992,3,0,0,3,0.565,FOUNTAIN_3+,0.565,4,3,1,0.0,3.75
993,3,0,0,3,0.565,FOUNTAIN_3+,0.565,4,3,1,0.0,3.75
994,3,0,0,3,0.565,FOUNTAIN_3+,0.565,4,3,1,0.0,3.75
995,3,0,0,3,0.565,FOUNTAIN_3+,0.565,4,3,1,0.0,3.75
996,3,0,0,3,0.565,FOUNTAIN_3+,0.565,4,3,1,0.0,3.75
997,3,0,0,3,0.565,FOUNTAIN_3+,0.565,4,3,1,0.0,3.75
998,3,0,0,3,0.565,FOUNTAIN_3+,0.565,4,3,1,0.0,3.75
999,3,0,0,3,0.565,FOUNTAIN_3+,0.565,4,3,1,0.0,3.75
1000,3,0,0,3,0.565,FOUNTAIN_3+,0.565,4,3,1,0.0,3.75
1001,3,0,0,3,0.565,FOUNTAIN_3+,0.565,4,3,1,0.0,3.75
1002,3,0,0,3,0.565,FOUNTAIN_3+,0.565,4,3,1,0.0,3.75
1003,3,0,0,3,0.565,FOUNTAIN_3+,0.565,4,3,1,0.0,3.75
1004,3,0,0,3,0.565,FOUNTAIN_3+,0.565,4,3,1,0.0,3.75
1005,3,0,0,3,0.565,FOUNTAIN_3+,0.565,4,3,1,0.0,3.75
1006,3,0,0,3,0.565,FOUNTAIN_3+,0.565,4,3,1,0.0,3.75
1007,3,0,0,3,0.565,FOUNTAIN_3+,0.565,4,3,1,0.0,3.75
1008,3,0,0,3,0.565,FOUNTAIN_3+,0.565,4,3,1,0.0,3.75
1009,3,0,0,3,0.565,FOUNTAIN_3+,0.565,4,3,1,0.0,3.75
1010,3,0,0,3,0.565,FOUNTAIN_3+,0.565,4,3,1,0.0,3.75
1011,3,0,0,3,0.565,FOUNTAIN_3+,0.565,4,3,1,0.0,3.75
1012,2,0,0,2,0.364,TWO_BALL,0.364,4,0,1,0.0,0.0
1013,2,0,0,2,0.364,TWO_BALL,0.364,4,0,1,0.0,0.0
1014,2,0,0,2,0.364,TWO_BALL,0.364,4,0,1,0.0,0.0
1015,2,0,1,2,0.364,TWO_BALL_ONE_HAND,0.364,4,0,1,0.0,0.0
1016,1,0,0,1,0.324,SINGLE_BALL,0.324,4,0,1,0.0,0.0
1017,1,0,0,1,0.324,SINGLE_BALL,0.324,4,0,1,0.0,0.0
1018,1,0,0,1,0.324,SINGLE_BALL,0.324,4,0,1,0.0,0.0
1019,1,0,0,1,0.324,SINGLE_BALL,0.324,4,0,1,0.0,0.0
1020,1,0,0,1,0.324,SINGLE_BALL,0.324,4,0,1,0.0,0.0
1029,3,0,1,3,0.463,FOUNTAIN_3+,0.463,4,3,1,0.0,1.18
1030,3,0,0,3,0.463,FOUNTAIN_3+,0.463,4,3,1,0.0,1.18
1031,3,0,0,3,0.463,FOUNTAIN_3+,0.463,4,3,1,0.0,1.18
1032,3,0,0,3,0.463,FOUNTAIN_3+,0.463,4,3,1,0.0,1.18
1033,3,0,0,3,0.463,FOUNTAIN_3+,0.463,4,3,1,0.0,1.18
1034,3,0,0,3,0.463,FOUNTAIN_3+,0.463,4,3,1,0.0,1.18
1035,3,0,0,3,0.463,FOUNTAIN_3+,0.463,4,3,1,0.0,1.18
1036,3,0,0,3,0.463,FOUNTAIN_3+,0.463,4,3,1,0.0,1.18
1037,3,0,0,3,0.463,FOUNTAIN_3+,0.463,4,3,1,0.0,1.18
1038,3,0,0,3,0.463,FOUNTAIN_3+,0.463,4,3,1,0.0,1.18
1039,3,0,0,3,0.463,FOUNTAIN_3+,0.463,4,3,1,0.0,1.18
1040,3,0,0,3,0.463,FOUNTAIN_3+,0.463,4,3,1,0.0,1.18
1041,3,0,0,3,0.463,FOUNTAIN_3+,0.463,4,3,1,0.0,1.18
1042,3,0,0,3,0.463,FOUNTAIN_3+,0.463,4,3,1,0.0,1.18
1043,3,0,0,3,0.463,FOUNTAIN_3+,0.463,4,3,1,0.0,1.18
1044,3,0,0,3,0.463,FOUNTAIN_3+,0.463,4,3,1,0.0,1.18
1045,3,0,0,3,0.463,FOUNTAIN_3+,0.463,4,3,1,0.0,1.18
1046,3,0,0,3,0.463,FOUNTAIN_3+,0.463,4,3,1,0.0,1.18
1047,3,0,0,3,0.463,FOUNTAIN_3+,0.463,4,3,1,0.0,1.18
1048,3,0,0,3,0.463,FOUNTAIN_3+,0.463,4,3,1,0.0,1.18
1049,3,0,0,3,0.463,FOUNTAIN_3+,0.463,4,3,1,0.0,1.18
1050,3,1,1,3,0.463,CASCADE_3+,0.463,4,1,2,0.667,2.57
1051,1,0,1,2,0.533,TWO_BALL_ONE_HAND,0.533,4,0,2,0.0,0.0
1052,1,0,1,2,0.533,TWO_BALL_ONE_HAND,0.533,4,0,2,0.0,0.0
1053,1,0,1,2,0.533,TWO_BALL_ONE_HAND,0.533,4,0,2,0.0,0.0
1054,2,0,1,2,0.533,TWO_BALL_ONE_HAND,0.533,4,0,2,0.0,0.0
1055,2,0,0,2,0.533,TWO_BALL,0.533,4,0,2,0.0,0.0
1056,3,1,0,3,0.463,MIXED_3+,0.463,4,1,2,0.667,0.0
1057,3,0,0,3,0.463,MIXED_3+,0.463,4,1,2,0.667,0.0
1058,3,0,0,3,0.463,MIXED_3+,0.463,4,1,2,0.667,0.0
1059,3,0,0,3,0.463,MIXED_3+,0.463,4,1,2,0.667,0.0
1060,3,0,0,3,0.463,MIXED_3+,0.463,4,1,2,0.667,0.0
1061,2,0,0,2,0.364,TWO_BALL,0.364,4,0,2,0.0,0.0
1062,2,0,0,2,0.364,TWO_BALL,0.364,4,0,2,0.0,0.0
1063,2,0,0,2,0.364,TWO_BALL,0.364,4,0,2,0.0,0.0
1064,2,0,0,2,0.364,TWO_BALL,0.364,4,0,2,0.0,0.0
1065,2,0,0,2,0.364,TWO_BALL,0.364,4,0,2,0.0,0.0
1066,2,0,0,2,0.364,TWO_BALL,0.364,4,0,2,0.0,0.0
1067,2,0,0,2,0.364,TWO_BALL,0.364,4,0,2,0.0,0.0
1068,2,0,0,2,0.364,TWO_BALL,0.364,4,0,2,0.0,0.0
1069,2,0,0,2,0.364,TWO_BALL,0.364,4,0,2,0.0,0.0
1070,3,0,0,3,0.576,MIXED_3+,0.576,4,1,2,0.667,0.0
1071,3,0,0,3,0.576,MIXED_3+,0.576,4,1,2,0.667,0.0
1072,3,0,0,3,0.576,MIXED_3+,0.576,4,1,2,0.667,0.0
1073,3,0,0,3,0.576,MIXED_3+,0.576,4,1,2,0.667,0.0
1074,3,0,0,3,0.576,MIXED_3+,0.576,4,1,2,0.667,0.0
1075,2,0,0,2,0.662,TWO_BALL,0.662,4,0,2,0.0,0.0
1076,2,0,0,2,0.662,TWO_BALL,0.662,4,0,2,0.0,0.0
1077,3,0,0,3,0.775,MIXED_3+,0.775,4,1,2,0.667,0.0
1078,1,0,0,1,0.324,SINGLE_BALL,0.324,4,0,2,0.0,0.0
