frame,n_in_air,n_in_hand_left,n_in_hand_right,n_total,avg_quality,pattern,confidence,n_recent_events
2,2,0,0,2,0.429,UNKNOWN,0.429,0
3,3,0,0,3,0.593,CASCADE_3+,0.593,0
4,3,0,0,3,0.593,CASCADE_3+,0.593,0
5,3,0,0,3,0.593,CASCADE_3+,0.593,0
6,3,0,0,3,0.593,CASCADE_3+,0.593,0
7,3,0,0,3,0.593,CASCADE_3+,0.593,0
8,3,0,0,3,0.593,CASCADE_3+,0.593,0
9,3,0,0,3,0.593,CASCADE_3+,0.593,0
10,3,0,0,3,0.593,CASCADE_3+,0.593,0
11,3,0,0,3,0.593,FOUNTAIN_3+,0.593,2
12,3,0,0,3,0.593,FOUNTAIN_3+,0.593,2
13,3,0,0,3,0.593,FOUNTAIN_3+,0.593,2
14,3,0,0,3,0.593,FOUNTAIN_3+,0.593,2
15,3,0,0,3,0.593,FOUNTAIN_3+,0.593,2
16,3,0,0,3,0.593,FOUNTAIN_3+,0.593,2
17,3,0,0,3,0.593,FOUNTAIN_3+,0.593,2
18,1,0,0,1,0.921,SINGLE_BALL,0.921,2
19,1,0,0,1,0.921,SINGLE_BALL,0.921,2
20,1,0,0,1,0.921,SINGLE_BALL,0.921,2
21,3,0,0,3,0.633,FOUNTAIN_3+,0.633,2
22,3,0,0,3,0.633,FOUNTAIN_3+,0.633,2
23,2,0,0,2,0.675,TWO_BALL,0.675,2
24,2,0,0,2,0.675,TWO_BALL,0.675,2
25,2,0,0,2,0.675,TWO_BALL,0.675,2
26,2,0,0,2,0.675,TWO_BALL,0.675,2
27,3,0,0,3,0.633,FOUNTAIN_3+,0.633,2
28,3,0,0,3,0.633,FOUNTAIN_3+,0.633,2
29,3,0,0,3,0.633,FOUNTAIN_3+,0.633,2
30,3,0,0,3,0.633,FOUNTAIN_3+,0.633,2
31,2,1,0,3,0.633,FOUNTAIN_3+,0.633,2
32,2,0,0,2,0.489,UNKNOWN,0.489,2
33,2,0,0,2,0.489,UNKNOWN,0.489,2
34,1,0,0,1,0.549,SINGLE_BALL,0.549,2
35,1,0,0,1,0.549,SINGLE_BALL,0.549,2
36,1,0,0,1,0.549,SINGLE_BALL,0.549,2
37,1,0,0,1,0.549,SINGLE_BALL,0.549,2
38,1,0,0,1,0.549,SINGLE_BALL,0.549,2
39,2,0,0,2,0.489,UNKNOWN,0.489,2
40,2,0,0,2,0.489,UNKNOWN,0.489,2
41,2,0,0,2,0.489,UNKNOWN,0.489,2
42,2,0,0,2,0.489,UNKNOWN,0.489,2
43,3,0,0,3,0.469,UNKNOWN,0.469,2
44,3,0,0,3,0.469,UNKNOWN,0.469,2
45,3,0,0,3,0.469,UNKNOWN,0.469,2
46,3,0,0,3,0.469,UNKNOWN,0.469,2
47,2,0,0,2,0.489,UNKNOWN,0.489,2
48,2,0,0,2,0.489,UNKNOWN,0.489,2
49,2,0,0,2,0.489,UNKNOWN,0.489,2
50,2,0,0,2,0.489,UNKNOWN,0.489,2
51,2,1,0,3,0.633,FOUNTAIN_3+,0.633,2
52,3,0,0,3,0.633,FOUNTAIN_3+,0.633,2
53,3,0,0,3,0.633,FOUNTAIN_3+,0.633,2
54,3,0,0,3,0.633,FOUNTAIN_3+,0.633,2
55,3,0,0,3,0.633,FOUNTAIN_3+,0.633,2
56,3,0,0,3,0.633,FOUNTAIN_3+,0.633,2
57,2,0,0,2,0.735,TWO_BALL,0.735,2
58,2,0,0,2,0.735,TWO_BALL,0.735,2
59,2,0,0,2,0.735,TWO_BALL,0.735,2
60,2,0,0,2,0.735,TWO_BALL,0.735,2
61,2,0,0,2,0.735,TWO_BALL,0.735,2
62,2,0,0,2,0.735,TWO_BALL,0.735,2
63,2,0,0,2,0.735,TWO_BALL,0.735,2
64,3,0,0,3,0.633,FOUNTAIN_3+,0.633,2
65,3,0,0,3,0.633,FOUNTAIN_3+,0.633,2
66,3,0,0,3,0.633,FOUNTAIN_3+,0.633,2
67,3,0,0,3,0.633,FOUNTAIN_3+,0.633,2
68,3,0,0,3,0.633,FOUNTAIN_3+,0.633,2
69,3,0,0,3,0.633,FOUNTAIN_3+,0.633,2
70,3,0,0,3,0.633,FOUNTAIN_3+,0.633,2
71,3,0,0,3,0.633,FOUNTAIN_3+,0.633,2
72,3,0,0,3,0.633,CASCADE_3+,0.633,0
73,3,0,0,3,0.633,CASCADE_3+,0.633,0
74,3,0,0,3,0.633,CASCADE_3+,0.633,0
75,3,0,0,3,0.633,CASCADE_3+,0.633,0
76,3,0,0,3,0.633,CASCADE_3+,0.633,0
77,3,0,0,3,0.633,CASCADE_3+,0.633,0
78,3,0,0,3,0.633,CASCADE_3+,0.633,0
79,3,0,0,3,0.633,CASCADE_3+,0.633,0
80,2,0,0,2,0.735,TWO_BALL,0.735,0
81,2,0,0,2,0.735,TWO_BALL,0.735,2
82,2,0,0,2,0.735,TWO_BALL,0.735,2
83,2,0,0,2,0.735,TWO_BALL,0.735,2
84,2,0,0,2,0.735,TWO_BALL,0.735,2
85,2,0,0,2,0.735,TWO_BALL,0.735,2
86,2,0,0,2,0.735,TWO_BALL,0.735,2
87,3,0,0,3,0.773,FOUNTAIN_3+,0.773,2
88,3,0,0,3,0.773,FOUNTAIN_3+,0.773,2
89,3,0,0,3,0.773,FOUNTAIN_3+,0.773,2
90,3,0,0,3,0.773,FOUNTAIN_3+,0.773,2
91,3,0,0,3,0.773,FOUNTAIN_3+,0.773,2
92,3,0,0,3,0.773,FOUNTAIN_3+,0.773,2
93,3,0,0,3,0.773,FOUNTAIN_3+,0.773,2
94,3,0,0,3,0.773,FOUNTAIN_3+,0.773,2
95,3,0,0,3,0.773,FOUNTAIN_3+,0.773,2
96,3,0,0,3,0.773,FOUNTAIN_3+,0.773,2
97,2,0,1,3,0.773,FOUNTAIN_3+,0.773,2
98,2,0,0,2,0.735,TWO_BALL,0.735,2
99,1,0,0,1,0.549,SINGLE_BALL,0.549,2
100,1,0,0,1,0.549,SINGLE_BALL,0.549,2
101,1,0,0,1,0.549,SINGLE_BALL,0.549,2
102,1,0,0,1,0.549,SINGLE_BALL,0.549,2
103,1,0,0,1,0.549,SINGLE_BALL,0.549,2
104,3,0,0,3,0.469,UNKNOWN,0.469,2
105,3,0,0,3,0.469,UNKNOWN,0.469,2
106,3,0,0,3,0.469,UNKNOWN,0.469,2
107,3,0,0,3,0.469,UNKNOWN,0.469,2
108,3,0,0,3,0.469,UNKNOWN,0.469,2
109,3,0,0,3,0.469,UNKNOWN,0.469,2
110,3,0,0,3,0.469,UNKNOWN,0.469,2
111,3,0,0,3,0.469,UNKNOWN,0.469,2
112,3,0,0,3,0.469,UNKNOWN,0.469,2
113,3,0,0,3,0.469,UNKNOWN,0.469,2
114,3,0,0,3,0.469,UNKNOWN,0.469,2
115,3,0,0,3,0.469,UNKNOWN,0.469,2
116,3,0,0,3,0.469,UNKNOWN,0.469,2
117,3,0,0,3,0.469,UNKNOWN,0.469,2
118,3,0,0,3,0.469,UNKNOWN,0.469,2
119,3,0,0,3,0.469,UNKNOWN,0.469,2
120,3,0,0,3,0.469,UNKNOWN,0.469,2
121,3,0,0,3,0.469,UNKNOWN,0.469,2
122,3,0,0,3,0.469,UNKNOWN,0.469,2
123,2,0,0,2,0.429,UNKNOWN,0.429,2
124,2,0,0,2,0.429,UNKNOWN,0.429,2
125,2,0,0,2,0.429,UNKNOWN,0.429,2
126,2,0,1,3,0.569,FOUNTAIN_3+,0.569,2
127,3,0,0,3,0.569,FOUNTAIN_3+,0.569,2
128,3,0,0,3,0.569,FOUNTAIN_3+,0.569,2
129,3,0,0,3,0.569,FOUNTAIN_3+,0.569,2
130,3,0,0,3,0.569,FOUNTAIN_3+,0.569,2
131,3,0,0,3,0.569,FOUNTAIN_3+,0.569,2
132,3,0,0,3,0.569,FOUNTAIN_3+,0.569,2
133,3,0,0,3,0.569,FOUNTAIN_3+,0.569,2
134,2,0,0,2,0.639,TWO_BALL,0.639,2
135,2,0,0,2,0.639,TWO_BALL,0.639,2
136,2,0,0,2,0.639,TWO_BALL,0.639,2
137,2,0,0,2,0.639,TWO_BALL,0.639,2
138,3,0,0,3,0.569,FOUNTAIN_3+,0.569,2
139,3,0,0,3,0.569,FOUNTAIN_3+,0.569,2
140,3,0,0,3,0.569,FOUNTAIN_3+,0.569,2
141,3,0,0,3,0.569,FOUNTAIN_3+,0.569,2
142,3,0,0,3,0.569,CASCADE_3+,0.569,0
143,3,0,0,3,0.569,CASCADE_3+,0.569,0
144,3,0,0,3,0.569,CASCADE_3+,0.569,0
145,3,0,0,3,0.569,CASCADE_3+,0.569,0
146,3,0,0,3,0.569,CASCADE_3+,0.569,0
147,3,0,0,3,0.569,CASCADE_3+,0.569,0
148,3,0,0,3,0.569,CASCADE_3+,0.569,0
149,3,0,0,3,0.569,CASCADE_3+,0.569,0
150,1,0,0,1,0.849,SINGLE_BALL,0.849,0
151,1,0,0,1,0.849,SINGLE_BALL,0.849,0
152,1,0,0,1,0.849,SINGLE_BALL,0.849,0
153,1,0,0,1,0.849,SINGLE_BALL,0.849,0
154,1,0,0,1,0.849,SINGLE_BALL,0.849,0
155,1,0,0,1,0.849,SINGLE_BALL,0.849,0
156,1,0,0,1,0.849,SINGLE_BALL,0.849,0
157,2,0,0,2,0.639,TWO_BALL,0.639,0
158,2,0,0,2,0.639,TWO_BALL,0.639,0
159,2,0,0,2,0.639,TWO_BALL,0.639,0
160,2,0,0,2,0.639,TWO_BALL,0.639,0
161,1,0,0,1,0.429,UNKNOWN,0.429,0
162,1,0,0,1,0.429,UNKNOWN,0.429,0
163,1,0,0,1,0.429,UNKNOWN,0.429,0
164,1,0,0,1,0.429,UNKNOWN,0.429,0
165,2,0,0,2,0.363,UNKNOWN,0.363,0
166,3,0,0,3,0.385,UNKNOWN,0.385,0
167,2,0,0,2,0.363,UNKNOWN,0.363,0
168,2,0,0,2,0.363,UNKNOWN,0.363,0
169,2,0,0,2,0.363,UNKNOWN,0.363,0
170,2,0,0,2,0.363,UNKNOWN,0.363,0
171,2,0,0,2,0.363,UNKNOWN,0.363,0
172,2,0,0,2,0.363,UNKNOWN,0.363,0
173,2,0,0,2,0.363,UNKNOWN,0.363,0
174,3,0,0,3,0.4,UNKNOWN,0.4,0
175,3,0,0,3,0.4,UNKNOWN,0.4,0
176,3,0,0,3,0.4,UNKNOWN,0.4,0
177,3,0,0,3,0.4,UNKNOWN,0.4,0
178,3,0,0,3,0.4,UNKNOWN,0.4,0
179,3,0,0,3,0.4,UNKNOWN,0.4,0
180,3,0,0,3,0.4,UNKNOWN,0.4,0
181,3,0,0,3,0.4,UNKNOWN,0.4,0
182,3,0,0,3,0.4,UNKNOWN,0.4,0
183,3,0,0,3,0.4,UNKNOWN,0.4,0
184,3,0,0,3,0.4,UNKNOWN,0.4,0
185,3,0,0,3,0.4,UNKNOWN,0.4,0
186,3,0,0,3,0.4,UNKNOWN,0.4,0
187,3,0,0,3,0.4,UNKNOWN,0.4,0
188,3,0,0,3,0.4,UNKNOWN,0.4,0
189,3,0,0,3,0.4,UNKNOWN,0.4,0
190,3,0,0,3,0.4,UNKNOWN,0.4,0
191,3,0,0,3,0.4,UNKNOWN,0.4,0
192,3,0,0,3,0.4,UNKNOWN,0.4,0
193,3,0,0,3,0.4,UNKNOWN,0.4,0
194,3,0,0,3,0.4,UNKNOWN,0.4,0
195,3,0,0,3,0.4,UNKNOWN,0.4,0
196,2,0,0,2,0.363,UNKNOWN,0.363,0
197,2,0,0,2,0.363,UNKNOWN,0.363,0
198,2,0,0,2,0.363,UNKNOWN,0.363,0
199,2,0,0,2,0.363,UNKNOWN,0.363,0
200,2,0,0,2,0.363,UNKNOWN,0.363,0
201,2,0,0,2,0.363,UNKNOWN,0.363,0
202,3,0,0,3,0.4,UNKNOWN,0.4,0
203,3,0,0,3,0.4,UNKNOWN,0.4,0
204,3,0,0,3,0.4,UNKNOWN,0.4,0
205,3,0,0,3,0.4,UNKNOWN,0.4,0
206,3,0,0,3,0.4,UNKNOWN,0.4,0
207,2,0,0,2,0.385,UNKNOWN,0.385,0
208,1,0,0,1,0.473,UNKNOWN,0.473,0
209,0,0,0,0,0.0,NO_BALL,1.0,0
210,0,0,0,0,0.0,NO_BALL,1.0,0
211,0,0,0,0,0.0,NO_BALL,1.0,0
212,1,0,0,1,0.488,UNKNOWN,0.488,0
213,1,0,0,1,0.488,UNKNOWN,0.488,0
214,0,0,0,0,0.0,NO_BALL,1.0,0
215,0,0,0,0,0.0,NO_BALL,1.0,0
216,0,0,0,0,0.0,NO_BALL,1.0,0
217,0,0,0,0,0.0,NO_BALL,1.0,0
218,0,0,0,0,0.0,NO_BALL,1.0,0
219,0,0,0,0,0.0,NO_BALL,1.0,0
220,1,0,0,1,0.488,UNKNOWN,0.488,0
221,1,0,0,1,0.488,UNKNOWN,0.488,0
222,1,0,0,1,0.488,UNKNOWN,0.488,0
223,1,0,0,1,0.488,UNKNOWN,0.488,0
224,1,0,0,1,0.488,UNKNOWN,0.488,0
225,1,0,0,1,0.488,UNKNOWN,0.488,0
226,1,0,0,1,0.488,UNKNOWN,0.488,0
227,1,0,0,1,0.488,UNKNOWN,0.488,0
228,1,0,0,1,0.488,UNKNOWN,0.488,0
229,1,0,0,1,0.488,UNKNOWN,0.488,0
230,1,0,0,1,0.488,UNKNOWN,0.488,0
231,1,0,0,1,0.488,UNKNOWN,0.488,0
232,3,0,0,3,0.405,UNKNOWN,0.405,0
233,3,0,0,3,0.405,UNKNOWN,0.405,0
234,3,0,0,3,0.405,UNKNOWN,0.405,0
235,3,0,0,3,0.405,UNKNOWN,0.405,0
236,2,0,0,2,0.458,UNKNOWN,0.458,0
237,2,0,0,2,0.458,UNKNOWN,0.458,0
238,2,0,0,2,0.458,UNKNOWN,0.458,0
239,2,0,0,2,0.458,UNKNOWN,0.458,0
240,2,0,0,2,0.458,UNKNOWN,0.458,0
241,2,0,0,2,0.458,UNKNOWN,0.458,0
242,2,0,0,2,0.458,UNKNOWN,0.458,0
243,3,0,0,3,0.405,UNKNOWN,0.405,0
244,3,0,0,3,0.405,UNKNOWN,0.405,0
245,3,0,0,3,0.405,UNKNOWN,0.405,0
246,3,0,0,3,0.405,UNKNOWN,0.405,0
247,3,0,0,3,0.405,UNKNOWN,0.405,0
248,3,0,0,3,0.405,UNKNOWN,0.405,0
249,3,0,0,3,0.405,UNKNOWN,0.405,0
250,3,0,0,3,0.405,UNKNOWN,0.405,0
251,3,0,0,3,0.405,UNKNOWN,0.405,0
252,3,0,0,3,0.405,UNKNOWN,0.405,0
253,2,0,0,2,0.363,UNKNOWN,0.363,0
254,2,0,0,2,0.363,UNKNOWN,0.363,0
255,2,0,0,2,0.363,UNKNOWN,0.363,0
256,1,0,0,1,0.429,UNKNOWN,0.429,0
257,2,0,0,2,0.429,UNKNOWN,0.429,0
258,2,0,0,2,0.429,UNKNOWN,0.429,0
259,2,0,0,2,0.429,UNKNOWN,0.429,0
260,2,0,0,2,0.429,UNKNOWN,0.429,0
261,2,0,0,2,0.429,UNKNOWN,0.429,0
262,2,0,0,2,0.429,UNKNOWN,0.429,0
263,3,0,0,3,0.385,UNKNOWN,0.385,0
264,3,0,0,3,0.385,UNKNOWN,0.385,0
265,3,0,0,3,0.385,UNKNOWN,0.385,0
266,3,0,0,3,0.385,UNKNOWN,0.385,0
267,3,0,0,3,0.385,UNKNOWN,0.385,0
268,3,0,0,3,0.385,UNKNOWN,0.385,0
269,3,0,0,3,0.385,UNKNOWN,0.385,0
270,3,0,0,3,0.385,UNKNOWN,0.385,0
271,3,0,0,3,0.385,UNKNOWN,0.385,0
272,3,0,0,3,0.385,UNKNOWN,0.385,0
273,3,0,0,3,0.385,UNKNOWN,0.385,0
274,3,0,0,3,0.385,UNKNOWN,0.385,0
275,3,0,0,3,0.385,UNKNOWN,0.385,0
276,3,0,0,3,0.385,UNKNOWN,0.385,0
277,3,0,0,3,0.385,UNKNOWN,0.385,0
278,3,0,0,3,0.385,UNKNOWN,0.385,0
279,3,0,0,3,0.385,UNKNOWN,0.385,0
280,3,0,0,3,0.385,UNKNOWN,0.385,0
281,3,0,0,3,0.385,UNKNOWN,0.385,0
282,3,0,0,3,0.385,UNKNOWN,0.385,0
283,3,0,0,3,0.385,UNKNOWN,0.385,0
284,3,0,0,3,0.385,UNKNOWN,0.385,0
285,3,0,0,3,0.385,UNKNOWN,0.385,0
286,3,0,0,3,0.385,UNKNOWN,0.385,0
287,3,0,0,3,0.385,UNKNOWN,0.385,0
288,3,0,0,3,0.385,UNKNOWN,0.385,0
289,3,0,0,3,0.385,UNKNOWN,0.385,0
290,3,0,0,3,0.385,UNKNOWN,0.385,0
291,3,0,0,3,0.385,UNKNOWN,0.385,0
292,3,0,0,3,0.385,UNKNOWN,0.385,0
293,3,0,0,3,0.385,UNKNOWN,0.385,0
294,3,0,0,3,0.385,UNKNOWN,0.385,0
295,3,0,0,3,0.385,UNKNOWN,0.385,0
296,3,0,0,3,0.385,UNKNOWN,0.385,0
297,3,0,0,3,0.385,UNKNOWN,0.385,0
298,3,0,0,3,0.385,UNKNOWN,0.385,0
299,3,0,0,3,0.385,UNKNOWN,0.385,0
300,3,0,0,3,0.385,UNKNOWN,0.385,0
301,3,0,0,3,0.385,UNKNOWN,0.385,0
302,3,0,0,3,0.385,UNKNOWN,0.385,0
303,3,0,0,3,0.385,UNKNOWN,0.385,0
304,3,0,0,3,0.385,UNKNOWN,0.385,0
305,3,0,0,3,0.385,UNKNOWN,0.385,0
306,3,0,0,3,0.385,UNKNOWN,0.385,0
307,3,0,0,3,0.385,UNKNOWN,0.385,0
308,3,0,0,3,0.385,UNKNOWN,0.385,0
309,3,0,0,3,0.385,UNKNOWN,0.385,0
310,3,0,0,3,0.385,UNKNOWN,0.385,0
311,3,0,0,3,0.385,UNKNOWN,0.385,0
312,3,0,0,3,0.385,UNKNOWN,0.385,0
313,2,0,0,2,0.429,UNKNOWN,0.429,0
314,2,0,0,2,0.429,UNKNOWN,0.429,0
315,2,0,0,2,0.429,UNKNOWN,0.429,0
316,2,0,0,2,0.429,UNKNOWN,0.429,0
317,2,0,0,2,0.429,UNKNOWN,0.429,0
318,2,0,0,2,0.429,UNKNOWN,0.429,0
319,2,0,0,2,0.429,UNKNOWN,0.429,0
320,2,0,0,2,0.429,UNKNOWN,0.429,0
321,2,0,0,2,0.429,UNKNOWN,0.429,0
322,2,0,0,2,0.429,UNKNOWN,0.429,0
323,2,0,0,2,0.429,UNKNOWN,0.429,0
324,2,0,0,2,0.429,UNKNOWN,0.429,0
325,2,0,0,2,0.429,UNKNOWN,0.429,0
326,2,0,0,2,0.429,UNKNOWN,0.429,0
327,2,0,0,2,0.429,UNKNOWN,0.429,0
328,2,0,0,2,0.429,UNKNOWN,0.429,0
329,1,0,0,1,0.429,UNKNOWN,0.429,0
330,1,0,0,1,0.429,UNKNOWN,0.429,0
331,1,0,0,1,0.429,UNKNOWN,0.429,0
332,1,0,0,1,0.429,UNKNOWN,0.429,0
333,2,0,0,2,0.678,TWO_BALL,0.678,0
334,2,0,0,2,0.678,TWO_BALL,0.678,0
335,1,0,0,1,0.926,SINGLE_BALL,0.926,0
336,1,0,0,1,0.926,SINGLE_BALL,0.926,0
337,1,0,0,1,0.926,SINGLE_BALL,0.926,0
338,1,0,0,1,0.926,SINGLE_BALL,0.926,0
339,1,0,0,1,0.926,SINGLE_BALL,0.926,0
340,1,0,0,1,0.926,SINGLE_BALL,0.926,0
341,1,0,0,1,0.926,SINGLE_BALL,0.926,0
342,1,0,0,1,0.926,SINGLE_BALL,0.926,0
343,1,0,0,1,0.926,SINGLE_BALL,0.926,0
344,1,0,0,1,0.926,SINGLE_BALL,0.926,0
345,1,0,0,1,0.926,SINGLE_BALL,0.926,0
346,1,0,0,1,0.926,SINGLE_BALL,0.926,0
347,1,0,0,1,0.926,SINGLE_BALL,0.926,0
348,1,0,0,1,0.926,SINGLE_BALL,0.926,0
349,1,0,0,1,0.926,SINGLE_BALL,0.926,0
350,1,0,0,1,0.926,SINGLE_BALL,0.926,0
351,1,0,0,1,0.926,SINGLE_BALL,0.926,0
352,1,0,0,1,0.926,SINGLE_BALL,0.926,0
353,1,0,0,1,0.926,SINGLE_BALL,0.926,0
354,1,0,0,1,0.926,SINGLE_BALL,0.926,0
355,1,0,0,1,0.926,SINGLE_BALL,0.926,0
356,1,0,0,1,0.926,SINGLE_BALL,0.926,0
357,1,0,0,1,0.926,SINGLE_BALL,0.926,0
358,1,0,0,1,0.926,SINGLE_BALL,0.926,0
359,1,0,0,1,0.926,SINGLE_BALL,0.926,0
360,1,0,0,1,0.926,SINGLE_BALL,0.926,0
361,1,0,0,1,0.926,SINGLE_BALL,0.926,0
362,1,0,0,1,0.926,SINGLE_BALL,0.926,0
363,1,0,0,1,0.926,SINGLE_BALL,0.926,0
364,1,0,0,1,0.926,SINGLE_BALL,0.926,0
365,1,0,0,1,0.926,SINGLE_BALL,0.926,0
366,1,0,0,1,0.926,SINGLE_BALL,0.926,0
367,1,0,0,1,0.926,SINGLE_BALL,0.926,0
368,1,0,0,1,0.926,SINGLE_BALL,0.926,0
369,1,0,0,1,0.926,SINGLE_BALL,0.926,0
370,1,0,0,1,0.926,SINGLE_BALL,0.926,0
371,1,0,0,1,0.926,SINGLE_BALL,0.926,0
372,1,0,0,1,0.926,SINGLE_BALL,0.926,0
373,1,0,0,1,0.926,SINGLE_BALL,0.926,0
374,1,0,0,1,0.926,SINGLE_BALL,0.926,0
375,1,0,0,1,0.926,SINGLE_BALL,0.926,0
376,1,0,0,1,0.926,SINGLE_BALL,0.926,0
377,1,0,0,1,0.926,SINGLE_BALL,0.926,0
378,1,0,0,1,0.926,SINGLE_BALL,0.926,0
379,1,0,0,1,0.926,SINGLE_BALL,0.926,0
380,1,0,0,1,0.926,SINGLE_BALL,0.926,0
381,1,0,0,1,0.926,SINGLE_BALL,0.926,0
382,1,0,0,1,0.926,SINGLE_BALL,0.926,0
383,0,0,0,0,0.0,NO_BALL,1.0,0
384,0,0,0,0,0.0,NO_BALL,1.0,0
385,0,0,0,0,0.0,NO_BALL,1.0,0
386,0,0,0,0,0.0,NO_BALL,1.0,0
387,0,0,0,0,0.0,NO_BALL,1.0,0
388,0,0,0,0,0.0,NO_BALL,1.0,0
389,0,0,0,0,0.0,NO_BALL,1.0,0
390,0,0,0,0,0.0,NO_BALL,1.0,0
391,1,0,0,1,0.926,SINGLE_BALL,0.926,0
392,1,0,0,1,0.926,SINGLE_BALL,0.926,0
393,1,0,0,1,0.926,SINGLE_BALL,0.926,0
394,1,0,0,1,0.926,SINGLE_BALL,0.926,0
395,1,0,0,1,0.926,SINGLE_BALL,0.926,0
396,1,0,0,1,0.926,SINGLE_BALL,0.926,0
397,1,0,0,1,0.926,SINGLE_BALL,0.926,0
398,1,0,0,1,0.926,SINGLE_BALL,0.926,0
399,2,0,0,2,0.925,TWO_BALL,0.925,0
400,2,0,0,2,0.925,TWO_BALL,0.925,0
401,2,0,0,2,0.925,TWO_BALL,0.925,0
402,2,0,0,2,0.925,TWO_BALL,0.925,0
403,2,0,0,2,0.925,TWO_BALL,0.925,0
404,2,0,0,2,0.925,TWO_BALL,0.925,0
405,2,0,0,2,0.925,TWO_BALL,0.925,0
406,2,0,0,2,0.925,TWO_BALL,0.925,0
407,2,0,0,2,0.925,TWO_BALL,0.925,0
408,2,0,0,2,0.925,TWO_BALL,0.925,0
409,2,0,0,2,0.925,TWO_BALL,0.925,0
410,2,0,0,2,0.925,TWO_BALL,0.925,0
411,3,0,0,3,0.938,CASCADE_3+,0.938,0
412,3,0,0,3,0.938,CASCADE_3+,0.938,0
413,3,0,0,3,0.938,CASCADE_3+,0.938,0
414,3,0,0,3,0.938,CASCADE_3+,0.938,0
415,3,0,0,3,0.938,CASCADE_3+,0.938,0
416,3,0,0,3,0.938,CASCADE_3+,0.938,0
417,3,0,0,3,0.938,CASCADE_3+,0.938,0
418,3,0,0,3,0.938,CASCADE_3+,0.938,0
419,3,0,0,3,0.938,CASCADE_3+,0.938,0
420,3,0,0,3,0.938,CASCADE_3+,0.938,0
421,3,0,0,3,0.938,CASCADE_3+,0.938,0
422,3,0,0,3,0.938,CASCADE_3+,0.938,0
423,3,0,0,3,0.938,CASCADE_3+,0.938,0
424,3,0,0,3,0.938,CASCADE_3+,0.938,0
425,4,0,0,4,0.811,CASCADE_3+,0.811,0
426,4,0,0,4,0.811,CASCADE_3+,0.811,0
427,4,0,0,4,0.811,CASCADE_3+,0.811,0
428,4,0,0,4,0.811,CASCADE_3+,0.811,0
429,3,0,0,3,0.938,CASCADE_3+,0.938,0
430,3,0,0,3,0.938,CASCADE_3+,0.938,0
431,3,0,0,3,0.938,CASCADE_3+,0.938,0
432,3,0,0,3,0.938,CASCADE_3+,0.938,0
433,3,0,0,3,0.938,CASCADE_3+,0.938,0
434,3,0,0,3,0.938,CASCADE_3+,0.938,0
435,3,0,0,3,0.938,CASCADE_3+,0.938,0
436,3,0,0,3,0.938,CASCADE_3+,0.938,0
437,3,0,0,3,0.938,CASCADE_3+,0.938,0
438,3,0,0,3,0.938,CASCADE_3+,0.938,0
439,3,0,0,3,0.938,CASCADE_3+,0.938,0
440,3,0,0,3,0.938,CASCADE_3+,0.938,0
441,3,0,0,3,0.938,CASCADE_3+,0.938,0
442,3,0,0,3,0.938,CASCADE_3+,0.938,0
443,3,0,0,3,0.938,CASCADE_3+,0.938,0
444,3,0,0,3,0.938,CASCADE_3+,0.938,0
445,3,0,0,3,0.938,CASCADE_3+,0.938,0
446,3,0,0,3,0.938,CASCADE_3+,0.938,0
447,3,0,0,3,0.938,CASCADE_3+,0.938,0
448,3,0,0,3,0.938,CASCADE_3+,0.938,0
449,3,0,0,3,0.938,CASCADE_3+,0.938,0
450,3,0,0,3,0.938,CASCADE_3+,0.938,0
451,2,0,0,2,0.946,TWO_BALL,0.946,0
452,2,0,0,2,0.946,TWO_BALL,0.946,0
453,2,0,0,2,0.946,TWO_BALL,0.946,0
454,2,0,0,2,0.946,TWO_BALL,0.946,0
455,2,0,0,2,0.946,TWO_BALL,0.946,0
456,2,0,0,2,0.946,TWO_BALL,0.946,0
457,2,0,0,2,0.946,TWO_BALL,0.946,0
458,2,0,0,2,0.946,TWO_BALL,0.946,0
459,2,0,0,2,0.946,TWO_BALL,0.946,0
460,2,0,0,2,0.946,TWO_BALL,0.946,0
461,2,0,0,2,0.944,TWO_BALL,0.944,0
462,2,0,0,2,0.944,TWO_BALL,0.944,0
463,2,0,0,2,0.944,TWO_BALL,0.944,0
464,2,0,0,2,0.944,TWO_BALL,0.944,0
465,2,0,0,2,0.944,TWO_BALL,0.944,0
466,2,0,0,2,0.944,TWO_BALL,0.944,0
467,2,0,0,2,0.944,TWO_BALL,0.944,0
468,2,0,0,2,0.944,TWO_BALL,0.944,0
469,2,0,0,2,0.944,TWO_BALL,0.944,0
470,2,0,0,2,0.944,TWO_BALL,0.944,0
471,3,0,0,3,0.938,CASCADE_3+,0.938,0
472,3,0,0,3,0.938,CASCADE_3+,0.938,0
473,1,0,0,1,0.966,SINGLE_BALL,0.966,0
474,1,0,0,1,0.966,SINGLE_BALL,0.966,0
475,1,0,0,1,0.966,SINGLE_BALL,0.966,0
476,1,0,0,1,0.966,SINGLE_BALL,0.966,0
477,1,0,0,1,0.966,SINGLE_BALL,0.966,0
478,1,0,0,1,0.966,SINGLE_BALL,0.966,0
479,1,0,0,1,0.966,SINGLE_BALL,0.966,0
480,1,0,0,1,0.966,SINGLE_BALL,0.966,0
481,1,0,0,1,0.966,SINGLE_BALL,0.966,0
482,1,0,0,1,0.966,SINGLE_BALL,0.966,0
483,1,0,0,1,0.966,SINGLE_BALL,0.966,0
484,1,0,0,1,0.966,SINGLE_BALL,0.966,0
485,1,0,0,1,0.966,SINGLE_BALL,0.966,0
486,1,0,0,1,0.966,SINGLE_BALL,0.966,0
487,1,0,0,1,0.966,SINGLE_BALL,0.966,0
488,1,0,0,1,0.966,SINGLE_BALL,0.966,0
489,1,0,0,1,0.966,SINGLE_BALL,0.966,0
490,1,0,0,1,0.966,SINGLE_BALL,0.966,0
491,1,0,0,1,0.966,SINGLE_BALL,0.966,0
492,1,0,0,1,0.966,SINGLE_BALL,0.966,0
493,1,0,0,1,0.966,SINGLE_BALL,0.966,0
494,1,0,0,1,0.966,SINGLE_BALL,0.966,0
495,1,0,0,1,0.966,SINGLE_BALL,0.966,0
496,1,0,0,1,0.966,SINGLE_BALL,0.966,0
497,1,0,0,1,0.966,SINGLE_BALL,0.966,0
498,1,0,0,1,0.966,SINGLE_BALL,0.966,0
499,1,0,0,1,0.966,SINGLE_BALL,0.966,0
500,1,0,0,1,0.966,SINGLE_BALL,0.966,0
501,1,0,0,1,0.966,SINGLE_BALL,0.966,0
502,1,0,0,1,0.966,SINGLE_BALL,0.966,0
503,1,0,0,1,0.966,SINGLE_BALL,0.966,0
504,1,0,0,1,0.966,SINGLE_BALL,0.966,0
505,1,0,0,1,0.966,SINGLE_BALL,0.966,0
506,1,0,0,1,0.966,SINGLE_BALL,0.966,0
507,2,0,0,2,0.901,TWO_BALL,0.901,0
508,2,0,0,2,0.901,TWO_BALL,0.901,0
509,2,0,0,2,0.901,TWO_BALL,0.901,0
510,2,0,0,2,0.901,TWO_BALL,0.901,0
511,2,0,0,2,0.901,TWO_BALL,0.901,0
512,2,0,0,2,0.901,TWO_BALL,0.901,0
513,2,0,0,2,0.901,TWO_BALL,0.901,0
514,2,0,0,2,0.901,TWO_BALL,0.901,0
515,2,0,0,2,0.901,TWO_BALL,0.901,0
516,2,0,0,2,0.901,TWO_BALL,0.901,0
517,2,0,0,2,0.901,TWO_BALL,0.901,0
518,2,0,0,2,0.901,TWO_BALL,0.901,0
519,2,0,0,2,0.901,TWO_BALL,0.901,0
520,2,0,0,2,0.901,TWO_BALL,0.901,0
521,2,0,0,2,0.901,TWO_BALL,0.901,0
522,2,0,0,2,0.901,TWO_BALL,0.901,0
523,0,0,0,0,0.0,NO_BALL,1.0,0
524,0,0,0,0,0.0,NO_BALL,1.0,0
525,0,0,0,0,0.0,NO_BALL,1.0,0
526,0,0,0,0,0.0,NO_BALL,1.0,0
527,0,0,0,0,0.0,NO_BALL,1.0,0
528,0,0,0,0,0.0,NO_BALL,1.0,0
529,0,0,0,0,0.0,NO_BALL,1.0,0
530,0,0,0,0,0.0,NO_BALL,1.0,0
531,0,0,0,0,0.0,NO_BALL,1.0,0
532,0,0,0,0,0.0,NO_BALL,1.0,0
533,3,0,0,3,0.848,CASCADE_3+,0.848,0
534,3,0,0,3,0.848,CASCADE_3+,0.848,0
535,1,0,0,1,0.966,SINGLE_BALL,0.966,0
536,1,0,0,1,0.966,SINGLE_BALL,0.966,0
537,1,0,0,1,0.966,SINGLE_BALL,0.966,0
538,1,0,0,1,0.966,SINGLE_BALL,0.966,0
539,1,0,0,1,0.966,SINGLE_BALL,0.966,0
540,1,0,0,1,0.966,SINGLE_BALL,0.966,0
541,1,0,0,1,0.966,SINGLE_BALL,0.966,0
542,1,0,0,1,0.966,SINGLE_BALL,0.966,0
543,1,0,0,1,0.966,SINGLE_BALL,0.966,0
544,1,0,0,1,0.966,SINGLE_BALL,0.966,0
545,2,0,0,2,0.854,TWO_BALL,0.854,0
546,2,0,0,2,0.854,TWO_BALL,0.854,0
547,2,0,0,2,0.854,TWO_BALL,0.854,0
548,2,0,0,2,0.854,TWO_BALL,0.854,0
549,3,0,0,3,0.848,CASCADE_3+,0.848,0
550,3,0,0,3,0.848,CASCADE_3+,0.848,0
551,3,0,0,3,0.848,CASCADE_3+,0.848,0
552,3,0,0,3,0.848,CASCADE_3+,0.848,0
553,3,0,0,3,0.848,CASCADE_3+,0.848,0
554,3,0,0,3,0.848,CASCADE_3+,0.848,0
555,3,0,0,3,0.848,CASCADE_3+,0.848,0
556,3,0,0,3,0.848,CASCADE_3+,0.848,0
557,3,0,0,3,0.848,CASCADE_3+,0.848,0
558,3,0,0,3,0.848,CASCADE_3+,0.848,0
559,3,0,0,3,0.848,CASCADE_3+,0.848,0
560,3,0,0,3,0.848,CASCADE_3+,0.848,0
561,3,0,0,3,0.848,CASCADE_3+,0.848,0
562,3,0,0,3,0.848,CASCADE_3+,0.848,0
563,3,0,0,3,0.848,CASCADE_3+,0.848,0
564,3,0,0,3,0.848,CASCADE_3+,0.848,0
565,3,0,0,3,0.848,CASCADE_3+,0.848,0
566,3,0,0,3,0.848,CASCADE_3+,0.848,0
567,3,0,0,3,0.848,CASCADE_3+,0.848,0
568,3,0,0,3,0.848,CASCADE_3+,0.848,0
569,3,0,0,3,0.848,CASCADE_3+,0.848,0
570,3,0,0,3,0.848,CASCADE_3+,0.848,0
571,3,0,0,3,0.848,CASCADE_3+,0.848,0
572,3,0,0,3,0.848,CASCADE_3+,0.848,0
573,3,0,0,3,0.848,CASCADE_3+,0.848,0
574,3,0,0,3,0.848,CASCADE_3+,0.848,0
575,3,0,0,3,0.848,CASCADE_3+,0.848,0
576,3,0,0,3,0.848,CASCADE_3+,0.848,0
577,3,0,0,3,0.848,CASCADE_3+,0.848,0
578,3,0,0,3,0.848,CASCADE_3+,0.848,0
579,2,0,0,2,0.789,TWO_BALL,0.789,0
580,2,0,0,2,0.789,TWO_BALL,0.789,0
581,2,0,0,2,0.789,TWO_BALL,0.789,0
582,2,0,0,2,0.789,TWO_BALL,0.789,0
583,1,0,0,1,0.742,SINGLE_BALL,0.742,0
584,1,0,0,1,0.742,SINGLE_BALL,0.742,0
585,1,0,0,1,0.742,SINGLE_BALL,0.742,0
586,1,0,0,1,0.742,SINGLE_BALL,0.742,0
587,1,0,0,1,0.742,SINGLE_BALL,0.742,0
588,1,0,0,1,0.742,SINGLE_BALL,0.742,0
589,1,0,0,1,0.742,SINGLE_BALL,0.742,0
590,1,0,0,1,0.742,SINGLE_BALL,0.742,0
591,2,0,0,2,0.789,TWO_BALL,0.789,0
592,2,0,0,2,0.789,TWO_BALL,0.789,0
593,3,0,0,3,0.669,CASCADE_3+,0.669,0
594,3,0,0,3,0.669,CASCADE_3+,0.669,0
595,3,0,0,3,0.669,CASCADE_3+,0.669,0
596,3,0,0,3,0.669,CASCADE_3+,0.669,0
597,3,0,0,3,0.669,CASCADE_3+,0.669,0
598,3,0,0,3,0.669,CASCADE_3+,0.669,0
599,2,0,0,2,0.789,TWO_BALL,0.789,0
600,2,0,0,2,0.789,TWO_BALL,0.789,0
601,2,0,0,2,0.789,TWO_BALL,0.789,0
602,2,0,0,2,0.789,TWO_BALL,0.789,0
603,2,0,0,2,0.789,TWO_BALL,0.789,0
604,2,0,0,2,0.789,TWO_BALL,0.789,0
605,2,0,0,2,0.789,TWO_BALL,0.789,0
606,2,0,0,2,0.789,TWO_BALL,0.789,0
607,2,0,0,2,0.789,TWO_BALL,0.789,0
608,2,0,0,2,0.789,TWO_BALL,0.789,0
609,1,0,0,1,0.742,SINGLE_BALL,0.742,0
610,1,0,0,1,0.742,SINGLE_BALL,0.742,0
611,1,0,0,1,0.742,SINGLE_BALL,0.742,0
612,1,0,0,1,0.742,SINGLE_BALL,0.742,0
613,1,0,0,1,0.742,SINGLE_BALL,0.742,0
614,1,0,0,1,0.742,SINGLE_BALL,0.742,0
615,1,0,0,1,0.742,SINGLE_BALL,0.742,0
616,1,0,0,1,0.742,SINGLE_BALL,0.742,0
617,1,0,0,1,0.742,SINGLE_BALL,0.742,0
618,1,0,0,1,0.742,SINGLE_BALL,0.742,0
619,1,0,0,1,0.742,SINGLE_BALL,0.742,0
620,1,0,0,1,0.742,SINGLE_BALL,0.742,0
621,2,0,0,2,0.789,TWO_BALL,0.789,0
622,2,0,0,2,0.789,TWO_BALL,0.789,0
623,2,0,0,2,0.585,TWO_BALL,0.585,0
624,2,0,0,2,0.585,TWO_BALL,0.585,0
625,2,0,0,2,0.585,TWO_BALL,0.585,0
626,2,0,0,2,0.585,TWO_BALL,0.585,0
627,2,0,0,2,0.585,TWO_BALL,0.585,0
628,2,0,0,2,0.585,TWO_BALL,0.585,0
629,2,0,0,2,0.585,TWO_BALL,0.585,0
630,2,0,0,2,0.585,TWO_BALL,0.585,0
631,3,0,0,3,0.669,CASCADE_3+,0.669,0
632,3,0,0,3,0.669,CASCADE_3+,0.669,0
633,3,0,0,3,0.669,CASCADE_3+,0.669,0
634,3,0,0,3,0.669,CASCADE_3+,0.669,0
635,3,0,0,3,0.669,CASCADE_3+,0.669,0
636,3,0,0,3,0.669,CASCADE_3+,0.669,0
637,3,0,0,3,0.669,CASCADE_3+,0.669,0
638,3,0,0,3,0.669,CASCADE_3+,0.669,0
639,3,0,0,3,0.669,CASCADE_3+,0.669,0
640,3,0,0,3,0.669,CASCADE_3+,0.669,0
641,3,0,0,3,0.669,CASCADE_3+,0.669,0
642,3,0,0,3,0.669,CASCADE_3+,0.669,0
643,3,0,0,3,0.669,CASCADE_3+,0.669,0
644,3,0,0,3,0.669,CASCADE_3+,0.669,0
645,3,0,0,3,0.669,CASCADE_3+,0.669,0
646,3,0,0,3,0.669,CASCADE_3+,0.669,0
647,3,0,0,3,0.669,CASCADE_3+,0.669,0
648,3,0,0,3,0.669,CASCADE_3+,0.669,0
649,3,0,0,3,0.669,CASCADE_3+,0.669,0
650,3,0,0,3,0.669,CASCADE_3+,0.669,0
651,3,0,0,3,0.669,CASCADE_3+,0.669,0
652,3,0,0,3,0.669,CASCADE_3+,0.669,0
653,3,0,0,3,0.669,CASCADE_3+,0.669,0
654,3,0,0,3,0.669,CASCADE_3+,0.669,0
655,3,0,0,3,0.669,CASCADE_3+,0.669,0
656,3,0,0,3,0.669,CASCADE_3+,0.669,0
657,3,0,0,3,0.669,CASCADE_3+,0.669,0
658,3,0,0,3,0.669,CASCADE_3+,0.669,0
659,3,0,0,3,0.669,CASCADE_3+,0.669,0
660,3,0,0,3,0.669,CASCADE_3+,0.669,0
661,3,0,0,3,0.669,CASCADE_3+,0.669,0
662,3,0,0,3,0.669,CASCADE_3+,0.669,0
663,3,0,0,3,0.669,CASCADE_3+,0.669,0
664,3,0,0,3,0.669,CASCADE_3+,0.669,0
665,3,0,0,3,0.669,CASCADE_3+,0.669,0
666,3,0,0,3,0.669,CASCADE_3+,0.669,0
667,3,0,0,3,0.669,CASCADE_3+,0.669,0
668,3,0,0,3,0.669,CASCADE_3+,0.669,0
669,3,0,0,3,0.669,CASCADE_3+,0.669,0
670,3,0,0,3,0.669,CASCADE_3+,0.669,0
671,2,0,0,2,0.585,TWO_BALL,0.585,0
672,2,0,0,2,0.585,TWO_BALL,0.585,0
673,2,0,0,2,0.585,TWO_BALL,0.585,0
674,2,0,0,2,0.585,TWO_BALL,0.585,0
675,2,0,0,2,0.585,TWO_BALL,0.585,0
676,2,0,0,2,0.585,TWO_BALL,0.585,0
677,1,0,0,1,0.429,UNKNOWN,0.429,0
678,1,0,0,1,0.429,UNKNOWN,0.429,0
679,2,0,0,2,0.633,TWO_BALL,0.633,0
680,2,0,0,2,0.633,TWO_BALL,0.633,0
681,2,0,0,2,0.633,TWO_BALL,0.633,0
682,2,0,0,2,0.633,TWO_BALL,0.633,0
683,2,0,0,2,0.633,TWO_BALL,0.633,0
684,2,0,0,2,0.633,TWO_BALL,0.633,0
685,3,0,0,3,0.669,CASCADE_3+,0.669,0
686,3,0,0,3,0.669,CASCADE_3+,0.669,0
687,3,0,0,3,0.669,CASCADE_3+,0.669,0
688,3,0,0,3,0.669,CASCADE_3+,0.669,0
689,3,0,0,3,0.669,CASCADE_3+,0.669,0
690,3,0,0,3,0.669,CASCADE_3+,0.669,0
691,4,0,0,4,0.609,CASCADE_3+,0.609,0
692,4,0,0,4,0.609,CASCADE_3+,0.609,0
693,4,0,0,4,0.609,CASCADE_3+,0.609,0
694,4,0,0,4,0.609,CASCADE_3+,0.609,0
695,4,0,0,4,0.609,CASCADE_3+,0.609,0
696,4,0,0,4,0.609,CASCADE_3+,0.609,0
697,5,0,0,5,0.573,CASCADE_3+,0.573,0
698,4,0,0,4,0.609,CASCADE_3+,0.609,0
699,4,0,0,4,0.609,CASCADE_3+,0.609,0
700,4,0,0,4,0.609,CASCADE_3+,0.609,0
701,3,0,0,3,0.669,CASCADE_3+,0.669,0
702,3,0,0,3,0.669,CASCADE_3+,0.669,0
703,3,0,0,3,0.669,CASCADE_3+,0.669,0
704,3,0,0,3,0.669,CASCADE_3+,0.669,0
705,3,0,0,3,0.669,CASCADE_3+,0.669,0
706,3,0,0,3,0.669,CASCADE_3+,0.669,0
707,3,0,0,3,0.669,CASCADE_3+,0.669,0
708,3,0,0,3,0.669,CASCADE_3+,0.669,0
709,3,0,0,3,0.669,CASCADE_3+,0.669,0
710,3,0,0,3,0.669,CASCADE_3+,0.669,0
711,3,0,0,3,0.669,CASCADE_3+,0.669,0
712,3,0,0,3,0.669,CASCADE_3+,0.669,0
713,3,0,0,3,0.669,CASCADE_3+,0.669,0
714,3,0,0,3,0.669,CASCADE_3+,0.669,0
715,3,0,0,3,0.669,CASCADE_3+,0.669,0
716,3,0,0,3,0.669,CASCADE_3+,0.669,0
717,2,0,0,2,0.585,TWO_BALL,0.585,0
718,2,0,0,2,0.585,TWO_BALL,0.585,0
719,2,0,0,2,0.585,TWO_BALL,0.585,0
720,2,0,0,2,0.585,TWO_BALL,0.585,0
721,2,0,0,2,0.585,TWO_BALL,0.585,0
722,2,0,0,2,0.585,TWO_BALL,0.585,0
723,2,0,0,2,0.585,TWO_BALL,0.585,0
724,2,0,0,2,0.585,TWO_BALL,0.585,0
725,2,0,0,2,0.585,TWO_BALL,0.585,0
726,2,0,0,2,0.585,TWO_BALL,0.585,0
727,2,0,0,2,0.585,TWO_BALL,0.585,0
728,2,0,0,2,0.585,TWO_BALL,0.585,0
729,2,0,0,2,0.585,TWO_BALL,0.585,0
730,2,0,0,2,0.585,TWO_BALL,0.585,0
731,2,0,0,2,0.585,TWO_BALL,0.585,0
732,2,0,0,2,0.585,TWO_BALL,0.585,0
733,3,0,0,3,0.64,CASCADE_3+,0.64,0
734,3,0,0,3,0.64,CASCADE_3+,0.64,0
735,3,0,0,3,0.64,CASCADE_3+,0.64,0
736,3,0,0,3,0.64,CASCADE_3+,0.64,0
737,3,0,0,3,0.64,CASCADE_3+,0.64,0
738,3,0,0,3,0.64,CASCADE_3+,0.64,0
739,3,0,0,3,0.64,CASCADE_3+,0.64,0
740,3,0,0,3,0.64,CASCADE_3+,0.64,0
741,3,0,0,3,0.64,CASCADE_3+,0.64,0
742,3,0,0,3,0.64,CASCADE_3+,0.64,0
743,3,0,0,3,0.64,CASCADE_3+,0.64,0
744,3,0,0,3,0.64,CASCADE_3+,0.64,0
745,3,0,0,3,0.64,CASCADE_3+,0.64,0
746,3,0,0,3,0.64,CASCADE_3+,0.64,0
747,3,0,0,3,0.64,CASCADE_3+,0.64,0
748,3,0,0,3,0.64,CASCADE_3+,0.64,0
749,3,0,0,3,0.64,CASCADE_3+,0.64,0
750,3,0,0,3,0.64,CASCADE_3+,0.64,0
751,3,0,0,3,0.64,CASCADE_3+,0.64,0
752,3,0,0,3,0.64,CASCADE_3+,0.64,0
753,3,0,0,3,0.64,CASCADE_3+,0.64,0
754,3,0,0,3,0.64,CASCADE_3+,0.64,0
755,3,0,0,3,0.64,CASCADE_3+,0.64,0
756,3,0,0,3,0.64,CASCADE_3+,0.64,0
757,3,0,0,3,0.64,CASCADE_3+,0.64,0
758,3,0,0,3,0.64,FOUNTAIN_3+,0.64,2
759,3,0,0,3,0.64,FOUNTAIN_3+,0.64,2
760,3,0,0,3,0.64,FOUNTAIN_3+,0.64,2
761,3,0,0,3,0.64,FOUNTAIN_3+,0.64,2
762,3,0,0,3,0.64,FOUNTAIN_3+,0.64,2
763,3,0,0,3,0.64,FOUNTAIN_3+,0.64,2
764,3,0,0,3,0.64,FOUNTAIN_3+,0.64,2
765,4,0,0,4,0.594,FOUNTAIN_3+,0.594,2
766,4,0,0,4,0.594,FOUNTAIN_3+,0.594,2
767,2,0,0,2,0.589,TWO_BALL,0.589,2
768,2,0,0,2,0.589,TWO_BALL,0.589,2
769,2,0,0,2,0.589,TWO_BALL,0.589,2
770,2,0,0,2,0.589,TWO_BALL,0.589,2
771,2,0,0,2,0.589,TWO_BALL,0.589,2
772,2,0,0,2,0.589,TWO_BALL,0.589,2
773,2,0,0,2,0.589,TWO_BALL,0.589,2
774,2,0,0,2,0.589,TWO_BALL,0.589,2
775,3,0,0,3,0.544,FOUNTAIN_3+,0.544,2
776,3,0,0,3,0.544,FOUNTAIN_3+,0.544,2
777,3,0,0,3,0.544,FOUNTAIN_3+,0.544,2
778,3,0,0,3,0.544,FOUNTAIN_3+,0.544,2
779,3,0,0,3,0.544,FOUNTAIN_3+,0.544,2
780,2,0,1,3,0.544,FOUNTAIN_3+,0.544,2
781,1,0,0,1,0.75,SINGLE_BALL,0.75,2
782,1,0,0,1,0.75,SINGLE_BALL,0.75,2
783,1,0,0,1,0.75,SINGLE_BALL,0.75,2
784,1,0,0,1,0.75,SINGLE_BALL,0.75,2
785,1,0,0,1,0.75,SINGLE_BALL,0.75,2
786,1,0,0,1,0.75,SINGLE_BALL,0.75,2
787,1,0,0,1,0.75,SINGLE_BALL,0.75,2
788,1,0,0,1,0.75,SINGLE_BALL,0.75,2
789,1,0,0,1,0.75,SINGLE_BALL,0.75,2
790,1,0,0,1,0.75,SINGLE_BALL,0.75,2
791,2,0,0,2,0.618,TWO_BALL,0.618,2
792,2,0,0,2,0.618,TWO_BALL,0.618,2
793,2,0,0,2,0.618,TWO_BALL,0.618,2
794,2,0,0,2,0.618,TWO_BALL,0.618,2
795,2,0,0,2,0.618,TWO_BALL,0.618,2
796,2,0,0,2,0.618,TWO_BALL,0.618,2
797,2,0,1,3,0.563,FOUNTAIN_3+,0.563,2
798,3,0,0,3,0.563,FOUNTAIN_3+,0.563,2
799,3,0,0,3,0.563,FOUNTAIN_3+,0.563,2
800,3,0,0,3,0.563,FOUNTAIN_3+,0.563,2
801,3,0,0,3,0.563,FOUNTAIN_3+,0.563,2
802,3,0,0,3,0.563,FOUNTAIN_3+,0.563,2
803,3,0,0,3,0.563,FOUNTAIN_3+,0.563,2
804,3,0,0,3,0.563,FOUNTAIN_3+,0.563,2
805,3,0,0,3,0.563,FOUNTAIN_3+,0.563,2
806,2,0,0,2,0.47,UNKNOWN,0.47,2
807,2,0,0,2,0.47,UNKNOWN,0.47,2
808,2,0,0,2,0.47,UNKNOWN,0.47,2
809,2,0,0,2,0.47,UNKNOWN,0.47,2
810,2,0,0,2,0.47,UNKNOWN,0.47,2
811,3,0,0,3,0.563,FOUNTAIN_3+,0.563,2
812,2,0,0,2,0.47,UNKNOWN,0.47,2
813,2,0,0,2,0.47,UNKNOWN,0.47,4
814,3,0,0,3,0.456,UNKNOWN,0.456,4
815,3,0,0,3,0.456,UNKNOWN,0.456,4
816,3,0,0,3,0.456,UNKNOWN,0.456,4
817,3,0,0,3,0.456,UNKNOWN,0.456,4
818,3,0,0,3,0.456,UNKNOWN,0.456,4
819,3,0,0,3,0.456,UNKNOWN,0.456,4
820,3,0,0,3,0.456,UNKNOWN,0.456,4
821,3,0,0,3,0.456,UNKNOWN,0.456,4
822,3,0,0,3,0.456,UNKNOWN,0.456,4
823,3,0,0,3,0.456,UNKNOWN,0.456,4
824,3,0,0,3,0.456,UNKNOWN,0.456,4
825,3,0,0,3,0.456,UNKNOWN,0.456,4
826,3,0,0,3,0.456,UNKNOWN,0.456,4
827,3,0,0,3,0.456,UNKNOWN,0.456,4
828,3,0,0,3,0.456,UNKNOWN,0.456,4
829,3,0,0,3,0.456,UNKNOWN,0.456,4
830,1,0,1,2,0.47,UNKNOWN,0.47,4
831,1,0,0,1,0.487,UNKNOWN,0.487,4
832,1,0,0,1,0.487,UNKNOWN,0.487,4
833,1,0,0,1,0.487,UNKNOWN,0.487,4
834,1,0,0,1,0.487,UNKNOWN,0.487,4
835,1,0,0,1,0.487,UNKNOWN,0.487,4
836,1,0,0,1,0.487,UNKNOWN,0.487,4
837,1,0,0,1,0.487,UNKNOWN,0.487,4
838,1,0,0,1,0.487,UNKNOWN,0.487,4
839,1,0,1,2,0.458,UNKNOWN,0.458,4
840,1,0,0,1,0.429,UNKNOWN,0.429,4
841,1,0,0,1,0.429,UNKNOWN,0.429,4
842,1,0,0,1,0.429,UNKNOWN,0.429,4
843,1,0,0,1,0.429,UNKNOWN,0.429,4
844,1,0,0,1,0.429,UNKNOWN,0.429,4
845,1,0,0,1,0.429,UNKNOWN,0.429,4
846,1,0,0,1,0.429,UNKNOWN,0.429,4
847,1,0,0,1,0.429,UNKNOWN,0.429,4
848,1,0,0,1,0.429,UNKNOWN,0.429,4
849,1,0,0,1,0.429,UNKNOWN,0.429,4
850,1,0,0,1,0.429,UNKNOWN,0.429,4
851,1,0,0,1,0.429,UNKNOWN,0.429,6
852,1,0,0,1,0.429,UNKNOWN,0.429,6
853,1,0,0,1,0.429,UNKNOWN,0.429,6
854,1,0,0,1,0.429,UNKNOWN,0.429,6
855,2,0,0,2,0.429,UNKNOWN,0.429,6
856,2,0,1,3,0.437,UNKNOWN,0.437,6
857,2,0,0,2,0.441,UNKNOWN,0.441,6
858,2,0,0,2,0.441,UNKNOWN,0.441,6
859,2,0,0,2,0.441,UNKNOWN,0.441,6
860,2,0,1,3,0.456,UNKNOWN,0.456,6
861,3,0,0,3,0.456,UNKNOWN,0.456,6
862,3,0,0,3,0.456,UNKNOWN,0.456,6
863,3,0,0,3,0.456,UNKNOWN,0.456,6
864,3,0,0,3,0.456,UNKNOWN,0.456,6
865,3,0,0,3,0.456,UNKNOWN,0.456,6
866,3,0,0,3,0.456,UNKNOWN,0.456,6
867,3,0,0,3,0.456,UNKNOWN,0.456,6
868,3,0,0,3,0.456,UNKNOWN,0.456,6
869,3,0,0,3,0.456,UNKNOWN,0.456,6
870,3,0,0,3,0.456,UNKNOWN,0.456,6
871,3,0,0,3,0.456,UNKNOWN,0.456,6
872,2,0,1,3,0.456,UNKNOWN,0.456,6
873,2,0,0,2,0.458,UNKNOWN,0.458,6
874,2,0,0,2,0.458,UNKNOWN,0.458,4
875,2,0,0,2,0.458,UNKNOWN,0.458,4
876,2,0,0,2,0.458,UNKNOWN,0.458,4
877,2,0,0,2,0.458,UNKNOWN,0.458,4
878,2,0,0,2,0.458,UNKNOWN,0.458,4
879,2,0,0,2,0.458,UNKNOWN,0.458,4
880,2,0,0,2,0.458,UNKNOWN,0.458,2
881,1,0,0,1,0.487,UNKNOWN,0.487,2
882,1,0,0,1,0.487,UNKNOWN,0.487,2
883,2,0,0,2,0.458,UNKNOWN,0.458,2
884,2,0,0,2,0.458,UNKNOWN,0.458,2
885,3,0,0,3,0.62,FOUNTAIN_3+,0.62,2
886,2,0,0,2,0.715,TWO_BALL,0.715,2
887,2,0,0,2,0.715,TWO_BALL,0.715,2
888,2,0,0,2,0.715,TWO_BALL,0.715,2
889,2,0,0,2,0.715,TWO_BALL,0.715,2
890,2,0,1,3,0.628,FOUNTAIN_3+,0.628,2
891,3,0,0,3,0.628,FOUNTAIN_3+,0.628,2
892,3,0,0,3,0.628,FOUNTAIN_3+,0.628,2
893,3,0,0,3,0.628,FOUNTAIN_3+,0.628,2
894,3,0,0,3,0.628,FOUNTAIN_3+,0.628,2
895,3,0,0,3,0.628,FOUNTAIN_3+,0.628,2
896,3,0,0,3,0.628,FOUNTAIN_3+,0.628,2
897,3,0,0,3,0.628,FOUNTAIN_3+,0.628,2
898,3,0,0,3,0.628,FOUNTAIN_3+,0.628,2
899,3,0,0,3,0.628,FOUNTAIN_3+,0.628,2
900,3,0,0,3,0.628,FOUNTAIN_3+,0.628,2
901,3,0,0,3,0.628,FOUNTAIN_3+,0.628,2
902,3,0,0,3,0.628,FOUNTAIN_3+,0.628,2
903,3,0,0,3,0.628,FOUNTAIN_3+,0.628,2
904,3,0,0,3,0.628,FOUNTAIN_3+,0.628,2
905,3,0,0,3,0.628,FOUNTAIN_3+,0.628,2
906,3,0,0,3,0.628,FOUNTAIN_3+,0.628,2
907,3,0,0,3,0.628,FOUNTAIN_3+,0.628,2
908,3,0,0,3,0.628,FOUNTAIN_3+,0.628,2
909,3,0,0,3,0.628,FOUNTAIN_3+,0.628,2
910,3,0,0,3,0.628,FOUNTAIN_3+,0.628,2
911,3,0,0,3,0.628,FOUNTAIN_3+,0.628,2
912,3,0,0,3,0.628,CASCADE_3+,0.628,0
913,3,0,0,3,0.628,CASCADE_3+,0.628,0
914,3,0,0,3,0.628,CASCADE_3+,0.628,0
915,3,0,0,3,0.628,CASCADE_3+,0.628,0
916,3,0,0,3,0.628,CASCADE_3+,0.628,0
917,3,0,0,3,0.628,CASCADE_3+,0.628,0
918,3,0,0,3,0.628,CASCADE_3+,0.628,0
919,3,0,0,3,0.628,CASCADE_3+,0.628,0
920,3,0,0,3,0.628,CASCADE_3+,0.628,0
921,3,0,0,3,0.628,CASCADE_3+,0.628,0
922,3,0,0,3,0.628,CASCADE_3+,0.628,0
923,3,0,0,3,0.628,CASCADE_3+,0.628,0
924,3,0,0,3,0.628,CASCADE_3+,0.628,0
925,3,0,0,3,0.628,CASCADE_3+,0.628,0
926,3,0,0,3,0.628,CASCADE_3+,0.628,0
927,3,0,0,3,0.628,CASCADE_3+,0.628,0
928,3,0,0,3,0.628,CASCADE_3+,0.628,0
929,3,0,0,3,0.628,CASCADE_3+,0.628,0
930,3,0,0,3,0.628,CASCADE_3+,0.628,0
931,3,0,0,3,0.628,CASCADE_3+,0.628,0
932,3,0,0,3,0.628,CASCADE_3+,0.628,0
933,3,0,0,3,0.628,CASCADE_3+,0.628,0
934,3,0,0,3,0.628,CASCADE_3+,0.628,0
935,3,0,0,3,0.628,CASCADE_3+,0.628,0
936,3,0,0,3,0.628,CASCADE_3+,0.628,0
937,2,0,0,2,0.699,TWO_BALL,0.699,0
938,2,0,0,2,0.699,TWO_BALL,0.699,0
939,2,0,0,2,0.699,TWO_BALL,0.699,0
940,2,0,0,2,0.699,TWO_BALL,0.699,0
941,2,0,0,2,0.699,TWO_BALL,0.699,0
942,2,0,0,2,0.699,TWO_BALL,0.699,0
943,2,0,0,2,0.699,TWO_BALL,0.699,0
944,3,0,0,3,0.628,CASCADE_3+,0.628,0
945,3,0,0,3,0.628,CASCADE_3+,0.628,0
946,2,0,0,2,0.715,TWO_BALL,0.715,0
947,2,0,0,2,0.715,TWO_BALL,0.715,0
948,2,0,0,2,0.715,TWO_BALL,0.715,0
949,1,0,0,1,0.487,UNKNOWN,0.487,0
950,1,0,0,1,0.487,UNKNOWN,0.487,0
951,1,0,0,1,0.487,UNKNOWN,0.487,0
952,1,0,0,1,0.487,UNKNOWN,0.487,0
953,1,0,0,1,0.487,UNKNOWN,0.487,0
954,1,0,0,1,0.487,UNKNOWN,0.487,0
955,1,0,0,1,0.487,UNKNOWN,0.487,0
956,2,0,0,2,0.458,UNKNOWN,0.458,0
957,3,0,0,3,0.62,CASCADE_3+,0.62,0
958,3,0,0,3,0.62,CASCADE_3+,0.62,0
959,3,0,0,3,0.62,CASCADE_3+,0.62,0
960,3,0,0,3,0.62,CASCADE_3+,0.62,0
961,3,0,0,3,0.62,CASCADE_3+,0.62,0
962,3,0,0,3,0.62,CASCADE_3+,0.62,0
963,3,0,0,3,0.62,CASCADE_3+,0.62,0
964,3,0,0,3,0.62,CASCADE_3+,0.62,0
965,2,0,0,2,0.686,TWO_BALL,0.686,0
966,1,0,0,1,0.429,UNKNOWN,0.429,0
967,1,0,0,1,0.429,UNKNOWN,0.429,0
968,2,0,0,2,0.391,UNKNOWN,0.391,0
969,2,0,0,2,0.391,UNKNOWN,0.391,0
970,3,0,0,3,0.423,UNKNOWN,0.423,0
971,2,0,0,2,0.42,UNKNOWN,0.42,0
972,2,0,0,2,0.42,UNKNOWN,0.42,0
973,2,0,0,2,0.42,UNKNOWN,0.42,0
974,2,0,0,2,0.42,UNKNOWN,0.42,0
975,2,0,0,2,0.42,UNKNOWN,0.42,0
976,2,0,0,2,0.42,UNKNOWN,0.42,0
977,3,0,0,3,0.423,UNKNOWN,0.423,0
978,3,0,0,3,0.423,UNKNOWN,0.423,0
979,3,0,0,3,0.423,UNKNOWN,0.423,0
980,3,0,0,3,0.423,UNKNOWN,0.423,0
981,3,0,0,3,0.423,UNKNOWN,0.423,0
982,3,0,0,3,0.423,UNKNOWN,0.423,0
983,3,0,0,3,0.423,UNKNOWN,0.423,0
984,3,0,0,3,0.423,UNKNOWN,0.423,0
985,3,0,0,3,0.423,UNKNOWN,0.423,0
986,3,0,0,3,0.423,UNKNOWN,0.423,0
987,3,0,0,3,0.423,UNKNOWN,0.423,0
988,3,0,0,3,0.423,UNKNOWN,0.423,0
989,3,0,0,3,0.423,UNKNOWN,0.423,0
990,3,0,0,3,0.423,UNKNOWN,0.423,0
991,3,0,0,3,0.423,UNKNOWN,0.423,0
992,3,0,0,3,0.423,UNKNOWN,0.423,2
993,3,0,0,3,0.423,UNKNOWN,0.423,2
994,3,0,0,3,0.423,UNKNOWN,0.423,2
995,3,0,0,3,0.423,UNKNOWN,0.423,2
996,3,0,0,3,0.423,UNKNOWN,0.423,2
997,3,0,0,3,0.423,UNKNOWN,0.423,2
998,3,0,0,3,0.423,UNKNOWN,0.423,2
999,3,0,0,3,0.423,UNKNOWN,0.423,2
1000,3,0,0,3,0.423,UNKNOWN,0.423,2
1001,3,0,0,3,0.423,UNKNOWN,0.423,2
1002,3,0,0,3,0.423,UNKNOWN,0.423,2
1003,3,0,0,3,0.423,UNKNOWN,0.423,2
1004,3,0,0,3,0.423,UNKNOWN,0.423,2
1005,3,0,0,3,0.423,UNKNOWN,0.423,2
1006,3,0,0,3,0.423,UNKNOWN,0.423,2
1007,3,0,0,3,0.423,UNKNOWN,0.423,2
1008,3,0,0,3,0.423,UNKNOWN,0.423,2
1009,3,0,0,3,0.423,UNKNOWN,0.423,2
1010,3,0,0,3,0.423,UNKNOWN,0.423,2
1011,3,0,0,3,0.423,UNKNOWN,0.423,2
1012,2,0,0,2,0.42,UNKNOWN,0.42,2
1013,2,0,0,2,0.42,UNKNOWN,0.42,2
1014,2,0,0,2,0.42,UNKNOWN,0.42,2
1015,1,0,1,2,0.42,UNKNOWN,0.42,2
1016,1,0,0,1,0.353,UNKNOWN,0.353,2
1017,1,0,0,1,0.353,UNKNOWN,0.353,2
1018,1,0,0,1,0.353,UNKNOWN,0.353,2
1019,1,0,0,1,0.353,UNKNOWN,0.353,2
1020,1,0,0,1,0.353,UNKNOWN,0.353,2
1021,0,0,0,0,0.0,NO_BALL,1.0,2
1022,0,0,0,0,0.0,NO_BALL,1.0,4
1023,0,0,0,0,0.0,NO_BALL,1.0,4
1024,0,0,0,0,0.0,NO_BALL,1.0,4
1025,0,0,0,0,0.0,NO_BALL,1.0,4
1026,0,0,0,0,0.0,NO_BALL,1.0,4
1027,0,0,0,0,0.0,NO_BALL,1.0,4
1028,0,0,0,0,0.0,NO_BALL,1.0,4
1029,2,0,1,3,0.501,FOUNTAIN_3+,0.501,4
1030,3,0,0,3,0.501,FOUNTAIN_3+,0.501,4
1031,3,0,0,3,0.501,FOUNTAIN_3+,0.501,4
1032,3,0,0,3,0.501,FOUNTAIN_3+,0.501,4
1033,3,0,0,3,0.501,FOUNTAIN_3+,0.501,4
1034,3,0,0,3,0.501,FOUNTAIN_3+,0.501,4
1035,3,0,0,3,0.501,FOUNTAIN_3+,0.501,4
1036,3,0,0,3,0.501,FOUNTAIN_3+,0.501,4
1037,3,0,0,3,0.501,FOUNTAIN_3+,0.501,4
1038,3,0,0,3,0.501,FOUNTAIN_3+,0.501,4
1039,3,0,0,3,0.501,FOUNTAIN_3+,0.501,4
1040,3,0,0,3,0.501,FOUNTAIN_3+,0.501,4
1041,3,0,0,3,0.501,FOUNTAIN_3+,0.501,4
1042,3,0,0,3,0.501,FOUNTAIN_3+,0.501,4
1043,3,0,0,3,0.501,FOUNTAIN_3+,0.501,4
1044,3,0,0,3,0.501,FOUNTAIN_3+,0.501,4
1045,3,0,0,3,0.501,FOUNTAIN_3+,0.501,4
1046,3,0,0,3,0.501,FOUNTAIN_3+,0.501,4
1047,3,0,0,3,0.501,FOUNTAIN_3+,0.501,4
1048,3,0,0,3,0.501,FOUNTAIN_3+,0.501,4
1049,3,0,0,3,0.501,FOUNTAIN_3+,0.501,4
1050,2,0,1,3,0.501,FOUNTAIN_3+,0.501,4
1051,1,0,0,1,0.487,UNKNOWN,0.487,4
1052,1,0,0,1,0.487,UNKNOWN,0.487,4
1053,1,0,0,1,0.487,UNKNOWN,0.487,2
1054,1,0,1,2,0.575,TWO_BALL_ONE_HAND,0.575,2
1055,2,0,0,2,0.575,TWO_BALL,0.575,2
1056,3,0,0,3,0.501,FOUNTAIN_3+,0.501,2
1057,3,0,0,3,0.501,FOUNTAIN_3+,0.501,2
1058,3,0,0,3,0.501,FOUNTAIN_3+,0.501,2
1059,3,0,0,3,0.501,FOUNTAIN_3+,0.501,2
1060,3,0,0,3,0.501,FOUNTAIN_3+,0.501,2
1061,2,0,0,2,0.42,UNKNOWN,0.42,2
1062,2,0,0,2,0.42,UNKNOWN,0.42,2
1063,2,0,0,2,0.42,UNKNOWN,0.42,2
1064,2,0,0,2,0.42,UNKNOWN,0.42,2
1065,2,0,0,2,0.42,UNKNOWN,0.42,2
1066,2,0,0,2,0.42,UNKNOWN,0.42,2
1067,2,0,0,2,0.42,UNKNOWN,0.42,2
1068,2,0,0,2,0.42,UNKNOWN,0.42,2
1069,2,0,0,2,0.42,UNKNOWN,0.42,2
1070,3,0,0,3,0.423,UNKNOWN,0.423,2
1071,3,0,0,3,0.423,UNKNOWN,0.423,2
1072,3,0,0,3,0.423,UNKNOWN,0.423,2
1073,3,0,0,3,0.423,UNKNOWN,0.423,2
1074,3,0,0,3,0.423,UNKNOWN,0.423,2
1075,2,0,0,2,0.391,UNKNOWN,0.391,2
1076,2,0,0,2,0.391,UNKNOWN,0.391,2
1077,3,0,0,3,0.403,UNKNOWN,0.403,2
1078,1,0,0,1,0.353,UNKNOWN,0.353,2
