frame,n_in_air,n_in_hand_left,n_in_hand_right,n_total,avg_quality,pattern,confidence,n_window_events,n_recent_events,same_hand_run,unique_hands,alternation_score,catch_rate_hz
2,5,0,0,5,0.663,MIXED_3+_UNCONFIRMED,0.332,0,1,0,0,0.0,0.0
3,5,0,0,5,0.663,MIXED_3+_UNCONFIRMED,0.332,0,1,0,0,0.0,0.0
4,5,0,0,5,0.663,MIXED_3+_UNCONFIRMED,0.332,0,2,0,0,0.0,0.0
5,5,0,0,5,0.663,MIXED_3+_UNCONFIRMED,0.332,0,2,0,0,0.0,0.0
6,5,0,0,5,0.663,MIXED_3+_UNCONFIRMED,0.332,0,2,0,0,0.0,0.0
7,5,0,0,5,0.663,MIXED_3+_UNCONFIRMED,0.332,0,2,0,0,0.0,0.0
8,5,0,0,5,0.663,MIXED_3+_UNCONFIRMED,0.332,0,2,0,0,0.0,0.0
9,5,0,0,5,0.663,MIXED_3+_UNCONFIRMED,0.332,0,2,0,0,0.0,0.0
10,5,0,0,5,0.663,MIXED_3+_UNCONFIRMED,0.332,0,2,0,0,0.0,0.0
11,5,0,0,5,0.663,MIXED_3+_UNCONFIRMED,0.332,0,2,0,0,0.0,0.0
12,5,0,0,5,0.663,MIXED_3+_UNCONFIRMED,0.332,0,2,0,0,0.0,0.0
13,5,0,0,5,0.663,MIXED_3+_UNCONFIRMED,0.332,0,2,0,0,0.0,0.0
14,5,0,0,5,0.663,MIXED_3+_UNCONFIRMED,0.332,0,2,0,0,0.0,0.0
15,5,0,0,5,0.663,MIXED_3+_UNCONFIRMED,0.332,0,2,0,0,0.0,0.0
16,5,0,0,5,0.663,MIXED_3+_UNCONFIRMED,0.332,0,2,0,0,0.0,0.0
17,5,0,0,5,0.663,MIXED_3+_UNCONFIRMED,0.332,0,2,0,0,0.0,0.0
18,5,0,0,5,0.663,MIXED_3+_UNCONFIRMED,0.332,0,2,0,0,0.0,0.0
19,5,0,0,5,0.663,MIXED_3+_UNCONFIRMED,0.332,0,2,0,0,0.0,0.0
20,5,0,0,5,0.663,MIXED_3+_UNCONFIRMED,0.332,0,2,0,0,0.0,0.0
21,5,0,0,5,0.663,MIXED_3+_UNCONFIRMED,0.332,0,2,0,0,0.0,0.0
22,5,0,0,5,0.663,MIXED_3+_UNCONFIRMED,0.332,1,2,0,1,0.0,0.0
23,4,0,0,4,0.684,MIXED_3+_UNCONFIRMED,0.342,1,2,0,1,0.0,0.0
24,4,0,0,4,0.684,MIXED_3+_UNCONFIRMED,0.342,1,2,0,1,0.0,0.0
25,4,0,0,4,0.684,MIXED_3+_UNCONFIRMED,0.342,1,2,0,1,0.0,0.0
26,4,0,0,4,0.684,MIXED_3+_UNCONFIRMED,0.342,1,2,0,1,0.0,0.0
27,4,0,0,4,0.684,MIXED_3+_UNCONFIRMED,0.342,1,2,0,1,0.0,0.0
28,4,0,0,4,0.684,MIXED_3+_UNCONFIRMED,0.342,1,2,0,1,0.0,0.0
29,4,0,0,4,0.684,MIXED_3+_UNCONFIRMED,0.342,1,2,0,1,0.0,0.0
30,4,0,0,4,0.684,MIXED_3+_UNCONFIRMED,0.342,1,2,0,1,0.0,0.0
31,4,0,0,4,0.684,MIXED_3+_UNCONFIRMED,0.342,1,2,0,1,0.0,0.0
32,4,0,0,4,0.684,MIXED_3+_UNCONFIRMED,0.342,1,2,0,1,0.0,0.0
33,4,0,0,4,0.684,MIXED_3+_UNCONFIRMED,0.342,1,2,0,1,0.0,0.0
34,5,0,0,5,0.663,MIXED_3+_UNCONFIRMED,0.332,2,2,1,1,0.0,0.0
35,5,0,0,5,0.663,MIXED_3+_UNCONFIRMED,0.332,2,2,1,1,0.0,0.0
36,5,0,0,5,0.663,MIXED_3+_UNCONFIRMED,0.332,2,2,1,1,0.0,0.0
37,5,0,0,5,0.663,MIXED_3+_UNCONFIRMED,0.332,2,2,1,1,0.0,0.0
38,5,0,0,5,0.663,MIXED_3+_UNCONFIRMED,0.332,2,2,1,1,0.0,0.0
39,5,0,0,5,0.663,MIXED_3+_UNCONFIRMED,0.332,2,2,1,1,0.0,0.0
40,5,0,0,5,0.663,MIXED_3+_UNCONFIRMED,0.332,2,2,1,1,0.0,0.0
41,5,0,0,5,0.663,MIXED_3+_UNCONFIRMED,0.332,2,2,1,1,0.0,0.0
42,5,0,0,5,0.663,MIXED_3+_UNCONFIRMED,0.332,2,3,1,1,0.0,0.0
43,5,0,0,5,0.663,MIXED_3+_UNCONFIRMED,0.332,2,3,1,1,0.0,0.0
44,5,0,0,5,0.663,MIXED_3+_UNCONFIRMED,0.332,2,3,1,1,0.0,0.0
45,5,0,0,5,0.663,MIXED_3+_UNCONFIRMED,0.332,2,3,1,1,0.0,0.0
46,5,0,0,5,0.663,MIXED_3+_UNCONFIRMED,0.332,2,3,1,1,0.0,0.0
47,5,0,0,5,0.663,MIXED_3+_UNCONFIRMED,0.332,2,3,1,1,0.0,0.0
48,5,0,0,5,0.663,MIXED_3+_UNCONFIRMED,0.332,2,3,1,1,0.0,0.0
49,5,0,0,5,0.663,MIXED_3+_UNCONFIRMED,0.332,2,3,1,1,0.0,0.0
50,5,0,0,5,0.663,MIXED_3+_UNCONFIRMED,0.332,2,3,1,1,0.0,0.0
51,5,0,0,5,0.663,MIXED_3+_UNCONFIRMED,0.332,2,3,1,1,0.0,0.0
52,5,0,0,5,0.663,MIXED_3+_UNCONFIRMED,0.332,2,3,1,1,0.0,0.0
53,5,0,0,5,0.663,MIXED_3+_UNCONFIRMED,0.332,2,3,1,1,0.0,0.0
54,5,0,0,5,0.663,MIXED_3+_UNCONFIRMED,0.332,2,3,1,1,0.0,0.0
55,5,0,0,5,0.663,MIXED_3+_UNCONFIRMED,0.332,2,3,1,1,0.0,0.0
56,5,0,0,5,0.663,MIXED_3+_UNCONFIRMED,0.332,2,3,1,1,0.0,0.0
57,5,0,0,5,0.663,MIXED_3+_UNCONFIRMED,0.332,2,3,1,1,0.0,0.0
58,6,0,0,6,0.658,MIXED_3+_UNCONFIRMED,0.329,2,3,1,1,0.0,0.0
59,6,0,0,6,0.658,MIXED_3+_UNCONFIRMED,0.329,2,3,1,1,0.0,0.0
60,6,0,0,6,0.658,MIXED_3+_UNCONFIRMED,0.329,2,3,1,1,0.0,0.0
61,6,0,0,6,0.658,MIXED_3+_UNCONFIRMED,0.329,2,3,1,1,0.0,0.0
62,6,0,0,6,0.658,MIXED_3+_UNCONFIRMED,0.329,2,3,1,1,0.0,0.0
63,5,0,0,5,0.663,MIXED_3+_UNCONFIRMED,0.332,2,3,1,1,0.0,0.0
64,5,0,0,5,0.663,MIXED_3+_UNCONFIRMED,0.332,2,3,1,1,0.0,0.0
65,5,0,0,5,0.663,MIXED_3+_UNCONFIRMED,0.332,2,2,1,1,0.0,0.0
66,5,0,0,5,0.663,MIXED_3+_UNCONFIRMED,0.332,2,2,1,1,0.0,0.0
67,5,0,0,5,0.663,MIXED_3+_UNCONFIRMED,0.332,2,2,1,1,0.0,0.0
68,5,0,0,5,0.663,MIXED_3+_UNCONFIRMED,0.332,2,2,1,1,0.0,0.0
69,5,0,0,5,0.663,MIXED_3+_UNCONFIRMED,0.332,2,2,1,1,0.0,0.0
70,5,0,0,5,0.663,MIXED_3+_UNCONFIRMED,0.332,2,2,1,1,0.0,0.0
71,5,0,0,5,0.663,MIXED_3+_UNCONFIRMED,0.332,2,2,1,1,0.0,0.0
72,5,0,0,5,0.663,CASCADE_3+,0.663,3,3,1,2,0.5,1.2
73,4,0,0,4,0.681,CASCADE_3+,0.681,3,3,1,2,0.5,1.2
74,4,0,0,4,0.681,CASCADE_3+,0.681,3,3,1,2,0.5,1.2
75,4,0,0,4,0.681,CASCADE_3+,0.681,3,3,1,2,0.5,1.2
76,4,0,0,4,0.681,CASCADE_3+,0.681,3,3,1,2,0.5,1.2
77,4,0,0,4,0.681,CASCADE_3+,0.681,3,3,1,2,0.5,1.2
78,4,0,0,4,0.681,CASCADE_3+,0.681,3,3,1,2,0.5,1.2
79,4,0,0,4,0.681,CASCADE_3+,0.681,3,3,1,2,0.5,1.2
80,4,0,0,4,0.681,CASCADE_3+,0.681,3,3,1,2,0.5,1.2
81,4,0,0,4,0.681,CASCADE_3+,0.681,3,3,1,2,0.5,1.2
82,4,0,0,4,0.681,CASCADE_3+,0.681,3,3,1,2,0.5,1.2
83,5,0,0,5,0.663,MIXED_3+,0.663,4,3,2,2,0.333,1.2
84,5,0,0,5,0.663,MIXED_3+,0.663,4,4,2,2,0.333,1.2
85,5,0,0,5,0.663,MIXED_3+,0.663,4,4,2,2,0.333,1.2
86,5,0,0,5,0.663,MIXED_3+,0.663,4,4,2,2,0.333,1.2
87,5,0,0,5,0.663,MIXED_3+,0.663,4,4,2,2,0.333,1.2
88,5,0,0,5,0.663,MIXED_3+,0.663,4,4,2,2,0.333,1.2
89,5,0,0,5,0.663,MIXED_3+,0.663,4,4,2,2,0.333,1.2
90,5,0,0,5,0.663,MIXED_3+,0.663,4,4,2,2,0.333,1.2
91,5,0,0,5,0.663,MIXED_3+,0.663,4,4,2,2,0.333,1.2
92,5,0,0,5,0.663,MIXED_3+,0.663,4,4,2,2,0.333,1.2
93,5,0,0,5,0.663,MIXED_3+,0.663,4,4,2,2,0.333,1.2
94,5,0,0,5,0.663,MIXED_3+,0.663,4,4,2,2,0.333,1.2
95,5,0,0,5,0.663,MIXED_3+,0.663,4,4,2,2,0.333,1.2
96,5,0,0,5,0.663,MIXED_3+,0.663,4,4,2,2,0.333,1.2
97,5,0,0,5,0.663,MIXED_3+,0.663,4,4,2,2,0.333,1.2
98,4,0,0,4,0.684,MIXED_3+,0.684,4,4,2,2,0.333,1.2
99,4,0,0,4,0.684,MIXED_3+,0.684,4,4,2,2,0.333,1.2
100,4,0,0,4,0.684,MIXED_3+,0.684,4,4,2,2,0.333,1.2
101,4,0,0,4,0.684,MIXED_3+,0.684,4,4,2,2,0.333,1.2
102,4,0,0,4,0.684,CASCADE_3+,0.684,4,4,1,2,0.667,2.0
103,3,0,0,3,0.688,CASCADE_3+,0.688,4,3,1,2,0.667,2.0
104,3,0,0,3,0.688,CASCADE_3+,0.688,4,3,1,2,0.667,2.0
105,3,0,0,3,0.688,CASCADE_3+,0.688,4,3,1,2,0.667,2.0
106,3,0,0,3,0.688,CASCADE_3+,0.688,4,3,1,2,0.667,2.0
107,3,0,0,3,0.688,CASCADE_3+,0.688,4,3,1,2,0.667,2.0
108,3,0,0,3,0.688,CASCADE_3+,0.688,4,3,1,2,0.667,2.0
109,3,0,0,3,0.688,CASCADE_3+,0.688,4,3,1,2,0.667,2.0
110,3,0,0,3,0.688,CASCADE_3+,0.688,4,3,1,2,0.667,2.0
111,3,0,0,3,0.688,CASCADE_3+,0.688,4,3,1,2,0.667,2.0
112,3,0,0,3,0.688,CASCADE_3+,0.688,4,3,1,2,0.667,2.0
113,3,0,0,3,0.688,CASCADE_3+,0.688,4,3,1,2,0.667,2.0
114,4,0,0,4,0.684,MIXED_3+,0.684,4,2,2,2,0.333,2.0
115,4,0,0,4,0.684,MIXED_3+,0.684,4,2,2,2,0.333,2.0
116,4,0,0,4,0.684,MIXED_3+,0.684,4,2,2,2,0.333,2.0
117,5,0,0,5,0.715,MIXED_3+,0.715,4,2,2,2,0.333,2.0
118,5,0,0,5,0.715,MIXED_3+,0.715,4,2,2,2,0.333,2.0
119,5,0,0,5,0.715,MIXED_3+,0.715,4,2,2,2,0.333,2.0
120,5,0,0,5,0.715,MIXED_3+,0.715,4,2,2,2,0.333,2.0
121,5,0,0,5,0.715,MIXED_3+,0.715,4,2,2,2,0.333,2.0
122,5,0,0,5,0.715,MIXED_3+,0.715,4,2,2,2,0.333,2.0
123,5,0,0,5,0.715,MIXED_3+,0.715,4,2,2,2,0.333,2.0
124,5,0,0,5,0.715,MIXED_3+,0.715,4,2,2,2,0.333,2.0
125,5,0,0,5,0.715,MIXED_3+,0.715,4,2,2,2,0.333,2.0
126,5,0,0,5,0.715,MIXED_3+,0.715,4,2,2,2,0.333,2.0
127,5,0,0,5,0.715,MIXED_3+,0.715,4,2,2,2,0.333,2.0
128,5,0,0,5,0.715,MIXED_3+,0.715,4,2,2,2,0.333,2.0
129,5,0,0,5,0.715,MIXED_3+,0.715,4,2,2,2,0.333,2.0
130,5,0,0,5,0.715,MIXED_3+,0.715,4,2,2,2,0.333,2.0
131,5,0,0,5,0.715,MIXED_3+,0.715,4,2,2,2,0.333,2.0
132,5,0,0,5,0.715,MIXED_3+,0.715,4,2,2,2,0.333,2.0
133,5,0,0,5,0.715,MIXED_3+,0.715,4,1,2,2,0.333,2.0
134,5,0,0,5,0.715,MIXED_3+,0.715,4,1,2,2,0.333,2.0
135,5,0,0,5,0.715,MIXED_3+,0.715,4,1,2,2,0.333,2.0
136,5,0,0,5,0.715,MIXED_3+,0.715,4,1,2,2,0.333,2.0
137,5,0,0,5,0.715,MIXED_3+,0.715,4,1,2,2,0.333,2.0
138,5,0,0,5,0.715,MIXED_3+,0.715,4,1,2,2,0.333,2.0
139,5,0,0,5,0.715,MIXED_3+,0.715,4,1,2,2,0.333,2.0
140,5,0,0,5,0.715,MIXED_3+,0.715,4,1,2,2,0.333,2.0
141,5,0,0,5,0.715,MIXED_3+,0.715,4,1,2,2,0.333,2.0
142,5,0,0,5,0.715,MIXED_3+,0.715,4,1,2,2,0.333,2.0
143,5,0,0,5,0.715,MIXED_3+,0.715,4,1,2,2,0.333,2.0
144,5,0,0,5,0.715,MIXED_3+,0.715,4,1,2,2,0.333,2.0
145,5,0,0,5,0.715,MIXED_3+,0.715,4,0,2,2,0.333,2.0
146,5,0,0,5,0.715,MIXED_3+,0.715,4,0,2,2,0.333,2.0
147,5,0,0,5,0.715,MIXED_3+,0.715,4,0,2,2,0.333,2.0
148,5,0,0,5,0.715,MIXED_3+,0.715,4,0,2,2,0.333,2.0
149,5,0,0,5,0.715,MIXED_3+,0.715,4,0,2,2,0.333,2.0
150,5,0,0,5,0.715,MIXED_3+,0.715,4,0,2,2,0.333,2.0
151,5,0,0,5,0.715,MIXED_3+,0.715,4,0,2,2,0.333,2.0
152,5,0,0,5,0.715,MIXED_3+,0.715,4,0,2,2,0.333,2.0
153,5,0,0,5,0.715,MIXED_3+,0.715,4,0,2,2,0.333,2.0
154,5,0,0,5,0.715,MIXED_3+,0.715,4,0,2,2,0.333,2.0
155,5,0,0,5,0.715,MIXED_3+,0.715,4,0,2,2,0.333,2.0
156,5,0,0,5,0.715,MIXED_3+,0.715,4,0,2,2,0.333,2.0
157,5,0,0,5,0.715,MIXED_3+,0.715,4,0,2,2,0.333,2.0
158,5,0,0,5,0.715,MIXED_3+,0.715,4,0,2,2,0.333,2.0
159,5,0,0,5,0.715,MIXED_3+,0.715,4,0,2,2,0.333,2.0
160,5,0,0,5,0.715,MIXED_3+,0.715,4,0,2,2,0.333,2.0
161,5,0,0,5,0.715,MIXED_3+,0.715,4,0,2,2,0.333,2.0
162,5,0,0,5,0.715,MIXED_3+,0.715,4,0,2,2,0.333,2.0
163,5,0,0,5,0.715,MIXED_3+,0.715,4,0,2,2,0.333,2.0
164,5,0,0,5,0.715,MIXED_3+,0.715,4,0,2,2,0.333,2.0
165,5,0,0,5,0.715,MIXED_3+,0.715,4,0,2,2,0.333,2.0
166,5,0,0,5,0.715,MIXED_3+,0.715,4,0,2,2,0.333,2.0
167,5,0,0,5,0.715,MIXED_3+,0.715,4,0,2,2,0.333,2.0
168,5,0,0,5,0.715,MIXED_3+,0.715,4,0,2,2,0.333,2.0
169,5,0,0,5,0.715,MIXED_3+,0.715,4,0,2,2,0.333,2.0
170,5,0,0,5,0.715,MIXED_3+,0.715,4,0,2,2,0.333,2.0
171,5,0,0,5,0.715,MIXED_3+,0.715,4,0,2,2,0.333,2.0
172,5,0,0,5,0.715,MIXED_3+,0.715,4,0,2,2,0.333,2.0
173,5,0,0,5,0.715,MIXED_3+,0.715,4,0,2,2,0.333,2.0
174,5,0,0,5,0.715,MIXED_3+,0.715,4,0,2,2,0.333,2.0
175,5,0,0,5,0.715,MIXED_3+,0.715,4,0,2,2,0.333,2.0
176,5,0,0,5,0.715,MIXED_3+,0.715,4,0,2,2,0.333,2.0
177,5,0,0,5,0.715,MIXED_3+,0.715,4,0,2,2,0.333,2.0
178,5,0,0,5,0.715,MIXED_3+,0.715,4,0,2,2,0.333,2.0
179,5,0,0,5,0.715,MIXED_3+,0.715,4,0,2,2,0.333,2.0
180,5,0,0,5,0.715,MIXED_3+,0.715,4,0,2,2,0.333,2.0
181,5,0,0,5,0.715,MIXED_3+,0.715,4,0,2,2,0.333,2.0
182,5,0,0,5,0.715,MIXED_3+,0.715,4,0,2,2,0.333,2.0
183,5,0,0,5,0.715,MIXED_3+,0.715,4,0,2,2,0.333,2.0
184,5,0,0,5,0.715,MIXED_3+,0.715,4,0,2,2,0.333,2.0
185,5,0,0,5,0.715,MIXED_3+,0.715,4,0,2,2,0.333,2.0
186,5,0,0,5,0.715,MIXED_3+,0.715,4,0,2,2,0.333,2.0
187,5,0,0,5,0.715,MIXED_3+,0.715,4,0,2,2,0.333,2.0
188,5,0,0,5,0.715,MIXED_3+,0.715,4,0,2,2,0.333,2.0
189,5,0,0,5,0.715,MIXED_3+,0.715,4,0,2,2,0.333,2.0
190,5,0,0,5,0.715,MIXED_3+,0.715,4,0,2,2,0.333,2.0
191,5,0,0,5,0.715,MIXED_3+,0.715,4,0,2,2,0.333,2.0
192,5,0,0,5,0.715,MIXED_3+,0.715,4,0,2,2,0.333,2.0
193,5,0,0,5,0.715,MIXED_3+,0.715,4,0,2,2,0.333,2.0
194,5,0,0,5,0.715,MIXED_3+,0.715,4,0,2,2,0.333,2.0
195,5,0,0,5,0.715,MIXED_3+,0.715,4,0,2,2,0.333,2.0
196,5,0,0,5,0.715,MIXED_3+,0.715,4,0,2,2,0.333,2.0
197,5,0,0,5,0.715,MIXED_3+,0.715,4,0,2,2,0.333,2.0
198,5,0,0,5,0.715,MIXED_3+,0.715,4,0,2,2,0.333,2.0
199,5,0,0,5,0.715,MIXED_3+,0.715,4,0,2,2,0.333,2.0
200,5,0,0,5,0.715,MIXED_3+,0.715,4,0,2,2,0.333,2.0
201,5,0,0,5,0.715,MIXED_3+,0.715,4,0,2,2,0.333,2.0
202,5,0,0,5,0.715,MIXED_3+,0.715,4,0,2,2,0.333,2.0
203,5,0,0,5,0.715,MIXED_3+,0.715,4,0,2,2,0.333,2.0
204,5,0,0,5,0.715,MIXED_3+,0.715,4,0,2,2,0.333,2.0
205,5,0,0,5,0.715,MIXED_3+,0.715,4,0,2,2,0.333,2.0
206,5,0,0,5,0.715,MIXED_3+,0.715,4,0,2,2,0.333,2.0
207,5,0,0,5,0.715,MIXED_3+,0.715,4,0,2,2,0.333,2.0
208,5,0,0,5,0.715,MIXED_3+,0.715,4,1,2,2,0.333,2.0
209,5,0,0,5,0.715,MIXED_3+,0.715,4,1,2,2,0.333,2.0
210,5,0,0,5,0.715,MIXED_3+,0.715,4,1,2,2,0.333,2.0
211,5,0,0,5,0.715,MIXED_3+,0.715,4,1,2,2,0.333,2.0
212,5,0,0,5,0.715,MIXED_3+,0.715,4,1,2,2,0.333,2.0
213,5,0,0,5,0.715,MIXED_3+,0.715,4,1,2,2,0.333,2.0
214,5,0,0,5,0.715,MIXED_3+,0.715,4,1,2,2,0.333,2.0
215,5,0,0,5,0.715,MIXED_3+,0.715,4,1,2,2,0.333,2.0
216,5,0,0,5,0.715,MIXED_3+,0.715,4,1,2,2,0.333,2.0
217,5,0,0,5,0.715,MIXED_3+,0.715,4,1,2,2,0.333,2.0
218,5,0,0,5,0.715,MIXED_3+,0.715,4,1,2,2,0.333,2.0
219,5,0,0,5,0.715,MIXED_3+,0.715,4,1,2,2,0.333,2.0
220,5,0,0,5,0.715,MIXED_3+,0.715,4,1,2,2,0.333,2.0
221,5,0,0,5,0.715,MIXED_3+,0.715,4,1,2,2,0.333,2.0
222,5,0,0,5,0.715,MIXED_3+,0.715,4,1,2,2,0.333,2.0
223,5,0,0,5,0.715,MIXED_3+,0.715,4,1,2,2,0.333,2.0
224,5,0,0,5,0.715,MIXED_3+,0.715,4,1,2,2,0.333,2.0
225,5,0,0,5,0.715,MIXED_3+,0.715,4,2,2,2,0.333,2.0
226,5,0,0,5,0.715,MIXED_3+,0.715,4,3,2,2,0.333,2.0
227,5,0,0,5,0.715,MIXED_3+,0.715,4,3,2,2,0.333,2.0
228,5,0,0,5,0.715,MIXED_3+,0.715,4,3,2,2,0.333,2.0
229,4,0,0,4,0.695,MIXED_3+,0.695,4,3,2,2,0.333,2.0
230,4,0,0,4,0.695,MIXED_3+,0.695,4,3,2,2,0.333,2.0
231,4,0,0,4,0.695,MIXED_3+,0.695,4,3,2,2,0.333,2.0
232,4,0,0,4,0.695,MIXED_3+,0.695,4,3,2,2,0.333,2.0
233,4,0,0,4,0.695,MIXED_3+,0.695,4,3,2,2,0.333,2.0
234,4,0,0,4,0.695,MIXED_3+,0.695,4,3,2,2,0.333,2.0
235,4,0,0,4,0.695,MIXED_3+,0.695,4,3,2,2,0.333,2.0
236,4,0,0,4,0.695,MIXED_3+,0.695,4,3,2,2,0.333,2.0
237,4,0,0,4,0.695,MIXED_3+,0.695,4,4,2,2,0.333,2.0
238,4,0,1,4,0.695,MIXED_3+,0.695,4,4,1,2,0.667,0.44
239,3,0,0,3,0.647,MIXED_3+,0.647,4,4,1,2,0.667,0.44
240,3,0,0,3,0.647,MIXED_3+,0.647,4,4,1,2,0.667,0.44
241,3,0,0,3,0.647,MIXED_3+,0.647,4,4,1,2,0.667,0.44
242,3,0,0,3,0.647,MIXED_3+,0.647,4,4,1,2,0.667,0.44
243,3,0,0,3,0.647,MIXED_3+,0.647,4,4,1,2,0.667,0.44
244,3,0,0,3,0.647,MIXED_3+,0.647,4,4,1,2,0.667,0.44
245,3,0,0,3,0.647,MIXED_3+,0.647,4,4,1,2,0.667,0.44
246,3,0,0,3,0.647,MIXED_3+,0.647,4,4,1,2,0.667,0.44
247,4,0,0,4,0.639,MIXED_3+,0.639,4,4,1,2,0.667,0.44
248,4,0,0,4,0.639,MIXED_3+,0.639,4,4,1,2,0.667,0.44
249,4,0,0,4,0.639,MIXED_3+,0.639,4,4,1,2,0.667,0.44
250,4,0,0,4,0.639,MIXED_3+,0.639,4,4,1,2,0.667,0.44
251,4,0,0,4,0.639,MIXED_3+,0.639,4,4,1,2,0.667,0.44
252,4,0,0,4,0.639,MIXED_3+,0.639,4,4,1,2,0.667,0.44
253,4,0,0,4,0.639,MIXED_3+,0.639,4,4,1,2,0.667,0.44
254,4,0,0,4,0.639,MIXED_3+,0.639,4,4,1,2,0.667,0.44
255,5,0,1,5,0.679,MIXED_3+,0.679,4,4,2,2,0.333,0.44
256,5,0,0,5,0.679,CASCADE_3+,0.679,4,4,1,2,0.667,3.33
257,4,0,0,4,0.681,CASCADE_3+,0.681,4,4,1,2,0.667,3.33
258,4,0,0,4,0.681,CASCADE_3+,0.681,4,4,1,2,0.667,3.33
259,4,0,0,4,0.681,CASCADE_3+,0.681,4,4,1,2,0.667,3.33
260,4,0,0,4,0.681,CASCADE_3+,0.681,4,4,1,2,0.667,3.33
261,4,0,0,4,0.681,CASCADE_3+,0.681,4,4,1,2,0.667,3.33
262,4,0,0,4,0.681,CASCADE_3+,0.681,4,4,1,2,0.667,3.33
263,4,0,0,4,0.681,CASCADE_3+,0.681,4,4,1,2,0.667,3.33
264,4,0,0,4,0.681,CASCADE_3+,0.681,4,4,1,2,0.667,3.33
265,4,0,0,4,0.681,CASCADE_3+,0.681,4,4,1,2,0.667,3.33
266,4,0,0,4,0.681,CASCADE_3+,0.681,4,4,1,2,0.667,3.33
267,5,0,0,5,0.679,MIXED_3+,0.679,4,4,2,2,0.333,3.33
268,5,0,0,5,0.679,MIXED_3+,0.679,4,4,2,2,0.333,3.33
269,5,0,0,5,0.679,MIXED_3+,0.679,4,4,2,2,0.333,3.33
270,5,0,0,5,0.679,MIXED_3+,0.679,4,4,2,2,0.333,3.33
271,5,0,0,5,0.679,MIXED_3+,0.679,4,4,2,2,0.333,3.33
272,5,0,0,5,0.679,MIXED_3+,0.679,4,4,2,2,0.333,3.33
273,5,0,0,5,0.679,MIXED_3+,0.679,4,4,2,2,0.333,3.33
274,5,0,0,5,0.679,MIXED_3+,0.679,4,4,2,2,0.333,3.33
275,5,0,0,5,0.679,MIXED_3+,0.679,4,4,2,2,0.333,3.33
276,5,0,0,5,0.679,MIXED_3+,0.679,4,4,2,2,0.333,3.33
277,5,0,0,5,0.679,MIXED_3+,0.679,4,4,2,2,0.333,3.33
278,5,0,0,5,0.679,MIXED_3+,0.679,4,5,2,2,0.333,3.33
279,5,0,0,5,0.679,MIXED_3+,0.679,4,5,2,2,0.333,3.33
280,5,0,0,5,0.679,MIXED_3+,0.679,4,5,2,2,0.333,3.33
281,5,0,0,5,0.679,MIXED_3+,0.679,4,5,2,2,0.333,3.33
282,5,0,0,5,0.679,MIXED_3+,0.679,4,5,2,2,0.333,3.33
283,5,0,0,5,0.679,MIXED_3+,0.679,4,5,2,2,0.333,3.33
284,5,0,0,5,0.679,MIXED_3+,0.679,4,5,2,2,0.333,3.33
285,5,0,0,5,0.679,MIXED_3+,0.679,4,5,2,2,0.333,3.33
286,5,0,0,5,0.679,MIXED_3+,0.679,4,4,2,2,0.333,3.33
287,5,0,0,5,0.679,MIXED_3+,0.679,4,3,2,2,0.333,3.33
288,5,0,0,5,0.679,MIXED_3+,0.679,4,3,2,2,0.333,3.33
289,5,0,0,5,0.679,MIXED_3+,0.679,4,3,2,2,0.333,3.33
290,5,0,0,5,0.679,MIXED_3+,0.679,4,3,2,2,0.333,3.33
291,5,0,0,5,0.679,MIXED_3+,0.679,4,3,2,2,0.333,3.33
292,5,0,0,5,0.679,MIXED_3+,0.679,4,3,2,2,0.333,3.33
293,5,0,0,5,0.679,MIXED_3+,0.679,4,3,2,2,0.333,3.33
294,5,0,0,5,0.679,MIXED_3+,0.679,4,3,2,2,0.333,3.33
295,5,0,0,5,0.679,MIXED_3+,0.679,4,3,2,2,0.333,3.33
296,5,0,0,5,0.679,MIXED_3+,0.679,4,3,2,2,0.333,3.33
297,5,0,0,5,0.679,MIXED_3+,0.679,4,4,2,2,0.333,3.33
298,5,0,0,5,0.679,MIXED_3+,0.679,4,3,2,2,0.333,3.33
299,5,0,0,5,0.679,CASCADE_3+,0.679,4,3,1,2,0.667,1.4
300,4,0,0,4,0.695,CASCADE_3+,0.695,4,3,1,2,0.667,1.4
301,4,0,0,4,0.695,CASCADE_3+,0.695,4,3,1,2,0.667,1.4
302,4,0,0,4,0.695,CASCADE_3+,0.695,4,3,1,2,0.667,1.4
303,4,0,0,4,0.695,CASCADE_3+,0.695,4,3,1,2,0.667,1.4
304,4,0,0,4,0.695,CASCADE_3+,0.695,4,3,1,2,0.667,1.4
305,4,0,0,4,0.695,CASCADE_3+,0.695,4,3,1,2,0.667,1.4
306,4,0,0,4,0.695,CASCADE_3+,0.695,4,3,1,2,0.667,1.4
307,4,0,0,4,0.695,CASCADE_3+,0.695,4,3,1,2,0.667,1.4
308,5,0,0,5,0.679,MIXED_3+,0.679,4,3,2,2,0.333,1.4
309,5,0,0,5,0.679,MIXED_3+,0.679,4,4,2,2,0.333,1.4
310,4,0,0,4,0.639,MIXED_3+,0.639,4,4,2,2,0.333,1.4
311,4,0,0,4,0.639,MIXED_3+,0.639,4,4,2,2,0.333,1.4
312,4,0,0,4,0.639,MIXED_3+,0.639,4,4,2,2,0.333,1.4
313,4,0,0,4,0.639,MIXED_3+,0.639,4,4,2,2,0.333,1.4
314,4,0,0,4,0.639,MIXED_3+,0.639,4,4,2,2,0.333,1.4
315,4,0,0,4,0.639,MIXED_3+,0.639,4,4,2,2,0.333,1.4
316,4,0,0,4,0.639,MIXED_3+,0.639,4,4,2,2,0.333,1.4
317,4,0,0,4,0.639,MIXED_3+,0.639,4,4,2,2,0.333,1.4
318,4,0,0,4,0.639,MIXED_3+,0.639,4,4,2,2,0.333,1.4
319,4,0,0,4,0.639,MIXED_3+,0.639,4,4,2,2,0.333,1.4
320,4,0,0,4,0.639,MIXED_3+,0.639,4,4,2,2,0.333,1.4
321,4,0,0,4,0.639,MIXED_3+,0.639,4,4,2,2,0.333,1.4
322,4,0,0,4,0.639,MIXED_3+,0.639,4,4,2,2,0.333,1.4
323,4,0,0,4,0.639,MIXED_3+,0.639,4,4,2,2,0.333,1.4
324,4,0,0,4,0.639,MIXED_3+,0.639,4,4,2,2,0.333,1.4
325,4,0,0,4,0.639,MIXED_3+,0.639,4,4,2,2,0.333,1.4
326,4,0,0,4,0.639,MIXED_3+,0.639,4,4,2,2,0.333,1.4
327,4,0,0,4,0.639,MIXED_3+,0.639,4,4,2,2,0.333,2.14
328,3,0,0,3,0.628,MIXED_3+,0.628,4,4,2,2,0.333,2.14
329,4,0,0,4,0.64,MIXED_3+,0.64,4,4,2,2,0.333,2.14
330,4,0,0,4,0.64,MIXED_3+,0.64,4,3,2,2,0.333,2.14
331,4,0,0,4,0.64,MIXED_3+,0.64,4,3,2,2,0.333,2.14
332,4,0,0,4,0.64,MIXED_3+,0.64,4,3,2,2,0.333,2.14
333,4,0,0,4,0.64,MIXED_3+,0.64,4,3,2,2,0.333,2.14
334,4,0,0,4,0.64,MIXED_3+,0.64,4,3,2,2,0.333,2.14
335,4,0,0,4,0.64,MIXED_3+,0.64,4,3,2,2,0.333,2.14
336,4,0,0,4,0.64,MIXED_3+,0.64,4,3,2,2,0.333,2.14
337,4,0,0,4,0.64,MIXED_3+,0.64,4,3,2,2,0.333,2.14
338,4,0,0,4,0.64,MIXED_3+,0.64,4,3,2,2,0.333,2.14
339,5,0,0,5,0.646,FOUNTAIN_3+,0.646,4,2,3,1,0.0,2.14
340,5,0,0,5,0.646,FOUNTAIN_3+,0.646,4,2,3,1,0.0,2.14
341,5,0,0,5,0.646,FOUNTAIN_3+,0.646,4,2,3,1,0.0,2.14
342,5,0,0,5,0.646,FOUNTAIN_3+,0.646,4,2,3,1,0.0,2.14
343,5,0,0,5,0.646,FOUNTAIN_3+,0.646,4,2,3,1,0.0,2.14
344,5,0,0,5,0.646,FOUNTAIN_3+,0.646,4,2,3,1,0.0,2.14
345,5,0,0,5,0.646,FOUNTAIN_3+,0.646,4,3,3,1,0.0,2.14
346,5,0,0,5,0.646,FOUNTAIN_3+,0.646,4,3,3,1,0.0,2.14
347,5,0,0,5,0.646,FOUNTAIN_3+,0.646,4,3,3,1,0.0,2.14
348,5,0,0,5,0.646,FOUNTAIN_3+,0.646,4,3,3,1,0.0,2.14
349,5,0,0,5,0.646,FOUNTAIN_3+,0.646,4,3,3,1,0.0,2.14
350,5,0,0,5,0.646,FOUNTAIN_3+,0.646,4,3,3,1,0.0,2.14
351,5,0,0,5,0.646,FOUNTAIN_3+,0.646,4,4,3,1,0.0,2.14
352,5,0,0,5,0.646,FOUNTAIN_3+,0.646,4,4,3,1,0.0,2.14
353,5,0,0,5,0.646,FOUNTAIN_3+,0.646,4,4,3,1,0.0,2.14
354,5,0,0,5,0.646,FOUNTAIN_3+,0.646,4,4,3,1,0.0,2.14
355,5,0,0,5,0.646,FOUNTAIN_3+,0.646,4,4,3,1,0.0,2.14
356,5,0,0,5,0.646,FOUNTAIN_3+,0.646,4,4,3,1,0.0,2.14
357,5,0,0,5,0.646,FOUNTAIN_3+,0.646,4,4,3,1,0.0,2.14
358,5,0,0,5,0.646,FOUNTAIN_3+,0.646,4,3,3,1,0.0,2.14
359,5,0,0,5,0.646,FOUNTAIN_3+,0.646,4,3,3,1,0.0,2.14
360,5,0,0,5,0.646,FOUNTAIN_3+,0.646,4,3,3,1,0.0,2.14
361,5,0,0,5,0.646,FOUNTAIN_3+,0.646,4,3,3,1,0.0,2.14
362,5,0,0,5,0.646,FOUNTAIN_3+,0.646,4,3,3,1,0.0,2.14
363,5,0,0,5,0.646,FOUNTAIN_3+,0.646,4,3,3,1,0.0,2.14
364,5,0,0,5,0.646,FOUNTAIN_3+,0.646,4,3,3,1,0.0,2.14
365,5,0,0,5,0.646,FOUNTAIN_3+,0.646,4,3,3,1,0.0,2.14
366,5,0,0,5,0.646,FOUNTAIN_3+,0.646,4,3,3,1,0.0,2.14
367,5,0,0,5,0.646,FOUNTAIN_3+,0.646,4,3,3,1,0.0,2.14
368,5,0,0,5,0.646,FOUNTAIN_3+,0.646,4,3,3,1,0.0,2.14
369,5,0,0,5,0.646,FOUNTAIN_3+,0.646,4,3,3,1,0.0,2.14
370,5,0,0,5,0.646,FOUNTAIN_3+,0.646,4,2,3,1,0.0,2.14
371,5,0,0,5,0.646,FOUNTAIN_3+,0.646,4,2,3,1,0.0,2.14
372,5,0,0,5,0.646,FOUNTAIN_3+,0.646,4,2,3,1,0.0,2.14
373,5,0,0,5,0.646,FOUNTAIN_3+,0.646,4,2,3,1,0.0,2.14
374,5,0,0,5,0.646,FOUNTAIN_3+,0.646,4,2,3,1,0.0,2.14
375,5,0,0,5,0.646,MIXED_3+,0.646,4,2,2,2,0.333,1.25
376,4,0,0,4,0.654,MIXED_3+,0.654,4,2,2,2,0.333,1.25
377,4,0,0,4,0.654,MIXED_3+,0.654,4,2,2,2,0.333,1.25
378,4,0,0,4,0.654,MIXED_3+,0.654,4,2,2,2,0.333,1.25
379,4,0,0,4,0.654,MIXED_3+,0.654,4,2,2,2,0.333,1.25
380,4,0,0,4,0.654,MIXED_3+,0.654,4,2,2,2,0.333,1.25
381,5,0,0,5,0.646,MIXED_3+,0.646,4,3,2,2,0.333,1.25
382,5,0,0,5,0.646,MIXED_3+,0.646,4,3,2,2,0.333,1.25
383,5,0,0,5,0.646,MIXED_3+,0.646,4,3,2,2,0.333,1.25
384,5,0,0,5,0.646,MIXED_3+,0.646,4,3,2,2,0.333,1.25
385,5,0,0,5,0.646,MIXED_3+,0.646,4,3,2,2,0.333,1.25
386,5,0,0,5,0.646,MIXED_3+,0.646,4,3,2,2,0.333,1.25
387,5,0,0,5,0.646,MIXED_3+,0.646,4,3,2,2,0.333,1.25
388,5,0,0,5,0.646,MIXED_3+,0.646,4,3,2,2,0.333,1.25
389,5,0,0,5,0.646,MIXED_3+,0.646,4,3,2,2,0.333,1.25
390,5,0,0,5,0.646,MIXED_3+,0.646,4,4,2,2,0.333,1.25
391,5,0,0,5,0.646,MIXED_3+,0.646,4,4,2,2,0.333,1.25
392,5,0,0,5,0.646,MIXED_3+,0.646,4,4,2,2,0.333,1.25
393,5,0,0,5,0.646,MIXED_3+,0.646,4,4,2,2,0.333,1.25
394,5,0,0,5,0.646,MIXED_3+,0.646,4,4,2,2,0.333,1.25
395,5,0,0,5,0.646,MIXED_3+,0.646,4,4,2,2,0.333,1.25
396,5,0,0,5,0.646,MIXED_3+,0.646,4,4,2,2,0.333,1.25
397,5,0,0,5,0.646,MIXED_3+,0.646,4,4,2,2,0.333,1.25
398,5,0,0,5,0.646,MIXED_3+,0.646,4,4,2,2,0.333,1.25
399,5,0,0,5,0.646,MIXED_3+,0.646,4,4,2,2,0.333,1.25
400,5,0,0,5,0.646,MIXED_3+,0.646,4,4,2,2,0.333,1.25
401,5,0,0,5,0.646,MIXED_3+,0.646,4,4,2,2,0.333,1.25
402,5,0,0,5,0.646,MIXED_3+,0.646,4,4,2,2,0.333,1.25
403,5,0,0,5,0.646,MIXED_3+,0.646,4,4,2,2,0.333,1.25
404,5,0,0,5,0.646,MIXED_3+,0.646,4,4,2,2,0.333,1.25
405,5,0,0,5,0.646,MIXED_3+,0.646,4,4,2,2,0.333,1.25
406,5,0,0,5,0.646,MIXED_3+,0.646,4,3,2,2,0.333,1.25
407,5,0,0,5,0.646,MIXED_3+,0.646,4,3,2,2,0.333,1.25
408,5,0,0,5,0.646,MIXED_3+,0.646,4,3,2,2,0.333,1.25
409,5,0,0,5,0.646,MIXED_3+,0.646,4,3,2,2,0.333,1.25
410,5,0,0,5,0.646,MIXED_3+,0.646,4,3,2,2,0.333,1.25
411,5,0,0,5,0.646,CASCADE_3+,0.646,4,3,1,2,0.667,1.67
412,4,0,0,4,0.638,CASCADE_3+,0.638,4,2,1,2,0.667,1.67
413,4,0,0,4,0.638,CASCADE_3+,0.638,4,2,1,2,0.667,1.67
414,4,0,0,4,0.638,CASCADE_3+,0.638,4,2,1,2,0.667,1.67
415,4,0,0,4,0.638,CASCADE_3+,0.638,4,2,1,2,0.667,1.67
416,4,0,0,4,0.638,CASCADE_3+,0.638,4,2,1,2,0.667,1.67
417,4,0,0,4,0.638,CASCADE_3+,0.638,4,2,1,2,0.667,1.67
418,4,0,0,4,0.638,CASCADE_3+,0.638,4,2,1,2,0.667,1.67
419,4,0,0,4,0.638,CASCADE_3+,0.638,4,2,1,2,0.667,1.67
420,5,0,0,5,0.646,MIXED_3+,0.646,4,2,2,2,0.333,1.67
421,5,0,0,5,0.646,MIXED_3+,0.646,4,2,2,2,0.333,1.67
422,5,0,0,5,0.646,MIXED_3+,0.646,4,2,2,2,0.333,1.67
423,5,0,0,5,0.646,MIXED_3+,0.646,4,2,2,2,0.333,1.67
424,5,0,0,5,0.646,MIXED_3+,0.646,4,2,2,2,0.333,1.67
425,5,0,0,5,0.646,MIXED_3+,0.646,4,2,2,2,0.333,1.67
426,5,0,0,5,0.646,MIXED_3+,0.646,4,2,2,2,0.333,1.67
427,4,0,0,4,0.661,MIXED_3+,0.661,4,2,2,2,0.333,1.67
428,4,0,0,4,0.661,MIXED_3+,0.661,4,2,2,2,0.333,1.67
429,4,0,0,4,0.661,MIXED_3+,0.661,4,2,2,2,0.333,1.67
430,4,0,0,4,0.661,MIXED_3+,0.661,4,2,2,2,0.333,1.67
431,4,0,0,4,0.661,MIXED_3+,0.661,4,2,2,2,0.333,1.67
432,4,0,0,4,0.661,MIXED_3+,0.661,4,2,2,2,0.333,1.67
433,4,0,0,4,0.661,MIXED_3+,0.661,4,2,2,2,0.333,1.67
434,4,0,0,4,0.661,MIXED_3+,0.661,4,2,2,2,0.333,1.67
435,4,0,0,4,0.661,MIXED_3+,0.661,4,2,2,2,0.333,1.67
436,4,0,0,4,0.661,MIXED_3+,0.661,4,2,2,2,0.333,1.67
437,4,0,0,4,0.661,MIXED_3+,0.661,4,2,2,2,0.333,1.67
438,4,0,0,4,0.661,MIXED_3+,0.661,4,3,2,2,0.333,1.67
439,4,0,0,4,0.661,MIXED_3+,0.661,4,3,2,2,0.333,1.67
440,4,0,0,4,0.661,MIXED_3+,0.661,4,3,2,2,0.333,1.67
441,4,0,0,4,0.661,MIXED_3+,0.661,4,3,2,2,0.333,1.67
442,4,0,0,4,0.661,MIXED_3+,0.661,4,2,2,2,0.333,1.67
443,4,0,0,4,0.661,MIXED_3+,0.661,4,2,2,2,0.333,1.67
444,4,0,0,4,0.661,MIXED_3+,0.661,4,2,2,2,0.333,1.67
445,5,0,0,5,0.651,MIXED_3+,0.651,4,2,2,2,0.333,1.67
446,5,0,0,5,0.651,MIXED_3+,0.651,4,2,2,2,0.333,1.67
447,5,0,0,5,0.651,MIXED_3+,0.651,4,2,2,2,0.333,1.67
448,5,0,0,5,0.651,MIXED_3+,0.651,4,2,2,2,0.333,1.67
449,5,0,0,5,0.651,MIXED_3+,0.651,4,2,2,2,0.333,1.67
450,5,0,0,5,0.651,MIXED_3+,0.651,4,2,2,2,0.333,1.67
451,5,0,0,5,0.651,MIXED_3+,0.651,4,1,2,2,0.333,1.67
452,5,0,0,5,0.651,MIXED_3+,0.651,4,2,2,2,0.333,1.67
453,5,0,0,5,0.651,MIXED_3+,0.651,4,2,2,2,0.333,1.67
454,5,0,0,5,0.651,MIXED_3+,0.651,4,2,2,2,0.333,1.67
455,5,0,0,5,0.651,MIXED_3+,0.651,4,2,2,2,0.333,1.67
456,5,0,0,5,0.651,MIXED_3+,0.651,4,2,2,2,0.333,1.67
457,5,0,0,5,0.651,MIXED_3+,0.651,4,2,2,2,0.333,1.67
458,5,0,0,5,0.651,MIXED_3+,0.651,4,2,2,2,0.333,1.67
459,5,0,0,5,0.651,MIXED_3+,0.651,4,2,2,2,0.333,1.67
460,5,0,0,5,0.651,MIXED_3+,0.651,4,2,2,2,0.333,1.67
461,5,0,0,5,0.651,MIXED_3+,0.651,4,2,2,2,0.333,1.67
462,5,0,0,5,0.651,MIXED_3+,0.651,4,2,2,2,0.333,1.67
463,5,0,0,5,0.651,MIXED_3+,0.651,4,2,2,2,0.333,1.67
464,5,0,0,5,0.651,MIXED_3+,0.651,4,2,2,2,0.333,1.67
465,5,0,0,5,0.651,MIXED_3+,0.651,4,2,2,2,0.333,1.67
466,6,0,0,6,0.637,MIXED_3+,0.637,4,2,2,2,0.333,1.67
467,6,0,0,6,0.637,MIXED_3+,0.637,4,2,2,2,0.333,1.67
468,6,0,0,6,0.637,MIXED_3+,0.637,4,3,2,2,0.333,1.05
469,5,0,0,5,0.63,MIXED_3+,0.63,4,3,2,2,0.333,1.05
470,5,0,0,5,0.63,MIXED_3+,0.63,4,3,2,2,0.333,1.05
471,4,0,0,4,0.646,MIXED_3+,0.646,4,3,2,2,0.333,1.05
472,4,0,0,4,0.646,MIXED_3+,0.646,4,3,2,2,0.333,1.05
473,4,0,0,4,0.646,MIXED_3+,0.646,4,3,2,2,0.333,1.05
474,4,0,0,4,0.646,MIXED_3+,0.646,4,3,2,2,0.333,1.05
475,4,0,0,4,0.646,MIXED_3+,0.646,4,3,2,2,0.333,1.05
476,4,0,0,4,0.646,MIXED_3+,0.646,4,3,2,2,0.333,1.05
477,4,0,0,4,0.646,MIXED_3+,0.646,4,3,2,2,0.333,1.05
478,4,0,0,4,0.646,MIXED_3+,0.646,4,3,2,2,0.333,1.05
479,4,0,0,4,0.646,MIXED_3+,0.646,4,3,2,2,0.333,1.05
480,4,0,0,4,0.646,MIXED_3+,0.646,4,4,2,2,0.333,1.05
481,4,0,0,4,0.646,MIXED_3+,0.646,4,4,2,2,0.333,1.05
482,5,0,0,5,0.651,FOUNTAIN_3+,0.651,4,4,3,1,0.0,1.05
483,5,0,0,5,0.651,FOUNTAIN_3+,0.651,4,4,3,1,0.0,1.05
484,5,0,0,5,0.651,FOUNTAIN_3+,0.651,4,4,3,1,0.0,1.05
485,5,0,0,5,0.651,FOUNTAIN_3+,0.651,4,4,3,1,0.0,1.05
486,5,0,0,5,0.651,FOUNTAIN_3+,0.651,4,4,3,1,0.0,1.05
487,5,0,0,5,0.651,FOUNTAIN_3+,0.651,4,4,3,1,0.0,1.05
488,5,0,0,5,0.651,FOUNTAIN_3+,0.651,4,4,3,1,0.0,1.05
489,5,0,0,5,0.651,FOUNTAIN_3+,0.651,4,4,3,1,0.0,1.05
490,5,0,0,5,0.651,FOUNTAIN_3+,0.651,4,4,3,1,0.0,1.05
491,5,0,0,5,0.651,FOUNTAIN_3+,0.651,4,4,3,1,0.0,1.05
492,5,0,0,5,0.651,FOUNTAIN_3+,0.651,4,4,3,1,0.0,1.05
493,5,0,0,5,0.651,FOUNTAIN_3+,0.651,4,4,3,1,0.0,1.05
494,5,0,0,5,0.651,FOUNTAIN_3+,0.651,4,4,3,1,0.0,1.05
495,5,0,0,5,0.651,FOUNTAIN_3+,0.651,4,4,3,1,0.0,1.05
496,5,0,0,5,0.651,FOUNTAIN_3+,0.651,4,4,3,1,0.0,1.05
497,5,0,0,5,0.651,FOUNTAIN_3+,0.651,4,4,3,1,0.0,1.05
498,5,0,0,5,0.651,FOUNTAIN_3+,0.651,4,4,3,1,0.0,2.0
499,4,0,0,4,0.661,FOUNTAIN_3+,0.661,4,3,3,1,0.0,2.0
500,4,0,0,4,0.661,FOUNTAIN_3+,0.661,4,3,3,1,0.0,2.0
501,4,0,0,4,0.661,FOUNTAIN_3+,0.661,4,3,3,1,0.0,2.0
502,4,0,0,4,0.661,FOUNTAIN_3+,0.661,4,3,3,1,0.0,2.0
503,4,0,0,4,0.661,FOUNTAIN_3+,0.661,4,3,3,1,0.0,2.0
504,4,0,0,4,0.661,FOUNTAIN_3+,0.661,4,3,3,1,0.0,2.0
505,4,0,0,4,0.661,FOUNTAIN_3+,0.661,4,3,3,1,0.0,2.0
506,4,0,0,4,0.661,FOUNTAIN_3+,0.661,4,3,3,1,0.0,2.0
507,4,0,0,4,0.661,FOUNTAIN_3+,0.661,4,3,3,1,0.0,2.0
508,4,0,0,4,0.661,FOUNTAIN_3+,0.661,4,3,3,1,0.0,2.0
509,4,0,0,4,0.661,FOUNTAIN_3+,0.661,4,3,3,1,0.0,2.0
510,5,0,0,5,0.651,FOUNTAIN_3+,0.651,4,3,3,1,0.0,2.0
511,5,0,0,5,0.651,FOUNTAIN_3+,0.651,4,3,3,1,0.0,2.0
512,5,0,0,5,0.651,FOUNTAIN_3+,0.651,4,3,3,1,0.0,2.0
513,5,0,0,5,0.651,FOUNTAIN_3+,0.651,4,2,3,1,0.0,2.0
514,5,0,0,5,0.651,FOUNTAIN_3+,0.651,4,2,3,1,0.0,2.0
515,5,0,0,5,0.651,FOUNTAIN_3+,0.651,4,2,3,1,0.0,2.0
516,5,0,0,5,0.651,FOUNTAIN_3+,0.651,4,2,3,1,0.0,2.0
517,5,0,0,5,0.651,FOUNTAIN_3+,0.651,4,2,3,1,0.0,2.0
518,5,0,0,5,0.651,FOUNTAIN_3+,0.651,4,2,3,1,0.0,2.0
519,5,0,0,5,0.651,FOUNTAIN_3+,0.651,4,2,3,1,0.0,2.0
520,5,0,0,5,0.651,FOUNTAIN_3+,0.651,4,2,3,1,0.0,2.0
521,5,0,0,5,0.651,FOUNTAIN_3+,0.651,4,2,3,1,0.0,2.0
522,5,0,0,5,0.651,FOUNTAIN_3+,0.651,4,2,3,1,0.0,2.0
523,5,0,0,5,0.651,FOUNTAIN_3+,0.651,4,2,3,1,0.0,2.0
524,5,0,0,5,0.651,FOUNTAIN_3+,0.651,4,2,3,1,0.0,2.0
525,5,0,0,5,0.651,FOUNTAIN_3+,0.651,4,2,3,1,0.0,2.0
526,5,0,0,5,0.651,FOUNTAIN_3+,0.651,4,2,3,1,0.0,2.0
527,5,0,0,5,0.651,FOUNTAIN_3+,0.651,4,2,3,1,0.0,2.0
528,5,0,0,5,0.651,FOUNTAIN_3+,0.651,4,2,3,1,0.0,2.0
529,5,0,0,5,0.651,FOUNTAIN_3+,0.651,4,1,3,1,0.0,2.0
530,5,0,0,5,0.651,FOUNTAIN_3+,0.651,4,1,3,1,0.0,2.0
531,5,0,0,5,0.651,FOUNTAIN_3+,0.651,4,1,3,1,0.0,2.0
532,5,0,0,5,0.651,FOUNTAIN_3+,0.651,4,1,3,1,0.0,2.0
533,5,0,0,5,0.651,FOUNTAIN_3+,0.651,4,1,3,1,0.0,2.0
534,5,0,0,5,0.651,FOUNTAIN_3+,0.651,4,1,3,1,0.0,2.0
535,5,0,0,5,0.651,FOUNTAIN_3+,0.651,4,1,3,1,0.0,2.0
536,5,0,0,5,0.651,FOUNTAIN_3+,0.651,4,1,3,1,0.0,2.0
537,5,0,0,5,0.651,FOUNTAIN_3+,0.651,4,1,3,1,0.0,2.0
538,5,0,0,5,0.651,FOUNTAIN_3+,0.651,4,1,3,1,0.0,2.0
539,5,0,0,5,0.651,FOUNTAIN_3+,0.651,4,1,3,1,0.0,2.0
540,5,0,0,5,0.651,FOUNTAIN_3+,0.651,4,1,3,1,0.0,2.0
541,5,0,0,5,0.651,FOUNTAIN_3+,0.651,4,0,3,1,0.0,2.0
542,5,0,0,5,0.651,FOUNTAIN_3+,0.651,4,0,3,1,0.0,2.0
543,5,0,0,5,0.651,FOUNTAIN_3+,0.651,4,0,3,1,0.0,2.0
544,5,0,0,5,0.651,FOUNTAIN_3+,0.651,4,0,3,1,0.0,2.0
545,5,0,0,5,0.651,FOUNTAIN_3+,0.651,4,0,3,1,0.0,2.0
546,5,0,0,5,0.651,FOUNTAIN_3+,0.651,4,0,3,1,0.0,2.0
547,5,0,0,5,0.651,FOUNTAIN_3+,0.651,4,0,3,1,0.0,2.0
548,5,0,0,5,0.651,FOUNTAIN_3+,0.651,4,0,3,1,0.0,2.0
549,5,0,0,5,0.651,FOUNTAIN_3+,0.651,4,0,3,1,0.0,2.0
550,5,0,0,5,0.651,FOUNTAIN_3+,0.651,4,0,3,1,0.0,2.0
551,5,0,0,5,0.651,FOUNTAIN_3+,0.651,4,0,3,1,0.0,2.0
552,5,0,0,5,0.651,FOUNTAIN_3+,0.651,4,1,3,1,0.0,2.0
553,5,0,0,5,0.651,FOUNTAIN_3+,0.651,4,1,3,1,0.0,2.0
554,5,0,0,5,0.651,FOUNTAIN_3+,0.651,4,1,3,1,0.0,2.0
555,5,0,0,5,0.651,FOUNTAIN_3+,0.651,4,1,3,1,0.0,2.0
556,5,0,0,5,0.651,FOUNTAIN_3+,0.651,4,1,3,1,0.0,2.0
557,5,0,0,5,0.651,FOUNTAIN_3+,0.651,4,1,3,1,0.0,2.0
558,5,0,0,5,0.651,FOUNTAIN_3+,0.651,4,1,3,1,0.0,2.0
559,5,0,0,5,0.651,FOUNTAIN_3+,0.651,4,1,3,1,0.0,2.0
560,5,0,0,5,0.651,FOUNTAIN_3+,0.651,4,1,3,1,0.0,2.0
561,5,0,0,5,0.651,FOUNTAIN_3+,0.651,4,2,3,1,0.0,2.0
562,5,0,0,5,0.651,FOUNTAIN_3+,0.651,4,2,3,1,0.0,2.0
563,5,0,0,5,0.651,FOUNTAIN_3+,0.651,4,2,3,1,0.0,2.0
564,5,0,0,5,0.651,FOUNTAIN_3+,0.651,4,2,3,1,0.0,2.0
565,5,0,0,5,0.651,FOUNTAIN_3+,0.651,4,3,3,1,0.0,2.0
566,5,0,0,5,0.651,FOUNTAIN_3+,0.651,4,3,3,1,0.0,2.0
567,5,0,0,5,0.651,FOUNTAIN_3+,0.651,4,3,3,1,0.0,2.0
568,5,0,0,5,0.651,FOUNTAIN_3+,0.651,4,3,3,1,0.0,2.0
569,5,0,0,5,0.651,FOUNTAIN_3+,0.651,4,3,3,1,0.0,2.0
570,5,0,0,5,0.651,FOUNTAIN_3+,0.651,4,3,3,1,0.0,2.0
571,5,0,0,5,0.651,FOUNTAIN_3+,0.651,4,3,3,1,0.0,2.0
572,5,0,0,5,0.651,FOUNTAIN_3+,0.651,4,3,3,1,0.0,2.0
573,5,0,0,5,0.651,FOUNTAIN_3+,0.651,4,3,3,1,0.0,2.0
574,5,0,0,5,0.651,FOUNTAIN_3+,0.651,4,3,3,1,0.0,2.0
575,5,0,0,5,0.651,FOUNTAIN_3+,0.651,4,3,3,1,0.0,2.0
576,5,0,0,5,0.651,FOUNTAIN_3+,0.651,4,4,3,1,0.0,2.0
577,5,0,0,5,0.651,FOUNTAIN_3+,0.651,4,4,3,1,0.0,2.0
578,6,0,0,6,0.682,FOUNTAIN_3+,0.682,4,4,3,1,0.0,2.0
579,5,0,0,5,0.651,FOUNTAIN_3+,0.651,4,4,3,1,0.0,2.0
580,5,0,0,5,0.651,FOUNTAIN_3+,0.651,4,4,3,1,0.0,2.0
581,5,0,0,5,0.651,FOUNTAIN_3+,0.651,4,4,3,1,0.0,2.0
582,5,0,0,5,0.651,FOUNTAIN_3+,0.651,4,4,3,1,0.0,0.71
583,4,0,0,4,0.66,FOUNTAIN_3+,0.66,4,4,3,1,0.0,0.71
584,4,0,0,4,0.66,FOUNTAIN_3+,0.66,4,4,3,1,0.0,0.71
585,4,0,0,4,0.66,FOUNTAIN_3+,0.66,4,4,3,1,0.0,0.71
586,4,0,0,4,0.66,FOUNTAIN_3+,0.66,4,4,3,1,0.0,0.71
587,4,0,0,4,0.66,FOUNTAIN_3+,0.66,4,4,3,1,0.0,0.71
588,4,0,0,4,0.66,FOUNTAIN_3+,0.66,4,4,3,1,0.0,0.71
589,4,0,0,4,0.66,FOUNTAIN_3+,0.66,4,4,3,1,0.0,0.71
590,4,0,0,4,0.66,FOUNTAIN_3+,0.66,4,4,3,1,0.0,0.71
591,5,0,0,5,0.651,FOUNTAIN_3+,0.651,4,4,3,1,0.0,0.71
592,5,0,0,5,0.651,FOUNTAIN_3+,0.651,4,4,3,1,0.0,0.71
593,5,0,0,5,0.651,FOUNTAIN_3+,0.651,4,4,3,1,0.0,0.71
594,5,0,0,5,0.651,FOUNTAIN_3+,0.651,4,4,3,1,0.0,0.71
595,5,0,0,5,0.651,MIXED_3+,0.651,4,4,2,2,0.333,4.62
596,4,0,0,4,0.645,MIXED_3+,0.645,4,4,2,2,0.333,4.62
597,4,0,0,4,0.645,MIXED_3+,0.645,4,4,2,2,0.333,4.62
598,4,0,0,4,0.645,MIXED_3+,0.645,4,4,2,2,0.333,4.62
599,4,0,0,4,0.645,MIXED_3+,0.645,4,4,2,2,0.333,4.62
600,4,0,0,4,0.645,MIXED_3+,0.645,4,4,2,2,0.333,4.62
601,4,0,0,4,0.645,MIXED_3+,0.645,4,4,2,2,0.333,4.62
602,4,0,0,4,0.645,MIXED_3+,0.645,4,4,2,2,0.333,4.62
603,4,0,0,4,0.645,MIXED_3+,0.645,4,4,2,2,0.333,4.62
604,4,0,0,4,0.645,MIXED_3+,0.645,4,4,2,2,0.333,4.62
605,4,0,0,4,0.645,MIXED_3+,0.645,4,4,2,2,0.333,4.62
606,5,0,0,5,0.651,MIXED_3+,0.651,4,4,2,2,0.333,4.62
607,5,0,0,5,0.651,MIXED_3+,0.651,4,4,2,2,0.333,4.62
608,5,0,0,5,0.651,MIXED_3+,0.651,4,4,2,2,0.333,4.62
609,5,0,0,5,0.651,MIXED_3+,0.651,4,4,2,2,0.333,4.62
610,5,0,0,5,0.651,MIXED_3+,0.651,4,4,2,2,0.333,4.62
611,5,0,0,5,0.651,MIXED_3+,0.651,4,4,2,2,0.333,4.62
612,5,0,0,5,0.651,MIXED_3+,0.651,4,4,2,2,0.333,4.62
613,5,0,0,5,0.651,MIXED_3+,0.651,4,3,2,2,0.333,4.62
614,5,0,0,5,0.651,MIXED_3+,0.651,4,4,2,2,0.333,4.62
615,5,0,0,5,0.651,MIXED_3+,0.651,4,4,2,2,0.333,4.62
616,5,0,0,5,0.651,MIXED_3+,0.651,4,4,2,2,0.333,4.62
617,5,0,0,5,0.651,MIXED_3+,0.651,4,4,2,2,0.333,4.62
618,5,0,0,5,0.651,MIXED_3+,0.651,4,4,2,2,0.333,4.62
619,5,0,0,5,0.651,MIXED_3+,0.651,4,4,2,2,0.333,4.62
620,5,0,0,5,0.651,MIXED_3+,0.651,4,4,2,2,0.333,4.62
621,5,0,0,5,0.651,MIXED_3+,0.651,4,4,2,2,0.333,4.62
622,5,0,0,5,0.651,MIXED_3+,0.651,4,3,2,2,0.333,4.62
623,5,0,0,5,0.651,MIXED_3+,0.651,4,3,2,2,0.333,4.62
624,5,0,0,5,0.651,MIXED_3+,0.651,4,3,2,2,0.333,4.62
625,5,0,0,5,0.651,MIXED_3+,0.651,4,3,2,2,0.333,4.62
626,5,0,0,5,0.651,MIXED_3+,0.651,4,3,2,2,0.333,4.62
627,5,0,0,5,0.651,MIXED_3+,0.651,4,3,2,2,0.333,4.62
628,5,0,0,5,0.651,MIXED_3+,0.651,4,3,2,2,0.333,4.62
629,5,0,0,5,0.651,MIXED_3+,0.651,4,3,2,2,0.333,4.62
630,5,0,0,5,0.651,MIXED_3+,0.651,4,3,2,2,0.333,4.62
631,5,0,0,5,0.651,MIXED_3+,0.651,4,3,2,2,0.333,4.62
632,5,0,0,5,0.651,MIXED_3+,0.651,4,3,2,2,0.333,4.62
633,5,0,0,5,0.651,MIXED_3+,0.651,4,3,2,2,0.333,4.62
634,5,0,0,5,0.651,MIXED_3+,0.651,4,3,2,2,0.333,4.62
635,5,0,0,5,0.651,MIXED_3+,0.651,4,3,2,2,0.333,4.62
636,5,0,0,5,0.651,MIXED_3+,0.651,4,3,2,2,0.333,4.62
637,5,0,0,5,0.651,MIXED_3+,0.651,4,2,2,2,0.333,4.62
638,5,0,0,5,0.651,MIXED_3+,0.651,4,2,2,2,0.333,4.62
639,5,0,0,5,0.651,MIXED_3+,0.651,4,2,2,2,0.333,4.62
640,5,0,0,5,0.651,MIXED_3+,0.651,4,2,2,2,0.333,4.62
641,5,0,0,5,0.651,MIXED_3+,0.651,4,2,2,2,0.333,4.62
642,5,0,0,5,0.651,MIXED_3+,0.651,4,2,2,2,0.333,4.62
643,5,0,0,5,0.651,MIXED_3+,0.651,4,2,2,2,0.333,4.62
644,5,0,0,5,0.651,CASCADE_3+,0.651,4,2,1,2,0.667,1.22
645,4,0,0,4,0.661,CASCADE_3+,0.661,4,2,1,2,0.667,1.22
646,4,0,0,4,0.661,CASCADE_3+,0.661,4,2,1,2,0.667,1.22
647,4,0,0,4,0.661,CASCADE_3+,0.661,4,2,1,2,0.667,1.22
648,4,0,0,4,0.661,CASCADE_3+,0.661,4,2,1,2,0.667,1.22
649,4,0,0,4,0.661,CASCADE_3+,0.661,4,2,1,2,0.667,1.22
650,4,0,0,4,0.661,CASCADE_3+,0.661,4,2,1,2,0.667,1.22
651,4,0,0,4,0.661,CASCADE_3+,0.661,4,2,1,2,0.667,1.22
652,4,0,0,4,0.661,CASCADE_3+,0.661,4,2,1,2,0.667,1.22
653,4,0,0,4,0.661,CASCADE_3+,0.661,4,2,1,2,0.667,1.22
654,3,0,0,3,0.676,CASCADE_3+,0.676,4,2,1,2,0.667,1.22
655,3,0,0,3,0.676,CASCADE_3+,0.676,4,2,1,2,0.667,1.22
656,4,0,0,4,0.66,MIXED_3+,0.66,4,2,2,2,0.333,1.22
657,4,0,0,4,0.66,MIXED_3+,0.66,4,2,2,2,0.333,1.22
658,4,0,0,4,0.66,MIXED_3+,0.66,4,2,2,2,0.333,1.22
659,4,0,0,4,0.66,MIXED_3+,0.66,4,2,2,2,0.333,1.22
660,4,0,0,4,0.66,MIXED_3+,0.66,4,2,2,2,0.333,1.22
661,4,0,0,4,0.66,MIXED_3+,0.66,4,2,2,2,0.333,1.22
662,4,0,0,4,0.66,MIXED_3+,0.66,4,2,2,2,0.333,1.22
663,4,0,0,4,0.66,MIXED_3+,0.66,4,3,2,2,0.333,1.22
664,4,0,0,4,0.66,MIXED_3+,0.66,4,3,2,2,0.333,1.22
665,4,0,0,4,0.66,MIXED_3+,0.66,4,3,2,2,0.333,1.22
666,4,0,0,4,0.66,MIXED_3+,0.66,4,3,2,2,0.333,1.22
667,4,0,0,4,0.66,MIXED_3+,0.66,4,3,2,2,0.333,1.22
668,4,0,0,4,0.66,MIXED_3+,0.66,4,3,2,2,0.333,1.22
669,4,0,0,4,0.66,MIXED_3+,0.66,4,3,2,2,0.333,1.22
670,5,0,0,5,0.632,MIXED_3+,0.632,4,3,2,2,0.333,1.22
671,4,0,0,4,0.66,MIXED_3+,0.66,4,4,2,2,0.333,1.22
672,4,0,0,4,0.66,MIXED_3+,0.66,4,4,2,2,0.333,1.22
673,4,0,0,4,0.66,MIXED_3+,0.66,4,4,2,2,0.333,1.22
674,4,0,0,4,0.66,MIXED_3+,0.66,4,4,2,2,0.333,1.22
675,4,0,0,4,0.66,MIXED_3+,0.66,4,3,2,2,0.333,1.22
676,4,0,0,4,0.66,MIXED_3+,0.66,4,3,2,2,0.333,1.22
677,4,0,0,4,0.66,MIXED_3+,0.66,4,3,2,2,0.333,1.22
678,5,0,0,5,0.632,MIXED_3+,0.632,4,3,2,2,0.333,1.22
679,5,0,0,5,0.632,MIXED_3+,0.632,4,4,2,2,0.333,1.22
680,5,0,0,5,0.632,MIXED_3+,0.632,4,4,2,2,0.333,1.22
681,5,0,0,5,0.632,MIXED_3+,0.632,4,4,2,2,0.333,1.22
682,5,0,0,5,0.632,MIXED_3+,0.632,4,4,2,2,0.333,1.22
683,5,0,0,5,0.632,MIXED_3+,0.632,4,4,2,2,0.333,1.22
684,5,0,0,5,0.632,MIXED_3+,0.632,4,4,2,2,0.333,1.22
685,5,0,0,5,0.632,MIXED_3+,0.632,4,5,2,2,0.333,1.22
686,5,0,0,5,0.632,MIXED_3+,0.632,4,5,2,2,0.333,1.22
687,5,0,0,5,0.632,MIXED_3+,0.632,4,5,2,2,0.333,1.22
688,5,0,0,5,0.632,MIXED_3+,0.632,4,5,2,2,0.333,1.22
689,5,0,0,5,0.632,MIXED_3+,0.632,4,5,2,2,0.333,1.22
690,5,0,0,5,0.632,MIXED_3+,0.632,4,5,2,2,0.333,1.22
691,5,0,0,5,0.632,MIXED_3+,0.632,4,5,2,2,0.333,1.22
692,5,0,0,5,0.632,MIXED_3+,0.632,4,5,2,2,0.333,1.22
693,5,0,0,5,0.632,CASCADE_3+,0.632,4,5,1,2,0.667,1.22
694,4,0,0,4,0.622,CASCADE_3+,0.622,4,5,1,2,0.667,1.22
695,4,0,0,4,0.622,CASCADE_3+,0.622,4,5,1,2,0.667,1.22
696,4,0,0,4,0.622,CASCADE_3+,0.622,4,5,1,2,0.667,1.22
697,4,0,0,4,0.622,CASCADE_3+,0.622,4,5,1,2,0.667,1.22
698,4,0,0,4,0.622,CASCADE_3+,0.622,4,5,1,2,0.667,1.22
699,4,0,0,4,0.622,CASCADE_3+,0.622,4,5,1,2,0.667,1.22
700,4,0,0,4,0.622,CASCADE_3+,0.622,4,5,1,2,0.667,1.22
701,5,0,0,5,0.632,MIXED_3+,0.632,4,6,2,2,0.333,1.22
702,5,0,0,5,0.632,MIXED_3+,0.632,4,6,2,2,0.333,1.22
703,5,0,0,5,0.632,MIXED_3+,0.632,4,6,2,2,0.333,1.22
704,5,0,0,5,0.632,MIXED_3+,0.632,4,6,2,2,0.333,1.22
705,5,0,0,5,0.632,MIXED_3+,0.632,4,6,2,2,0.333,1.22
706,5,0,0,5,0.632,MIXED_3+,0.632,4,6,2,2,0.333,1.22
707,5,0,0,5,0.632,MIXED_3+,0.632,4,6,2,2,0.333,1.22
708,5,0,0,5,0.632,MIXED_3+,0.632,4,7,2,2,0.333,1.22
709,5,0,0,5,0.632,CASCADE_3+,0.632,4,7,1,2,0.667,3.75
710,4,0,0,4,0.62,CASCADE_3+,0.62,4,7,1,2,0.667,3.75
711,4,0,0,4,0.62,CASCADE_3+,0.62,4,7,1,2,0.667,3.75
712,4,0,0,4,0.62,CASCADE_3+,0.62,4,7,1,2,0.667,3.75
713,4,0,0,4,0.62,CASCADE_3+,0.62,4,8,1,2,0.667,3.75
714,4,0,0,4,0.62,CASCADE_3+,0.62,4,8,1,2,0.667,3.75
715,5,0,0,5,0.632,MIXED_3+,0.632,4,8,2,2,0.333,3.75
716,5,0,0,5,0.632,MIXED_3+,0.632,4,8,2,2,0.333,3.75
717,5,0,0,5,0.632,CASCADE_3+,0.632,4,8,1,2,0.667,7.5
718,4,0,0,4,0.636,CASCADE_3+,0.636,4,8,1,2,0.667,7.5
719,4,0,0,4,0.636,CASCADE_3+,0.636,4,9,1,2,0.667,7.5
720,4,0,0,4,0.636,CASCADE_3+,0.636,4,9,1,2,0.667,7.5
721,4,0,0,4,0.636,CASCADE_3+,0.636,4,9,1,2,0.667,7.5
722,4,0,0,4,0.636,CASCADE_3+,0.636,4,9,1,2,0.667,7.5
723,4,0,0,4,0.636,CASCADE_3+,0.636,4,9,1,2,0.667,7.5
724,4,0,0,4,0.636,CASCADE_3+,0.636,4,8,1,2,0.667,7.5
725,4,0,0,4,0.636,CASCADE_3+,0.636,4,9,1,2,0.667,7.5
726,4,0,0,4,0.636,CASCADE_3+,0.636,4,9,1,2,0.667,7.5
727,4,0,0,4,0.636,CASCADE_3+,0.636,4,9,1,2,0.667,7.5
728,4,0,0,4,0.636,CASCADE_3+,0.636,4,9,1,2,0.667,7.5
729,4,0,0,4,0.636,CASCADE_3+,0.636,4,9,1,2,0.667,7.5
730,4,0,0,4,0.636,CASCADE_3+,0.636,4,9,1,2,0.667,7.5
731,5,0,0,5,0.632,MIXED_3+,0.632,4,10,2,2,0.333,7.5
732,5,0,0,5,0.632,MIXED_3+,0.632,4,9,2,2,0.333,7.5
733,5,0,0,5,0.632,MIXED_3+,0.632,4,9,2,2,0.333,7.5
734,5,0,0,5,0.632,MIXED_3+,0.632,4,9,2,2,0.333,7.5
735,5,0,0,5,0.632,MIXED_3+,0.632,4,9,2,2,0.333,7.5
736,5,0,0,5,0.632,MIXED_3+,0.632,4,9,2,2,0.333,7.5
737,5,0,0,5,0.632,MIXED_3+,0.632,4,9,2,2,0.333,7.5
738,5,0,0,5,0.632,CASCADE_3+,0.632,4,9,1,2,0.667,2.86
739,4,0,0,4,0.66,CASCADE_3+,0.66,4,10,1,2,0.667,2.86
740,4,0,0,4,0.66,CASCADE_3+,0.66,4,9,1,2,0.667,2.86
741,4,0,0,4,0.66,CASCADE_3+,0.66,4,9,1,2,0.667,2.86
742,4,0,0,4,0.66,CASCADE_3+,0.66,4,9,1,2,0.667,2.86
743,5,0,0,5,0.632,MIXED_3+,0.632,4,9,2,2,0.333,2.86
744,5,0,0,5,0.632,MIXED_3+,0.632,4,9,2,2,0.333,2.86
745,5,0,0,5,0.632,MIXED_3+,0.632,4,9,2,2,0.333,2.86
746,5,0,0,5,0.632,MIXED_3+,0.632,4,8,2,2,0.333,2.86
747,5,0,0,5,0.632,MIXED_3+,0.632,4,8,2,2,0.333,2.86
748,5,0,0,5,0.632,MIXED_3+,0.632,4,7,2,2,0.333,2.86
749,5,0,0,5,0.632,CASCADE_3+,0.632,4,7,1,2,0.667,5.45
750,4,0,0,4,0.621,CASCADE_3+,0.621,4,7,1,2,0.667,5.45
751,4,0,0,4,0.621,CASCADE_3+,0.621,4,7,1,2,0.667,5.45
752,4,0,0,4,0.621,CASCADE_3+,0.621,4,7,1,2,0.667,5.45
753,4,0,0,4,0.621,CASCADE_3+,0.621,4,7,1,2,0.667,5.45
754,4,0,0,4,0.621,CASCADE_3+,0.621,4,7,1,2,0.667,5.45
755,5,0,0,5,0.632,MIXED_3+,0.632,4,7,2,2,0.333,5.45
756,5,0,0,5,0.632,MIXED_3+,0.632,4,7,2,2,0.333,5.45
757,5,0,0,5,0.632,MIXED_3+,0.632,4,7,2,2,0.333,5.45
758,5,0,0,5,0.632,MIXED_3+,0.632,4,7,2,2,0.333,5.45
759,5,0,0,5,0.632,MIXED_3+,0.632,4,8,2,2,0.333,5.45
760,5,0,0,5,0.632,MIXED_3+,0.632,4,8,2,2,0.333,5.45
761,5,0,0,5,0.632,CASCADE_3+,0.632,4,8,1,2,0.667,5.0
762,4,0,0,4,0.622,CASCADE_3+,0.622,4,7,1,2,0.667,5.0
763,4,0,0,4,0.622,CASCADE_3+,0.622,4,7,1,2,0.667,5.0
764,4,0,0,4,0.622,CASCADE_3+,0.622,4,7,1,2,0.667,5.0
765,4,0,0,4,0.622,CASCADE_3+,0.622,4,7,1,2,0.667,5.0
766,4,0,0,4,0.622,CASCADE_3+,0.622,4,7,1,2,0.667,5.0
767,4,0,0,4,0.622,CASCADE_3+,0.622,4,7,1,2,0.667,5.0
768,4,0,0,4,0.622,CASCADE_3+,0.622,4,7,1,2,0.667,5.0
769,5,0,0,5,0.632,MIXED_3+,0.632,4,6,2,2,0.333,5.0
770,5,0,0,5,0.632,MIXED_3+,0.632,4,7,2,2,0.333,5.0
771,5,0,0,5,0.632,MIXED_3+,0.632,4,7,2,2,0.333,5.0
772,5,0,0,5,0.632,MIXED_3+,0.632,4,7,2,2,0.333,5.0
773,5,0,0,5,0.632,MIXED_3+,0.632,4,7,2,2,0.333,5.0
774,5,0,0,5,0.632,MIXED_3+,0.632,4,6,2,2,0.333,5.0
775,5,0,0,5,0.632,MIXED_3+,0.632,4,6,2,2,0.333,5.0
776,5,0,0,5,0.632,MIXED_3+,0.632,4,6,2,2,0.333,5.0
777,5,0,0,5,0.632,MIXED_3+,0.632,4,6,2,2,0.333,5.0
778,5,0,0,5,0.632,MIXED_3+,0.632,4,6,2,2,0.333,5.0
779,5,0,0,5,0.632,MIXED_3+,0.632,4,6,2,2,0.333,5.0
780,5,0,0,5,0.632,MIXED_3+,0.632,4,5,2,2,0.333,5.0
781,5,0,0,5,0.632,MIXED_3+,0.632,4,5,2,2,0.333,5.0
782,5,0,0,5,0.632,MIXED_3+,0.632,4,5,2,2,0.333,5.0
783,5,0,0,5,0.632,MIXED_3+,0.632,4,5,2,2,0.333,5.0
784,5,0,0,5,0.632,MIXED_3+,0.632,4,5,2,2,0.333,5.0
785,5,0,0,5,0.632,MIXED_3+,0.632,4,5,2,2,0.333,5.0
786,5,0,0,5,0.632,MIXED_3+,0.632,4,4,2,2,0.333,5.0
787,5,0,0,5,0.632,MIXED_3+,0.632,4,4,2,2,0.333,5.0
788,5,0,0,5,0.632,MIXED_3+,0.632,4,5,2,2,0.333,5.0
789,5,0,0,5,0.632,MIXED_3+,0.632,4,5,2,2,0.333,2.14
790,4,0,0,4,0.636,MIXED_3+,0.636,4,5,2,2,0.333,2.14
791,4,0,0,4,0.636,MIXED_3+,0.636,4,5,2,2,0.333,2.14
792,4,0,0,4,0.636,MIXED_3+,0.636,4,4,2,2,0.333,2.14
793,4,0,0,4,0.636,MIXED_3+,0.636,4,4,2,2,0.333,2.14
794,4,0,0,4,0.636,MIXED_3+,0.636,4,4,2,2,0.333,2.14
795,4,0,0,4,0.636,MIXED_3+,0.636,4,5,2,2,0.333,2.14
796,4,0,0,4,0.636,MIXED_3+,0.636,4,5,2,2,0.333,2.14
797,4,0,0,4,0.636,MIXED_3+,0.636,4,5,2,2,0.333,2.14
798,4,0,0,4,0.636,MIXED_3+,0.636,4,5,2,2,0.333,2.14
799,4,0,0,4,0.636,MIXED_3+,0.636,4,5,2,2,0.333,2.14
800,5,0,0,5,0.632,FOUNTAIN_3+,0.632,4,4,3,1,0.0,2.14
801,5,0,0,5,0.632,FOUNTAIN_3+,0.632,4,4,3,1,0.0,2.14
802,5,0,0,5,0.632,FOUNTAIN_3+,0.632,4,4,3,1,0.0,2.14
803,5,0,0,5,0.632,FOUNTAIN_3+,0.632,4,4,3,1,0.0,2.14
804,5,0,0,5,0.632,FOUNTAIN_3+,0.632,4,4,3,1,0.0,2.14
805,5,0,0,5,0.632,FOUNTAIN_3+,0.632,4,4,3,1,0.0,2.14
806,5,0,0,5,0.632,FOUNTAIN_3+,0.632,4,4,3,1,0.0,2.14
807,5,0,0,5,0.632,FOUNTAIN_3+,0.632,4,4,3,1,0.0,2.14
808,5,0,0,5,0.632,FOUNTAIN_3+,0.632,4,4,3,1,0.0,2.14
809,5,0,0,5,0.632,FOUNTAIN_3+,0.632,4,4,3,1,0.0,2.14
810,5,0,0,5,0.632,FOUNTAIN_3+,0.632,4,4,3,1,0.0,2.14
811,5,0,0,5,0.632,FOUNTAIN_3+,0.632,4,4,3,1,0.0,2.14
812,5,0,0,5,0.632,FOUNTAIN_3+,0.632,4,4,3,1,0.0,2.14
813,5,0,0,5,0.632,FOUNTAIN_3+,0.632,4,4,3,1,0.0,2.14
814,5,0,0,5,0.632,FOUNTAIN_3+,0.632,4,4,3,1,0.0,2.14
815,5,0,0,5,0.632,FOUNTAIN_3+,0.632,4,5,3,1,0.0,2.14
816,5,0,0,5,0.632,FOUNTAIN_3+,0.632,4,5,3,1,0.0,2.14
817,5,0,0,5,0.632,FOUNTAIN_3+,0.632,4,5,3,1,0.0,2.14
818,5,0,0,5,0.632,FOUNTAIN_3+,0.632,4,5,3,1,0.0,2.07
819,4,0,0,4,0.621,FOUNTAIN_3+,0.621,4,5,3,1,0.0,2.07
820,4,0,0,4,0.621,FOUNTAIN_3+,0.621,4,4,3,1,0.0,2.07
821,4,0,0,4,0.621,FOUNTAIN_3+,0.621,4,4,3,1,0.0,2.07
822,4,0,0,4,0.621,FOUNTAIN_3+,0.621,4,4,3,1,0.0,2.07
823,4,0,0,4,0.621,FOUNTAIN_3+,0.621,4,4,3,1,0.0,2.07
824,4,0,0,4,0.621,FOUNTAIN_3+,0.621,4,5,3,1,0.0,2.07
825,5,0,0,5,0.632,FOUNTAIN_3+,0.632,4,5,3,1,0.0,2.07
826,5,0,0,5,0.632,FOUNTAIN_3+,0.632,4,5,3,1,0.0,2.07
827,5,0,0,5,0.632,FOUNTAIN_3+,0.632,4,5,3,1,0.0,2.07
828,5,0,0,5,0.632,FOUNTAIN_3+,0.632,4,5,3,1,0.0,2.07
829,5,0,0,5,0.632,FOUNTAIN_3+,0.632,4,5,3,1,0.0,2.07
830,5,0,0,5,0.632,FOUNTAIN_3+,0.632,4,5,3,1,0.0,2.07
831,5,0,0,5,0.632,FOUNTAIN_3+,0.632,4,4,3,1,0.0,2.07
832,5,0,0,5,0.632,FOUNTAIN_3+,0.632,4,5,3,1,0.0,2.07
833,5,0,0,5,0.632,FOUNTAIN_3+,0.632,4,5,3,1,0.0,2.07
834,5,0,0,5,0.632,FOUNTAIN_3+,0.632,4,5,3,1,0.0,2.07
835,5,0,0,5,0.632,FOUNTAIN_3+,0.632,4,5,3,1,0.0,2.07
836,5,0,0,5,0.632,FOUNTAIN_3+,0.632,4,5,3,1,0.0,2.07
837,5,0,0,5,0.632,FOUNTAIN_3+,0.632,4,5,3,1,0.0,2.07
838,5,0,0,5,0.632,FOUNTAIN_3+,0.632,4,5,3,1,0.0,2.07
839,5,0,0,5,0.632,FOUNTAIN_3+,0.632,4,6,3,1,0.0,2.07
840,5,0,0,5,0.632,FOUNTAIN_3+,0.632,4,6,3,1,0.0,2.07
841,5,0,0,5,0.632,FOUNTAIN_3+,0.632,4,6,3,1,0.0,2.07
842,5,0,0,5,0.632,FOUNTAIN_3+,0.632,4,6,3,1,0.0,2.07
843,5,0,0,5,0.632,FOUNTAIN_3+,0.632,4,6,3,1,0.0,2.07
844,5,0,0,5,0.632,FOUNTAIN_3+,0.632,4,6,3,1,0.0,2.07
845,5,0,0,5,0.632,FOUNTAIN_3+,0.632,4,6,3,1,0.0,2.22
846,4,0,0,4,0.62,FOUNTAIN_3+,0.62,4,6,3,1,0.0,2.22
847,4,0,0,4,0.62,FOUNTAIN_3+,0.62,4,6,3,1,0.0,2.22
848,4,0,0,4,0.62,FOUNTAIN_3+,0.62,4,6,3,1,0.0,2.22
849,4,0,0,4,0.62,FOUNTAIN_3+,0.62,4,5,3,1,0.0,2.22
850,4,0,0,4,0.62,FOUNTAIN_3+,0.62,4,5,3,1,0.0,2.22
851,4,0,0,4,0.62,FOUNTAIN_3+,0.62,4,5,3,1,0.0,2.22
852,4,0,0,4,0.62,FOUNTAIN_3+,0.62,4,5,3,1,0.0,2.22
853,4,0,0,4,0.62,FOUNTAIN_3+,0.62,4,5,3,1,0.0,2.22
854,5,0,0,5,0.632,FOUNTAIN_3+,0.632,4,5,3,1,0.0,2.22
855,5,0,0,5,0.632,FOUNTAIN_3+,0.632,4,5,3,1,0.0,2.22
856,5,0,0,5,0.632,FOUNTAIN_3+,0.632,4,4,3,1,0.0,2.22
857,5,0,0,5,0.632,FOUNTAIN_3+,0.632,4,4,3,1,0.0,2.22
858,5,0,0,5,0.632,FOUNTAIN_3+,0.632,4,4,3,1,0.0,2.22
859,5,0,0,5,0.632,FOUNTAIN_3+,0.632,4,4,3,1,0.0,2.22
860,5,0,0,5,0.632,FOUNTAIN_3+,0.632,4,4,3,1,0.0,2.22
861,5,0,0,5,0.632,FOUNTAIN_3+,0.632,4,4,3,1,0.0,2.22
862,5,0,0,5,0.632,MIXED_3+,0.632,4,4,2,2,0.333,3.53
863,4,0,0,4,0.636,MIXED_3+,0.636,4,4,2,2,0.333,3.53
864,4,0,0,4,0.636,MIXED_3+,0.636,4,4,2,2,0.333,3.53
865,4,0,0,4,0.636,MIXED_3+,0.636,4,4,2,2,0.333,3.53
866,4,0,0,4,0.636,MIXED_3+,0.636,4,4,2,2,0.333,3.53
867,4,0,0,4,0.636,MIXED_3+,0.636,4,4,2,2,0.333,3.53
868,4,0,0,4,0.636,MIXED_3+,0.636,4,4,2,2,0.333,3.53
869,5,0,0,5,0.632,MIXED_3+,0.632,4,4,2,2,0.333,3.53
870,5,0,0,5,0.632,MIXED_3+,0.632,4,4,2,2,0.333,3.53
871,5,0,0,5,0.632,MIXED_3+,0.632,4,4,2,2,0.333,3.53
872,5,0,0,5,0.632,MIXED_3+,0.632,4,4,2,2,0.333,3.53
873,5,0,0,5,0.632,MIXED_3+,0.632,4,4,2,2,0.333,3.53
874,5,0,0,5,0.632,MIXED_3+,0.632,4,4,2,2,0.333,3.53
875,5,0,0,5,0.632,MIXED_3+,0.632,4,4,2,2,0.333,3.53
876,5,0,0,5,0.632,MIXED_3+,0.632,4,3,2,2,0.333,3.53
877,5,0,0,5,0.632,MIXED_3+,0.632,4,3,2,2,0.333,3.53
878,6,0,0,6,0.649,MIXED_3+,0.649,4,3,2,2,0.333,3.53
879,5,0,0,5,0.675,MIXED_3+,0.675,4,3,2,2,0.333,3.53
880,5,0,0,5,0.675,MIXED_3+,0.675,4,3,2,2,0.333,3.53
881,5,0,0,5,0.675,MIXED_3+,0.675,4,3,2,2,0.333,3.53
882,5,0,0,5,0.675,MIXED_3+,0.675,4,3,2,2,0.333,3.53
883,5,0,0,5,0.695,MIXED_3+,0.695,4,3,2,2,0.333,3.53
884,5,0,0,5,0.695,MIXED_3+,0.695,4,3,2,2,0.333,3.53
885,5,0,0,5,0.695,MIXED_3+,0.695,4,2,2,2,0.333,3.53
886,5,0,0,5,0.695,MIXED_3+,0.695,4,2,2,2,0.333,3.53
887,5,0,0,5,0.695,MIXED_3+,0.695,4,2,2,2,0.333,3.53
888,5,0,0,5,0.695,MIXED_3+,0.695,4,2,2,2,0.333,3.53
889,5,0,0,5,0.695,MIXED_3+,0.695,4,2,2,2,0.333,3.53
890,5,0,0,5,0.695,MIXED_3+,0.695,4,2,2,2,0.333,3.53
891,5,0,0,5,0.695,MIXED_3+,0.695,4,2,2,2,0.333,3.53
892,5,0,0,5,0.695,MIXED_3+,0.695,4,2,2,2,0.333,3.53
893,5,0,0,5,0.695,MIXED_3+,0.695,4,1,2,2,0.333,3.53
894,5,0,0,5,0.695,MIXED_3+,0.695,4,1,2,2,0.333,3.53
895,5,0,0,5,0.695,MIXED_3+,0.695,4,1,2,2,0.333,3.53
896,5,0,0,5,0.695,MIXED_3+,0.695,4,1,2,2,0.333,3.53
897,5,0,0,5,0.695,MIXED_3+,0.695,4,1,2,2,0.333,3.53
898,5,0,0,5,0.695,MIXED_3+,0.695,4,1,2,2,0.333,3.53
899,5,0,0,5,0.695,MIXED_3+,0.695,4,1,2,2,0.333,3.53
