pattern_v6b,confidence_v6b,source,frame,v2_pattern,v2_confidence,v5_pattern,v5_confidence,smoothed_dirs,n_total
MIXED_3+,0.3,agree,2,MIXED_3+_UNCONFIRMED,0.259,MIXED_3+_UNCONFIRMED,0.3,0,5
CASCADE_3+,0.7,agree,3,MIXED_3+_UNCONFIRMED,0.259,CASCADE_3+_DETECTOR_SMOOTHED,0.7,2,5
CASCADE_3+,0.7,agree,4,MIXED_3+_UNCONFIRMED,0.259,CASCADE_3+_DETECTOR_SMOOTHED,0.7,2,5
CASCADE_3+,0.7,agree,5,MIXED_3+_UNCONFIRMED,0.259,CASCADE_3+_DETECTOR_SMOOTHED,0.7,2,5
CASCADE_3+,0.7,agree,6,MIXED_3+_UNCONFIRMED,0.259,CASCADE_3+_DETECTOR_SMOOTHED,0.7,2,5
CASCADE_3+,0.7,agree,7,MIXED_3+_UNCONFIRMED,0.259,CASCADE_3+_DETECTOR_SMOOTHED,0.7,2,5
CASCADE_3+,0.7,agree,8,MIXED_3+_UNCONFIRMED,0.259,CASCADE_3+_DETECTOR_SMOOTHED,0.7,2,5
CASCADE_3+,0.7,agree,9,MIXED_3+_UNCONFIRMED,0.259,CASCADE_3+_DETECTOR_SMOOTHED,0.7,2,5
CASCADE_3+,0.7,agree,10,MIXED_3+_UNCONFIRMED,0.259,CASCADE_3+_DETECTOR_SMOOTHED,0.7,2,5
CASCADE_3+,0.7,agree,11,MIXED_3+_UNCONFIRMED,0.259,CASCADE_3+_DETECTOR_SMOOTHED,0.7,2,5
CASCADE_3+,0.7,agree,12,MIXED_3+_UNCONFIRMED,0.259,CASCADE_3+_DETECTOR_SMOOTHED,0.7,2,5
CASCADE_3+,0.7,agree,13,MIXED_3+_UNCONFIRMED,0.259,CASCADE_3+_DETECTOR_SMOOTHED,0.7,2,5
CASCADE_3+,0.7,agree,14,MIXED_3+_UNCONFIRMED,0.259,CASCADE_3+_DETECTOR_SMOOTHED,0.7,2,5
CASCADE_3+,0.7,agree,15,MIXED_3+_UNCONFIRMED,0.259,CASCADE_3+_DETECTOR_SMOOTHED,0.7,2,5
CASCADE_3+,0.7,agree,16,MIXED_3+_UNCONFIRMED,0.259,CASCADE_3+_DETECTOR_SMOOTHED,0.7,2,5
CASCADE_3+,0.7,agree,17,MIXED_3+_UNCONFIRMED,0.259,CASCADE_3+_DETECTOR_SMOOTHED,0.7,2,5
CASCADE_3+,0.7,agree,18,MIXED_3+_UNCONFIRMED,0.259,CASCADE_3+_DETECTOR_SMOOTHED,0.7,2,5
CASCADE_3+,0.7,agree,19,MIXED_3+_UNCONFIRMED,0.259,CASCADE_3+_DETECTOR_SMOOTHED,0.7,2,5
CASCADE_3+,0.7,agree,20,MIXED_3+_UNCONFIRMED,0.259,CASCADE_3+_DETECTOR_SMOOTHED,0.7,2,5
CASCADE_3+,0.7,agree,21,MIXED_3+_UNCONFIRMED,0.259,CASCADE_3+_DETECTOR_SMOOTHED,0.7,2,5
CASCADE_3+,0.7,agree,22,MIXED_3+_UNCONFIRMED,0.259,CASCADE_3+_DETECTOR_SMOOTHED,0.7,2,5
CASCADE_3+,0.7,agree,23,MIXED_3+_UNCONFIRMED,0.26,CASCADE_3+_DETECTOR_SMOOTHED,0.7,2,4
CASCADE_3+,0.7,agree,24,MIXED_3+_UNCONFIRMED,0.26,CASCADE_3+_DETECTOR_SMOOTHED,0.7,2,4
CASCADE_3+,0.7,agree,25,MIXED_3+_UNCONFIRMED,0.26,CASCADE_3+_DETECTOR_SMOOTHED,0.7,2,4
CASCADE_3+,0.7,agree,26,MIXED_3+_UNCONFIRMED,0.26,CASCADE_3+_DETECTOR_SMOOTHED,0.7,2,4
CASCADE_3+,0.7,agree,27,MIXED_3+_UNCONFIRMED,0.26,CASCADE_3+_DETECTOR_SMOOTHED,0.7,2,4
CASCADE_3+,0.7,agree,28,MIXED_3+_UNCONFIRMED,0.26,CASCADE_3+_DETECTOR_SMOOTHED,0.7,2,4
CASCADE_3+,0.7,agree,29,MIXED_3+_UNCONFIRMED,0.26,CASCADE_3+_DETECTOR_SMOOTHED,0.7,2,4
CASCADE_3+,0.7,agree,30,MIXED_3+_UNCONFIRMED,0.26,CASCADE_3+_DETECTOR_SMOOTHED,0.7,2,4
CASCADE_3+,0.7,agree,31,MIXED_3+_UNCONFIRMED,0.26,CASCADE_3+_DETECTOR_SMOOTHED,0.7,2,4
CASCADE_3+,0.7,agree,32,MIXED_3+_UNCONFIRMED,0.26,CASCADE_3+_DETECTOR_SMOOTHED,0.7,2,4
CASCADE_3+,0.7,agree,33,MIXED_3+_UNCONFIRMED,0.26,CASCADE_3+_DETECTOR_SMOOTHED,0.7,2,4
CASCADE_3+,0.7,agree,34,MIXED_3+_UNCONFIRMED,0.259,CASCADE_3+_DETECTOR_SMOOTHED,0.7,2,5
CASCADE_3+,0.7,agree,35,MIXED_3+_UNCONFIRMED,0.259,CASCADE_3+_DETECTOR_SMOOTHED,0.7,2,5
CASCADE_3+,0.7,agree,36,MIXED_3+_UNCONFIRMED,0.259,CASCADE_3+_DETECTOR_SMOOTHED,0.7,2,5
CASCADE_3+,0.7,agree,37,MIXED_3+_UNCONFIRMED,0.259,CASCADE_3+_DETECTOR_SMOOTHED,0.7,2,5
CASCADE_3+,0.7,agree,38,MIXED_3+_UNCONFIRMED,0.259,CASCADE_3+_DETECTOR_SMOOTHED,0.7,2,5
CASCADE_3+,0.7,agree,39,MIXED_3+_UNCONFIRMED,0.259,CASCADE_3+_DETECTOR_SMOOTHED,0.7,2,5
CASCADE_3+,0.7,agree,40,MIXED_3+_UNCONFIRMED,0.259,CASCADE_3+_DETECTOR_SMOOTHED,0.7,2,5
CASCADE_3+,0.7,agree,41,MIXED_3+_UNCONFIRMED,0.259,CASCADE_3+_DETECTOR_SMOOTHED,0.7,2,5
CASCADE_3+,0.7,agree,42,MIXED_3+_UNCONFIRMED,0.259,CASCADE_3+_DETECTOR_SMOOTHED,0.7,2,5
CASCADE_3+,0.7,agree,43,MIXED_3+_UNCONFIRMED,0.259,CASCADE_3+_DETECTOR_SMOOTHED,0.7,2,5
CASCADE_3+,0.7,agree,44,MIXED_3+_UNCONFIRMED,0.259,CASCADE_3+_DETECTOR_SMOOTHED,0.7,2,5
CASCADE_3+,0.7,agree,45,MIXED_3+_UNCONFIRMED,0.259,CASCADE_3+_DETECTOR_SMOOTHED,0.7,2,5
CASCADE_3+,0.7,agree,46,MIXED_3+_UNCONFIRMED,0.259,CASCADE_3+_DETECTOR_SMOOTHED,0.7,2,5
CASCADE_3+,0.7,agree,47,MIXED_3+_UNCONFIRMED,0.259,CASCADE_3+_DETECTOR_SMOOTHED,0.7,2,5
CASCADE_3+,0.7,agree,48,MIXED_3+_UNCONFIRMED,0.259,CASCADE_3+_DETECTOR_SMOOTHED,0.7,2,5
CASCADE_3+,0.7,agree,49,MIXED_3+_UNCONFIRMED,0.259,CASCADE_3+_DETECTOR_SMOOTHED,0.7,2,5
CASCADE_3+,0.7,agree,50,MIXED_3+_UNCONFIRMED,0.259,CASCADE_3+_DETECTOR_SMOOTHED,0.7,2,5
CASCADE_3+,0.7,agree,51,MIXED_3+_UNCONFIRMED,0.259,CASCADE_3+_DETECTOR_SMOOTHED,0.7,2,5
CASCADE_3+,0.7,agree,52,MIXED_3+_UNCONFIRMED,0.259,CASCADE_3+_DETECTOR_SMOOTHED,0.7,2,5
CASCADE_3+,0.7,agree,53,MIXED_3+_UNCONFIRMED,0.259,CASCADE_3+_DETECTOR_SMOOTHED,0.7,2,5
CASCADE_3+,0.7,agree,54,MIXED_3+_UNCONFIRMED,0.259,CASCADE_3+_DETECTOR_SMOOTHED,0.7,2,5
CASCADE_3+,0.7,agree,55,MIXED_3+_UNCONFIRMED,0.259,CASCADE_3+_DETECTOR_SMOOTHED,0.7,2,5
CASCADE_3+,0.7,agree,56,MIXED_3+_UNCONFIRMED,0.259,CASCADE_3+_DETECTOR_SMOOTHED,0.7,2,5
CASCADE_3+,0.7,agree,57,MIXED_3+_UNCONFIRMED,0.259,CASCADE_3+_DETECTOR_SMOOTHED,0.7,2,5
CASCADE_3+,0.7,agree,58,MIXED_3+_UNCONFIRMED,0.251,CASCADE_3+_DETECTOR_SMOOTHED,0.7,2,6
CASCADE_3+,0.7,agree,59,MIXED_3+_UNCONFIRMED,0.251,CASCADE_3+_DETECTOR_SMOOTHED,0.7,2,6
CASCADE_3+,0.7,agree,60,MIXED_3+_UNCONFIRMED,0.251,CASCADE_3+_DETECTOR_SMOOTHED,0.7,2,6
CASCADE_3+,0.7,agree,61,MIXED_3+_UNCONFIRMED,0.251,CASCADE_3+_DETECTOR_SMOOTHED,0.7,2,6
CASCADE_3+,0.7,agree,62,MIXED_3+_UNCONFIRMED,0.251,CASCADE_3+_DETECTOR_SMOOTHED,0.7,2,6
CASCADE_3+,0.7,agree,63,MIXED_3+_UNCONFIRMED,0.259,CASCADE_3+_DETECTOR_SMOOTHED,0.7,2,5
CASCADE_3+,0.7,agree,64,MIXED_3+_UNCONFIRMED,0.259,CASCADE_3+_DETECTOR_SMOOTHED,0.7,2,5
CASCADE_3+,0.7,agree,65,MIXED_3+_UNCONFIRMED,0.259,CASCADE_3+_DETECTOR_SMOOTHED,0.7,2,5
CASCADE_3+,0.7,agree,66,MIXED_3+_UNCONFIRMED,0.259,CASCADE_3+_DETECTOR_SMOOTHED,0.7,2,5
CASCADE_3+,0.7,agree,67,MIXED_3+_UNCONFIRMED,0.259,CASCADE_3+_DETECTOR_SMOOTHED,0.7,2,5
CASCADE_3+,0.7,agree,68,MIXED_3+_UNCONFIRMED,0.259,CASCADE_3+_DETECTOR_SMOOTHED,0.7,2,5
CASCADE_3+,0.7,agree,69,MIXED_3+_UNCONFIRMED,0.259,CASCADE_3+_DETECTOR_SMOOTHED,0.7,2,5
CASCADE_3+,0.7,agree,70,MIXED_3+_UNCONFIRMED,0.259,CASCADE_3+_DETECTOR_SMOOTHED,0.7,2,5
CASCADE_3+,0.7,agree,71,MIXED_3+_UNCONFIRMED,0.259,CASCADE_3+_DETECTOR_SMOOTHED,0.7,2,5
CASCADE_3+,0.7,agree,72,MIXED_3+_UNCONFIRMED,0.259,CASCADE_3+_DETECTOR_SMOOTHED,0.7,2,5
CASCADE_3+,0.7,agree,73,MIXED_3+_UNCONFIRMED,0.253,CASCADE_3+_DETECTOR_SMOOTHED,0.7,2,4
CASCADE_3+,0.7,agree,74,MIXED_3+_UNCONFIRMED,0.253,CASCADE_3+_DETECTOR_SMOOTHED,0.7,2,4
CASCADE_3+,0.7,agree,75,MIXED_3+_UNCONFIRMED,0.253,CASCADE_3+_DETECTOR_SMOOTHED,0.7,2,4
CASCADE_3+,0.7,agree,76,MIXED_3+_UNCONFIRMED,0.253,CASCADE_3+_DETECTOR_SMOOTHED,0.7,2,4
CASCADE_3+,0.7,agree,77,MIXED_3+_UNCONFIRMED,0.253,CASCADE_3+_DETECTOR_SMOOTHED,0.7,2,4
CASCADE_3+,0.7,agree,78,MIXED_3+_UNCONFIRMED,0.253,CASCADE_3+_DETECTOR_SMOOTHED,0.7,2,4
CASCADE_3+,0.7,agree,79,MIXED_3+_UNCONFIRMED,0.253,CASCADE_3+_DETECTOR_SMOOTHED,0.7,2,4
CASCADE_3+,0.7,agree,80,MIXED_3+_UNCONFIRMED,0.253,CASCADE_3+_DETECTOR_SMOOTHED,0.7,2,4
CASCADE_3+,0.7,agree,81,MIXED_3+_UNCONFIRMED,0.253,CASCADE_3+_DETECTOR_SMOOTHED,0.7,2,4
CASCADE_3+,0.7,agree,82,MIXED_3+_UNCONFIRMED,0.253,CASCADE_3+_DETECTOR_SMOOTHED,0.7,2,4
CASCADE_3+,0.7,agree,83,MIXED_3+_UNCONFIRMED,0.259,CASCADE_3+_DETECTOR_SMOOTHED,0.7,2,5
CASCADE_3+,0.7,agree,84,MIXED_3+_UNCONFIRMED,0.259,CASCADE_3+_DETECTOR_SMOOTHED,0.7,2,5
CASCADE_3+,0.7,agree,85,MIXED_3+_UNCONFIRMED,0.259,CASCADE_3+_DETECTOR_SMOOTHED,0.7,2,5
CASCADE_3+,0.7,agree,86,MIXED_3+_UNCONFIRMED,0.259,CASCADE_3+_DETECTOR_SMOOTHED,0.7,2,5
CASCADE_3+,0.7,agree,87,MIXED_3+_UNCONFIRMED,0.259,CASCADE_3+_DETECTOR_SMOOTHED,0.7,2,5
CASCADE_3+,0.7,agree,88,MIXED_3+_UNCONFIRMED,0.259,CASCADE_3+_DETECTOR_SMOOTHED,0.7,2,5
CASCADE_3+,0.7,agree,89,MIXED_3+_UNCONFIRMED,0.259,CASCADE_3+_DETECTOR_SMOOTHED,0.7,2,5
CASCADE_3+,0.7,agree,90,MIXED_3+_UNCONFIRMED,0.259,CASCADE_3+_DETECTOR_SMOOTHED,0.7,2,5
CASCADE_3+,0.7,agree,91,MIXED_3+_UNCONFIRMED,0.259,CASCADE_3+_DETECTOR_SMOOTHED,0.7,2,5
CASCADE_3+,0.7,agree,92,MIXED_3+_UNCONFIRMED,0.259,CASCADE_3+_DETECTOR_SMOOTHED,0.7,2,5
CASCADE_3+,0.7,agree,93,MIXED_3+_UNCONFIRMED,0.259,CASCADE_3+_DETECTOR_SMOOTHED,0.7,2,5
CASCADE_3+,0.7,agree,94,MIXED_3+_UNCONFIRMED,0.259,CASCADE_3+_DETECTOR_SMOOTHED,0.7,2,5
CASCADE_3+,0.7,agree,95,MIXED_3+_UNCONFIRMED,0.259,CASCADE_3+_DETECTOR_SMOOTHED,0.7,2,5
CASCADE_3+,0.7,agree,96,MIXED_3+_UNCONFIRMED,0.259,CASCADE_3+_DETECTOR_SMOOTHED,0.7,2,5
CASCADE_3+,0.7,agree,97,MIXED_3+_UNCONFIRMED,0.259,CASCADE_3+_DETECTOR_SMOOTHED,0.7,2,5
CASCADE_3+,0.7,agree,98,MIXED_3+_UNCONFIRMED,0.26,CASCADE_3+_DETECTOR_SMOOTHED,0.7,2,4
CASCADE_3+,0.7,agree,99,MIXED_3+_UNCONFIRMED,0.26,CASCADE_3+_DETECTOR_SMOOTHED,0.7,2,4
CASCADE_3+,0.7,agree,100,MIXED_3+_UNCONFIRMED,0.26,CASCADE_3+_DETECTOR_SMOOTHED,0.7,2,4
CASCADE_3+,0.7,agree,101,MIXED_3+_UNCONFIRMED,0.26,CASCADE_3+_DETECTOR_SMOOTHED,0.7,2,4
CASCADE_3+,0.7,agree,102,MIXED_3+_UNCONFIRMED,0.26,CASCADE_3+_DETECTOR_SMOOTHED,0.7,2,4
CASCADE_3+,0.7,agree,103,MIXED_3+_UNCONFIRMED,0.258,CASCADE_3+_DETECTOR_SMOOTHED,0.7,2,3
CASCADE_3+,0.7,agree,104,MIXED_3+_UNCONFIRMED,0.258,CASCADE_3+_DETECTOR_SMOOTHED,0.7,2,3
CASCADE_3+,0.7,agree,105,MIXED_3+_UNCONFIRMED,0.258,CASCADE_3+_DETECTOR_SMOOTHED,0.7,2,3
CASCADE_3+,0.7,agree,106,MIXED_3+_UNCONFIRMED,0.258,CASCADE_3+_DETECTOR_SMOOTHED,0.7,2,3
CASCADE_3+,0.7,agree,107,MIXED_3+_UNCONFIRMED,0.258,CASCADE_3+_DETECTOR_SMOOTHED,0.7,2,3
CASCADE_3+,0.7,agree,108,MIXED_3+_UNCONFIRMED,0.258,CASCADE_3+_DETECTOR_SMOOTHED,0.7,2,3
CASCADE_3+,0.7,agree,109,MIXED_3+_UNCONFIRMED,0.258,CASCADE_3+_DETECTOR_SMOOTHED,0.7,2,3
CASCADE_3+,0.7,agree,110,MIXED_3+_UNCONFIRMED,0.258,CASCADE_3+_DETECTOR_SMOOTHED,0.7,2,3
CASCADE_3+,0.7,agree,111,MIXED_3+_UNCONFIRMED,0.258,CASCADE_3+_DETECTOR_SMOOTHED,0.7,2,3
CASCADE_3+,0.7,agree,112,MIXED_3+_UNCONFIRMED,0.258,CASCADE_3+_DETECTOR_SMOOTHED,0.7,2,3
CASCADE_3+,0.7,agree,113,MIXED_3+_UNCONFIRMED,0.258,CASCADE_3+_DETECTOR_SMOOTHED,0.7,2,3
CASCADE_3+,0.7,agree,114,MIXED_3+_UNCONFIRMED,0.26,CASCADE_3+_DETECTOR_SMOOTHED,0.7,2,4
CASCADE_3+,0.7,agree,115,MIXED_3+_UNCONFIRMED,0.26,CASCADE_3+_DETECTOR_SMOOTHED,0.7,2,4
CASCADE_3+,0.7,agree,116,MIXED_3+_UNCONFIRMED,0.26,CASCADE_3+_DETECTOR_SMOOTHED,0.7,2,4
CASCADE_3+,0.7,agree,117,MIXED_3+_UNCONFIRMED,0.304,CASCADE_3+_DETECTOR_SMOOTHED,0.7,2,5
CASCADE_3+,0.7,agree,118,MIXED_3+_UNCONFIRMED,0.304,CASCADE_3+_DETECTOR_SMOOTHED,0.7,2,5
CASCADE_3+,0.7,agree,119,MIXED_3+_UNCONFIRMED,0.304,CASCADE_3+_DETECTOR_SMOOTHED,0.7,2,5
CASCADE_3+,0.7,agree,120,MIXED_3+_UNCONFIRMED,0.304,CASCADE_3+_DETECTOR_SMOOTHED,0.7,2,5
CASCADE_3+,0.7,agree,121,MIXED_3+_UNCONFIRMED,0.304,CASCADE_3+_DETECTOR_SMOOTHED,0.7,2,5
CASCADE_3+,0.7,agree,122,MIXED_3+_UNCONFIRMED,0.304,CASCADE_3+_DETECTOR_SMOOTHED,0.7,2,5
CASCADE_3+,0.7,agree,123,MIXED_3+_UNCONFIRMED,0.304,CASCADE_3+_DETECTOR_SMOOTHED,0.7,2,5
CASCADE_3+,0.7,agree,124,MIXED_3+_UNCONFIRMED,0.304,CASCADE_3+_DETECTOR_SMOOTHED,0.7,2,5
CASCADE_3+,0.7,agree,125,MIXED_3+_UNCONFIRMED,0.304,CASCADE_3+_DETECTOR_SMOOTHED,0.7,2,5
CASCADE_3+,0.7,agree,126,MIXED_3+_UNCONFIRMED,0.304,CASCADE_3+_DETECTOR_SMOOTHED,0.7,2,5
CASCADE_3+,0.7,agree,127,MIXED_3+_UNCONFIRMED,0.304,CASCADE_3+_DETECTOR_SMOOTHED,0.7,2,5
CASCADE_3+,0.7,agree,128,MIXED_3+_UNCONFIRMED,0.304,CASCADE_3+_DETECTOR_SMOOTHED,0.7,2,5
CASCADE_3+,0.7,agree,129,MIXED_3+_UNCONFIRMED,0.304,CASCADE_3+_DETECTOR_SMOOTHED,0.7,2,5
CASCADE_3+,0.7,agree,130,MIXED_3+_UNCONFIRMED,0.304,CASCADE_3+_DETECTOR_SMOOTHED,0.7,2,5
CASCADE_3+,0.7,agree,131,MIXED_3+_UNCONFIRMED,0.304,CASCADE_3+_DETECTOR_SMOOTHED,0.7,2,5
CASCADE_3+,0.7,agree,132,MIXED_3+_UNCONFIRMED,0.304,CASCADE_3+_DETECTOR_SMOOTHED,0.7,2,5
CASCADE_3+,0.7,agree,133,MIXED_3+_UNCONFIRMED,0.304,CASCADE_3+_DETECTOR_SMOOTHED,0.7,2,5
CASCADE_3+,0.7,agree,134,MIXED_3+_UNCONFIRMED,0.304,CASCADE_3+_DETECTOR_SMOOTHED,0.7,2,5
CASCADE_3+,0.7,agree,135,MIXED_3+_UNCONFIRMED,0.304,CASCADE_3+_DETECTOR_SMOOTHED,0.7,2,5
CASCADE_3+,0.7,agree,136,MIXED_3+_UNCONFIRMED,0.304,CASCADE_3+_DETECTOR_SMOOTHED,0.7,2,5
CASCADE_3+,0.7,agree,137,MIXED_3+_UNCONFIRMED,0.304,CASCADE_3+_DETECTOR_SMOOTHED,0.7,2,5
CASCADE_3+,0.7,agree,138,MIXED_3+_UNCONFIRMED,0.304,CASCADE_3+_DETECTOR_SMOOTHED,0.7,2,5
CASCADE_3+,0.7,agree,139,MIXED_3+_UNCONFIRMED,0.304,CASCADE_3+_DETECTOR_SMOOTHED,0.7,2,5
CASCADE_3+,0.7,agree,140,MIXED_3+_UNCONFIRMED,0.304,CASCADE_3+_DETECTOR_SMOOTHED,0.7,2,5
CASCADE_3+,0.7,agree,141,MIXED_3+_UNCONFIRMED,0.304,CASCADE_3+_DETECTOR_SMOOTHED,0.7,2,5
CASCADE_3+,0.7,agree,142,MIXED_3+_UNCONFIRMED,0.304,CASCADE_3+_DETECTOR_SMOOTHED,0.7,2,5
CASCADE_3+,0.7,agree,143,MIXED_3+_UNCONFIRMED,0.304,CASCADE_3+_DETECTOR_SMOOTHED,0.7,2,5
CASCADE_3+,0.7,agree,144,MIXED_3+_UNCONFIRMED,0.304,CASCADE_3+_DETECTOR_SMOOTHED,0.7,2,5
CASCADE_3+,0.7,agree,145,MIXED_3+_UNCONFIRMED,0.304,CASCADE_3+_DETECTOR_SMOOTHED,0.7,2,5
CASCADE_3+,0.7,agree,146,MIXED_3+_UNCONFIRMED,0.304,CASCADE_3+_DETECTOR_SMOOTHED,0.7,2,5
CASCADE_3+,0.7,agree,147,MIXED_3+_UNCONFIRMED,0.304,CASCADE_3+_DETECTOR_SMOOTHED,0.7,2,5
CASCADE_3+,0.7,agree,148,MIXED_3+_UNCONFIRMED,0.304,CASCADE_3+_DETECTOR_SMOOTHED,0.7,2,5
CASCADE_3+,0.7,agree,149,MIXED_3+_UNCONFIRMED,0.304,CASCADE_3+_DETECTOR_SMOOTHED,0.7,2,5
CASCADE_3+,0.7,agree,150,MIXED_3+_UNCONFIRMED,0.304,CASCADE_3+_DETECTOR_SMOOTHED,0.7,2,5
CASCADE_3+,0.7,agree,151,MIXED_3+_UNCONFIRMED,0.304,CASCADE_3+_DETECTOR_SMOOTHED,0.7,2,5
CASCADE_3+,0.7,agree,152,MIXED_3+_UNCONFIRMED,0.304,CASCADE_3+_DETECTOR_SMOOTHED,0.7,2,5
CASCADE_3+,0.7,agree,153,MIXED_3+_UNCONFIRMED,0.304,CASCADE_3+_DETECTOR_SMOOTHED,0.7,2,5
CASCADE_3+,0.7,agree,154,MIXED_3+_UNCONFIRMED,0.304,CASCADE_3+_DETECTOR_SMOOTHED,0.7,2,5
CASCADE_3+,0.7,agree,155,MIXED_3+_UNCONFIRMED,0.304,CASCADE_3+_DETECTOR_SMOOTHED,0.7,2,5
CASCADE_3+,0.7,agree,156,MIXED_3+_UNCONFIRMED,0.304,CASCADE_3+_DETECTOR_SMOOTHED,0.7,2,5
CASCADE_3+,0.7,agree,157,MIXED_3+_UNCONFIRMED,0.304,CASCADE_3+_DETECTOR_SMOOTHED,0.7,2,5
CASCADE_3+,0.7,agree,158,MIXED_3+_UNCONFIRMED,0.304,CASCADE_3+_DETECTOR_SMOOTHED,0.7,2,5
CASCADE_3+,0.7,agree,159,MIXED_3+_UNCONFIRMED,0.304,CASCADE_3+_DETECTOR_SMOOTHED,0.7,2,5
CASCADE_3+,0.7,agree,160,MIXED_3+_UNCONFIRMED,0.304,CASCADE_3+_DETECTOR_SMOOTHED,0.7,2,5
CASCADE_3+,0.7,agree,161,MIXED_3+_UNCONFIRMED,0.304,CASCADE_3+_DETECTOR_SMOOTHED,0.7,2,5
CASCADE_3+,0.7,agree,162,MIXED_3+_UNCONFIRMED,0.304,CASCADE_3+_DETECTOR_SMOOTHED,0.7,2,5
CASCADE_3+,0.7,agree,163,MIXED_3+_UNCONFIRMED,0.304,CASCADE_3+_DETECTOR_SMOOTHED,0.7,2,5
CASCADE_3+,0.7,agree,164,MIXED_3+_UNCONFIRMED,0.304,CASCADE_3+_DETECTOR_SMOOTHED,0.7,2,5
CASCADE_3+,0.7,agree,165,MIXED_3+_UNCONFIRMED,0.304,CASCADE_3+_DETECTOR_SMOOTHED,0.7,2,5
CASCADE_3+,0.7,agree,166,MIXED_3+_UNCONFIRMED,0.304,CASCADE_3+_DETECTOR_SMOOTHED,0.7,2,5
CASCADE_3+,0.7,agree,167,MIXED_3+_UNCONFIRMED,0.304,CASCADE_3+_DETECTOR_SMOOTHED,0.7,2,5
CASCADE_3+,0.7,agree,168,MIXED_3+_UNCONFIRMED,0.304,CASCADE_3+_DETECTOR_SMOOTHED,0.7,2,5
CASCADE_3+,0.7,agree,169,MIXED_3+_UNCONFIRMED,0.304,CASCADE_3+_DETECTOR_SMOOTHED,0.7,2,5
CASCADE_3+,0.7,agree,170,MIXED_3+_UNCONFIRMED,0.304,CASCADE_3+_DETECTOR_SMOOTHED,0.7,2,5
CASCADE_3+,0.7,agree,171,MIXED_3+_UNCONFIRMED,0.304,CASCADE_3+_DETECTOR_SMOOTHED,0.7,2,5
CASCADE_3+,0.7,agree,172,MIXED_3+_UNCONFIRMED,0.304,CASCADE_3+_DETECTOR_SMOOTHED,0.7,2,5
CASCADE_3+,0.7,agree,173,MIXED_3+_UNCONFIRMED,0.304,CASCADE_3+_DETECTOR_SMOOTHED,0.7,2,5
CASCADE_3+,0.7,agree,174,MIXED_3+_UNCONFIRMED,0.304,CASCADE_3+_DETECTOR_SMOOTHED,0.7,2,5
CASCADE_3+,0.7,agree,175,MIXED_3+_UNCONFIRMED,0.304,CASCADE_3+_DETECTOR_SMOOTHED,0.7,2,5
CASCADE_3+,0.7,agree,176,MIXED_3+_UNCONFIRMED,0.304,CASCADE_3+_DETECTOR_SMOOTHED,0.7,2,5
CASCADE_3+,0.7,agree,177,MIXED_3+_UNCONFIRMED,0.304,CASCADE_3+_DETECTOR_SMOOTHED,0.7,2,5
CASCADE_3+,0.7,agree,178,MIXED_3+_UNCONFIRMED,0.304,CASCADE_3+_DETECTOR_SMOOTHED,0.7,2,5
CASCADE_3+,0.7,agree,179,MIXED_3+_UNCONFIRMED,0.304,CASCADE_3+_DETECTOR_SMOOTHED,0.7,2,5
CASCADE_3+,0.7,agree,180,MIXED_3+_UNCONFIRMED,0.304,CASCADE_3+_DETECTOR_SMOOTHED,0.7,2,5
CASCADE_3+,0.7,agree,181,MIXED_3+_UNCONFIRMED,0.304,CASCADE_3+_DETECTOR_SMOOTHED,0.7,2,5
CASCADE_3+,0.7,agree,182,MIXED_3+_UNCONFIRMED,0.304,CASCADE_3+_DETECTOR_SMOOTHED,0.7,2,5
CASCADE_3+,0.7,agree,183,MIXED_3+_UNCONFIRMED,0.304,CASCADE_3+_DETECTOR_SMOOTHED,0.7,2,5
CASCADE_3+,0.7,agree,184,MIXED_3+_UNCONFIRMED,0.304,CASCADE_3+_DETECTOR_SMOOTHED,0.7,2,5
CASCADE_3+,0.7,agree,185,MIXED_3+_UNCONFIRMED,0.304,CASCADE_3+_DETECTOR_SMOOTHED,0.7,2,5
CASCADE_3+,0.7,agree,186,MIXED_3+_UNCONFIRMED,0.304,CASCADE_3+_DETECTOR_SMOOTHED,0.7,2,5
CASCADE_3+,0.7,agree,187,MIXED_3+_UNCONFIRMED,0.304,CASCADE_3+_DETECTOR_SMOOTHED,0.7,2,5
CASCADE_3+,0.7,agree,188,MIXED_3+_UNCONFIRMED,0.304,CASCADE_3+_DETECTOR_SMOOTHED,0.7,2,5
CASCADE_3+,0.7,agree,189,MIXED_3+_UNCONFIRMED,0.304,CASCADE_3+_DETECTOR_SMOOTHED,0.7,2,5
CASCADE_3+,0.7,agree,190,MIXED_3+_UNCONFIRMED,0.304,CASCADE_3+_DETECTOR_SMOOTHED,0.7,2,5
CASCADE_3+,0.7,agree,191,MIXED_3+_UNCONFIRMED,0.304,CASCADE_3+_DETECTOR_SMOOTHED,0.7,2,5
CASCADE_3+,0.7,agree,192,MIXED_3+_UNCONFIRMED,0.304,CASCADE_3+_DETECTOR_SMOOTHED,0.7,2,5
CASCADE_3+,0.7,agree,193,MIXED_3+_UNCONFIRMED,0.304,CASCADE_3+_DETECTOR_SMOOTHED,0.7,2,5
CASCADE_3+,0.7,agree,194,MIXED_3+_UNCONFIRMED,0.304,CASCADE_3+_DETECTOR_SMOOTHED,0.7,2,5
CASCADE_3+,0.7,agree,195,MIXED_3+_UNCONFIRMED,0.304,CASCADE_3+_DETECTOR_SMOOTHED,0.7,2,5
CASCADE_3+,0.7,agree,196,MIXED_3+_UNCONFIRMED,0.304,CASCADE_3+_DETECTOR_SMOOTHED,0.7,2,5
CASCADE_3+,0.7,agree,197,MIXED_3+_UNCONFIRMED,0.304,CASCADE_3+_DETECTOR_SMOOTHED,0.7,2,5
CASCADE_3+,0.7,agree,198,MIXED_3+_UNCONFIRMED,0.304,CASCADE_3+_DETECTOR_SMOOTHED,0.7,2,5
CASCADE_3+,0.7,agree,199,MIXED_3+_UNCONFIRMED,0.304,CASCADE_3+_DETECTOR_SMOOTHED,0.7,2,5
CASCADE_3+,0.7,agree,200,MIXED_3+_UNCONFIRMED,0.304,CASCADE_3+_DETECTOR_SMOOTHED,0.7,2,5
CASCADE_3+,0.7,agree,201,MIXED_3+_UNCONFIRMED,0.304,CASCADE_3+_DETECTOR_SMOOTHED,0.7,2,5
CASCADE_3+,0.7,agree,202,MIXED_3+_UNCONFIRMED,0.304,CASCADE_3+_DETECTOR_SMOOTHED,0.7,2,5
CASCADE_3+,0.7,agree,203,MIXED_3+_UNCONFIRMED,0.304,CASCADE_3+_DETECTOR_SMOOTHED,0.7,2,5
CASCADE_3+,0.7,agree,204,MIXED_3+_UNCONFIRMED,0.304,CASCADE_3+_DETECTOR_SMOOTHED,0.7,2,5
CASCADE_3+,0.7,agree,205,MIXED_3+_UNCONFIRMED,0.304,CASCADE_3+_DETECTOR_SMOOTHED,0.7,2,5
CASCADE_3+,0.7,agree,206,MIXED_3+_UNCONFIRMED,0.304,CASCADE_3+_DETECTOR_SMOOTHED,0.7,2,5
CASCADE_3+,0.7,agree,207,MIXED_3+_UNCONFIRMED,0.304,CASCADE_3+_DETECTOR_SMOOTHED,0.7,2,5
CASCADE_3+,0.7,agree,208,MIXED_3+_UNCONFIRMED,0.304,CASCADE_3+_DETECTOR_SMOOTHED,0.7,2,5
CASCADE_3+,0.7,agree,209,MIXED_3+_UNCONFIRMED,0.304,CASCADE_3+_DETECTOR_SMOOTHED,0.7,2,5
CASCADE_3+,0.7,agree,210,MIXED_3+_UNCONFIRMED,0.304,CASCADE_3+_DETECTOR_SMOOTHED,0.7,2,5
CASCADE_3+,0.7,agree,211,MIXED_3+_UNCONFIRMED,0.304,CASCADE_3+_DETECTOR_SMOOTHED,0.7,2,5
CASCADE_3+,0.7,agree,212,MIXED_3+_UNCONFIRMED,0.304,CASCADE_3+_DETECTOR_SMOOTHED,0.7,2,5
CASCADE_3+,0.7,agree,213,MIXED_3+_UNCONFIRMED,0.304,CASCADE_3+_DETECTOR_SMOOTHED,0.7,2,5
CASCADE_3+,0.7,agree,214,MIXED_3+_UNCONFIRMED,0.304,CASCADE_3+_DETECTOR_SMOOTHED,0.7,2,5
CASCADE_3+,0.7,agree,215,MIXED_3+_UNCONFIRMED,0.304,CASCADE_3+_DETECTOR_SMOOTHED,0.7,2,5
CASCADE_3+,0.7,agree,216,MIXED_3+_UNCONFIRMED,0.304,CASCADE_3+_DETECTOR_SMOOTHED,0.7,2,5
CASCADE_3+,0.7,agree,217,MIXED_3+_UNCONFIRMED,0.304,CASCADE_3+_DETECTOR_SMOOTHED,0.7,2,5
CASCADE_3+,0.7,agree,218,MIXED_3+_UNCONFIRMED,0.304,CASCADE_3+_DETECTOR_SMOOTHED,0.7,2,5
CASCADE_3+,0.7,agree,219,MIXED_3+_UNCONFIRMED,0.304,CASCADE_3+_DETECTOR_SMOOTHED,0.7,2,5
CASCADE_3+,0.7,agree,220,MIXED_3+_UNCONFIRMED,0.304,CASCADE_3+_DETECTOR_SMOOTHED,0.7,2,5
CASCADE_3+,0.7,agree,221,MIXED_3+_UNCONFIRMED,0.304,CASCADE_3+_DETECTOR_SMOOTHED,0.7,2,5
CASCADE_3+,0.7,agree,222,MIXED_3+_UNCONFIRMED,0.304,CASCADE_3+_DETECTOR_SMOOTHED,0.7,2,5
CASCADE_3+,0.7,agree,223,MIXED_3+_UNCONFIRMED,0.304,CASCADE_3+_DETECTOR_SMOOTHED,0.7,2,5
CASCADE_3+,0.7,agree,224,MIXED_3+_UNCONFIRMED,0.304,CASCADE_3+_DETECTOR_SMOOTHED,0.7,2,5
CASCADE_3+,0.7,agree,225,MIXED_3+_UNCONFIRMED,0.304,CASCADE_3+_DETECTOR_SMOOTHED,0.7,2,5
CASCADE_3+,0.7,agree,226,MIXED_3+_UNCONFIRMED,0.304,CASCADE_3+_DETECTOR_SMOOTHED,0.7,2,5
CASCADE_3+,0.7,agree,227,MIXED_3+_UNCONFIRMED,0.304,CASCADE_3+_DETECTOR_SMOOTHED,0.7,2,5
CASCADE_3+,0.7,agree,228,MIXED_3+_UNCONFIRMED,0.304,CASCADE_3+_DETECTOR_SMOOTHED,0.7,2,5
CASCADE_3+,0.7,agree,229,MIXED_3+_UNCONFIRMED,0.327,CASCADE_3+_DETECTOR_SMOOTHED,0.7,2,4
CASCADE_3+,0.7,agree,230,MIXED_3+_UNCONFIRMED,0.327,CASCADE_3+_DETECTOR_SMOOTHED,0.7,2,4
CASCADE_3+,0.7,agree,231,MIXED_3+_UNCONFIRMED,0.327,CASCADE_3+_DETECTOR_SMOOTHED,0.7,2,4
CASCADE_3+,0.7,agree,232,MIXED_3+_UNCONFIRMED,0.327,CASCADE_3+_DETECTOR_SMOOTHED,0.7,2,4
CASCADE_3+,0.7,agree,233,MIXED_3+_UNCONFIRMED,0.327,CASCADE_3+_DETECTOR_SMOOTHED,0.7,2,4
CASCADE_3+,0.7,agree,234,MIXED_3+_UNCONFIRMED,0.327,CASCADE_3+_DETECTOR_SMOOTHED,0.7,2,4
CASCADE_3+,0.7,agree,235,MIXED_3+_UNCONFIRMED,0.327,CASCADE_3+_DETECTOR_SMOOTHED,0.7,2,4
CASCADE_3+,0.7,agree,236,MIXED_3+_UNCONFIRMED,0.327,CASCADE_3+_DETECTOR_SMOOTHED,0.7,2,4
CASCADE_3+,0.7,agree,237,MIXED_3+_UNCONFIRMED,0.327,CASCADE_3+_DETECTOR_SMOOTHED,0.7,2,4
CASCADE_3+,0.7,agree,238,MIXED_3+_UNCONFIRMED,0.327,CASCADE_3+_DETECTOR_SMOOTHED,0.7,2,4
CASCADE_3+,0.7,agree,239,MIXED_3+_UNCONFIRMED,0.275,CASCADE_3+_DETECTOR_SMOOTHED,0.7,2,3
CASCADE_3+,0.7,agree,240,MIXED_3+_UNCONFIRMED,0.275,CASCADE_3+_DETECTOR_SMOOTHED,0.7,2,3
CASCADE_3+,0.7,agree,241,MIXED_3+_UNCONFIRMED,0.275,CASCADE_3+_DETECTOR_SMOOTHED,0.7,2,3
CASCADE_3+,0.7,agree,242,MIXED_3+_UNCONFIRMED,0.275,CASCADE_3+_DETECTOR_SMOOTHED,0.7,2,3
CASCADE_3+,0.7,agree,243,MIXED_3+_UNCONFIRMED,0.275,CASCADE_3+_DETECTOR_SMOOTHED,0.7,2,3
CASCADE_3+,0.7,agree,244,MIXED_3+_UNCONFIRMED,0.275,CASCADE_3+_DETECTOR_SMOOTHED,0.7,2,3
CASCADE_3+,0.7,agree,245,MIXED_3+_UNCONFIRMED,0.275,CASCADE_3+_DETECTOR_SMOOTHED,0.7,2,3
CASCADE_3+,0.7,agree,246,MIXED_3+_UNCONFIRMED,0.275,CASCADE_3+_DETECTOR_SMOOTHED,0.7,2,3
CASCADE_3+,0.7,agree,247,MIXED_3+_UNCONFIRMED,0.274,CASCADE_3+_DETECTOR_SMOOTHED,0.7,2,4
CASCADE_3+,0.7,agree,248,MIXED_3+_UNCONFIRMED,0.274,CASCADE_3+_DETECTOR_SMOOTHED,0.7,2,4
CASCADE_3+,0.7,agree,249,MIXED_3+_UNCONFIRMED,0.274,CASCADE_3+_DETECTOR_SMOOTHED,0.7,2,4
CASCADE_3+,0.7,agree,250,MIXED_3+_UNCONFIRMED,0.274,CASCADE_3+_DETECTOR_SMOOTHED,0.7,2,4
CASCADE_3+,0.7,agree,251,MIXED_3+_UNCONFIRMED,0.274,CASCADE_3+_DETECTOR_SMOOTHED,0.7,2,4
CASCADE_3+,0.7,agree,252,MIXED_3+_UNCONFIRMED,0.274,CASCADE_3+_DETECTOR_SMOOTHED,0.7,2,4
CASCADE_3+,0.7,agree,253,MIXED_3+_UNCONFIRMED,0.274,CASCADE_3+_DETECTOR_SMOOTHED,0.7,2,4
CASCADE_3+,0.7,agree,254,MIXED_3+_UNCONFIRMED,0.274,CASCADE_3+_DETECTOR_SMOOTHED,0.7,2,4
CASCADE_3+,0.7,agree,255,MIXED_3+_UNCONFIRMED,0.316,CASCADE_3+_DETECTOR_SMOOTHED,0.7,2,5
CASCADE_3+,0.7,agree,256,MIXED_3+_UNCONFIRMED,0.316,CASCADE_3+_DETECTOR_SMOOTHED,0.7,2,5
CASCADE_3+,0.7,agree,257,MIXED_3+_UNCONFIRMED,0.328,CASCADE_3+_DETECTOR_SMOOTHED,0.7,2,4
CASCADE_3+,0.7,agree,258,MIXED_3+_UNCONFIRMED,0.328,CASCADE_3+_DETECTOR_SMOOTHED,0.7,2,4
CASCADE_3+,0.7,agree,259,MIXED_3+_UNCONFIRMED,0.328,CASCADE_3+_DETECTOR_SMOOTHED,0.7,2,4
CASCADE_3+,0.7,agree,260,MIXED_3+_UNCONFIRMED,0.328,CASCADE_3+_DETECTOR_SMOOTHED,0.7,2,4
CASCADE_3+,0.7,agree,261,MIXED_3+_UNCONFIRMED,0.328,CASCADE_3+_DETECTOR_SMOOTHED,0.7,2,4
CASCADE_3+,0.7,agree,262,MIXED_3+_UNCONFIRMED,0.328,CASCADE_3+_DETECTOR_SMOOTHED,0.7,2,4
CASCADE_3+,0.7,agree,263,MIXED_3+_UNCONFIRMED,0.328,CASCADE_3+_DETECTOR_SMOOTHED,0.7,2,4
CASCADE_3+,0.7,agree,264,MIXED_3+_UNCONFIRMED,0.328,CASCADE_3+_DETECTOR_SMOOTHED,0.7,2,4
CASCADE_3+,0.7,agree,265,MIXED_3+_UNCONFIRMED,0.328,CASCADE_3+_DETECTOR_SMOOTHED,0.7,2,4
CASCADE_3+,0.7,agree,266,MIXED_3+_UNCONFIRMED,0.328,CASCADE_3+_DETECTOR_SMOOTHED,0.7,2,4
CASCADE_3+,0.7,agree,267,MIXED_3+_UNCONFIRMED,0.316,CASCADE_3+_DETECTOR_SMOOTHED,0.7,2,5
CASCADE_3+,0.7,agree,268,MIXED_3+_UNCONFIRMED,0.316,CASCADE_3+_DETECTOR_SMOOTHED,0.7,2,5
CASCADE_3+,0.7,agree,269,MIXED_3+_UNCONFIRMED,0.316,CASCADE_3+_DETECTOR_SMOOTHED,0.7,2,5
CASCADE_3+,0.7,agree,270,MIXED_3+_UNCONFIRMED,0.316,CASCADE_3+_DETECTOR_SMOOTHED,0.7,2,5
CASCADE_3+,0.7,agree,271,MIXED_3+_UNCONFIRMED,0.316,CASCADE_3+_DETECTOR_SMOOTHED,0.7,2,5
CASCADE_3+,0.7,agree,272,MIXED_3+_UNCONFIRMED,0.316,CASCADE_3+_DETECTOR_SMOOTHED,0.7,2,5
CASCADE_3+,0.7,agree,273,MIXED_3+_UNCONFIRMED,0.316,CASCADE_3+_DETECTOR_SMOOTHED,0.7,2,5
CASCADE_3+,0.7,agree,274,MIXED_3+_UNCONFIRMED,0.316,CASCADE_3+_DETECTOR_SMOOTHED,0.7,2,5
CASCADE_3+,0.7,agree,275,MIXED_3+_UNCONFIRMED,0.316,CASCADE_3+_DETECTOR_SMOOTHED,0.7,2,5
CASCADE_3+,0.7,agree,276,MIXED_3+_UNCONFIRMED,0.316,CASCADE_3+_DETECTOR_SMOOTHED,0.7,2,5
CASCADE_3+,0.7,agree,277,MIXED_3+_UNCONFIRMED,0.316,CASCADE_3+_DETECTOR_SMOOTHED,0.7,2,5
CASCADE_3+,0.7,agree,278,MIXED_3+_UNCONFIRMED,0.316,CASCADE_3+_DETECTOR_SMOOTHED,0.7,2,5
CASCADE_3+,0.7,agree,279,MIXED_3+_UNCONFIRMED,0.316,CASCADE_3+_DETECTOR_SMOOTHED,0.7,2,5
CASCADE_3+,0.7,agree,280,MIXED_3+_UNCONFIRMED,0.316,CASCADE_3+_DETECTOR_SMOOTHED,0.7,2,5
CASCADE_3+,0.7,agree,281,MIXED_3+_UNCONFIRMED,0.316,CASCADE_3+_DETECTOR_SMOOTHED,0.7,2,5
CASCADE_3+,0.7,agree,282,MIXED_3+_UNCONFIRMED,0.316,CASCADE_3+_DETECTOR_SMOOTHED,0.7,2,5
CASCADE_3+,0.7,agree,283,MIXED_3+_UNCONFIRMED,0.316,CASCADE_3+_DETECTOR_SMOOTHED,0.7,2,5
CASCADE_3+,0.7,agree,284,MIXED_3+_UNCONFIRMED,0.316,CASCADE_3+_DETECTOR_SMOOTHED,0.7,2,5
CASCADE_3+,0.7,agree,285,MIXED_3+_UNCONFIRMED,0.316,CASCADE_3+_DETECTOR_SMOOTHED,0.7,2,5
CASCADE_3+,0.7,agree,286,MIXED_3+_UNCONFIRMED,0.316,CASCADE_3+_DETECTOR_SMOOTHED,0.7,2,5
CASCADE_3+,0.7,agree,287,MIXED_3+_UNCONFIRMED,0.316,CASCADE_3+_DETECTOR_SMOOTHED,0.7,2,5
CASCADE_3+,0.7,agree,288,MIXED_3+_UNCONFIRMED,0.316,CASCADE_3+_DETECTOR_SMOOTHED,0.7,2,5
CASCADE_3+,0.7,agree,289,MIXED_3+_UNCONFIRMED,0.316,CASCADE_3+_DETECTOR_SMOOTHED,0.7,2,5
CASCADE_3+,0.7,agree,290,MIXED_3+_UNCONFIRMED,0.316,CASCADE_3+_DETECTOR_SMOOTHED,0.7,2,5
CASCADE_3+,0.7,agree,291,MIXED_3+_UNCONFIRMED,0.316,CASCADE_3+_DETECTOR_SMOOTHED,0.7,2,5
CASCADE_3+,0.7,agree,292,MIXED_3+_UNCONFIRMED,0.316,CASCADE_3+_DETECTOR_SMOOTHED,0.7,2,5
CASCADE_3+,0.7,agree,293,MIXED_3+_UNCONFIRMED,0.316,CASCADE_3+_DETECTOR_SMOOTHED,0.7,2,5
CASCADE_3+,0.7,agree,294,MIXED_3+_UNCONFIRMED,0.316,CASCADE_3+_DETECTOR_SMOOTHED,0.7,2,5
CASCADE_3+,0.7,agree,295,MIXED_3+_UNCONFIRMED,0.316,CASCADE_3+_DETECTOR_SMOOTHED,0.7,2,5
CASCADE_3+,0.7,agree,296,MIXED_3+_UNCONFIRMED,0.316,CASCADE_3+_DETECTOR_SMOOTHED,0.7,2,5
CASCADE_3+,0.7,agree,297,MIXED_3+_UNCONFIRMED,0.316,CASCADE_3+_DETECTOR_SMOOTHED,0.7,2,5
CASCADE_3+,0.7,agree,298,MIXED_3+_UNCONFIRMED,0.316,CASCADE_3+_DETECTOR_SMOOTHED,0.7,2,5
CASCADE_3+,0.7,agree,299,MIXED_3+_UNCONFIRMED,0.316,CASCADE_3+_DETECTOR_SMOOTHED,0.7,2,5
CASCADE_3+,0.7,agree,300,MIXED_3+_UNCONFIRMED,0.327,CASCADE_3+_DETECTOR_SMOOTHED,0.7,2,4
CASCADE_3+,0.7,agree,301,MIXED_3+_UNCONFIRMED,0.327,CASCADE_3+_DETECTOR_SMOOTHED,0.7,2,4
CASCADE_3+,0.7,agree,302,MIXED_3+_UNCONFIRMED,0.327,CASCADE_3+_DETECTOR_SMOOTHED,0.7,2,4
CASCADE_3+,0.7,agree,303,MIXED_3+_UNCONFIRMED,0.327,CASCADE_3+_DETECTOR_SMOOTHED,0.7,2,4
CASCADE_3+,0.7,agree,304,MIXED_3+_UNCONFIRMED,0.327,CASCADE_3+_DETECTOR_SMOOTHED,0.7,2,4
CASCADE_3+,0.7,agree,305,MIXED_3+_UNCONFIRMED,0.327,CASCADE_3+_DETECTOR_SMOOTHED,0.7,2,4
CASCADE_3+,0.7,agree,306,MIXED_3+_UNCONFIRMED,0.327,CASCADE_3+_DETECTOR_SMOOTHED,0.7,2,4
CASCADE_3+,0.7,agree,307,MIXED_3+_UNCONFIRMED,0.327,CASCADE_3+_DETECTOR_SMOOTHED,0.7,2,4
CASCADE_3+,0.7,agree,308,MIXED_3+_UNCONFIRMED,0.316,CASCADE_3+_DETECTOR_SMOOTHED,0.7,2,5
CASCADE_3+,0.7,agree,309,MIXED_3+_UNCONFIRMED,0.316,CASCADE_3+_DETECTOR_SMOOTHED,0.7,2,5
CASCADE_3+,0.7,agree,310,MIXED_3+_UNCONFIRMED,0.274,CASCADE_3+_DETECTOR_SMOOTHED,0.7,2,4
CASCADE_3+,0.7,agree,311,MIXED_3+_UNCONFIRMED,0.274,CASCADE_3+_DETECTOR_SMOOTHED,0.7,2,4
CASCADE_3+,0.7,agree,312,MIXED_3+_UNCONFIRMED,0.274,CASCADE_3+_DETECTOR_SMOOTHED,0.7,2,4
CASCADE_3+,0.7,agree,313,MIXED_3+_UNCONFIRMED,0.274,CASCADE_3+_DETECTOR_SMOOTHED,0.7,2,4
CASCADE_3+,0.7,agree,314,MIXED_3+_UNCONFIRMED,0.274,CASCADE_3+_DETECTOR_SMOOTHED,0.7,2,4
CASCADE_3+,0.7,agree,315,MIXED_3+_UNCONFIRMED,0.274,CASCADE_3+_DETECTOR_SMOOTHED,0.7,2,4
CASCADE_3+,0.7,agree,316,MIXED_3+_UNCONFIRMED,0.274,CASCADE_3+_DETECTOR_SMOOTHED,0.7,2,4
CASCADE_3+,0.7,agree,317,MIXED_3+_UNCONFIRMED,0.274,CASCADE_3+_DETECTOR_SMOOTHED,0.7,2,4
CASCADE_3+,0.7,agree,318,MIXED_3+_UNCONFIRMED,0.274,CASCADE_3+_DETECTOR_SMOOTHED,0.7,2,4
CASCADE_3+,0.7,agree,319,MIXED_3+_UNCONFIRMED,0.274,CASCADE_3+_DETECTOR_SMOOTHED,0.7,2,4
CASCADE_3+,0.7,agree,320,MIXED_3+_UNCONFIRMED,0.274,CASCADE_3+_DETECTOR_SMOOTHED,0.7,2,4
CASCADE_3+,0.7,agree,321,MIXED_3+_UNCONFIRMED,0.274,CASCADE_3+_DETECTOR_SMOOTHED,0.7,2,4
CASCADE_3+,0.7,agree,322,MIXED_3+_UNCONFIRMED,0.274,CASCADE_3+_DETECTOR_SMOOTHED,0.7,2,4
CASCADE_3+,0.7,agree,323,MIXED_3+_UNCONFIRMED,0.274,CASCADE_3+_DETECTOR_SMOOTHED,0.7,2,4
CASCADE_3+,0.7,agree,324,MIXED_3+_UNCONFIRMED,0.274,CASCADE_3+_DETECTOR_SMOOTHED,0.7,2,4
CASCADE_3+,0.7,agree,325,MIXED_3+_UNCONFIRMED,0.274,CASCADE_3+_DETECTOR_SMOOTHED,0.7,2,4
CASCADE_3+,0.7,agree,326,MIXED_3+_UNCONFIRMED,0.274,CASCADE_3+_DETECTOR_SMOOTHED,0.7,2,4
CASCADE_3+,0.7,agree,327,MIXED_3+_UNCONFIRMED,0.274,CASCADE_3+_DETECTOR_SMOOTHED,0.7,2,4
CASCADE_3+,0.7,agree,328,MIXED_3+_UNCONFIRMED,0.277,CASCADE_3+_DETECTOR_SMOOTHED,0.7,2,3
CASCADE_3+,0.7,agree,329,MIXED_3+_UNCONFIRMED,0.276,CASCADE_3+_DETECTOR_SMOOTHED,0.7,2,4
CASCADE_3+,0.7,agree,330,MIXED_3+_UNCONFIRMED,0.276,CASCADE_3+_DETECTOR_SMOOTHED,0.7,2,4
CASCADE_3+,0.7,agree,331,MIXED_3+_UNCONFIRMED,0.276,CASCADE_3+_DETECTOR_SMOOTHED,0.7,2,4
CASCADE_3+,0.7,agree,332,MIXED_3+_UNCONFIRMED,0.276,CASCADE_3+_DETECTOR_SMOOTHED,0.7,2,4
CASCADE_3+,0.7,agree,333,MIXED_3+_UNCONFIRMED,0.276,CASCADE_3+_DETECTOR_SMOOTHED,0.7,2,4
CASCADE_3+,0.7,agree,334,MIXED_3+_UNCONFIRMED,0.276,CASCADE_3+_DETECTOR_SMOOTHED,0.7,2,4
CASCADE_3+,0.7,agree,335,MIXED_3+_UNCONFIRMED,0.276,CASCADE_3+_DETECTOR_SMOOTHED,0.7,2,4
CASCADE_3+,0.7,agree,336,MIXED_3+_UNCONFIRMED,0.276,CASCADE_3+_DETECTOR_SMOOTHED,0.7,2,4
CASCADE_3+,0.7,agree,337,MIXED_3+_UNCONFIRMED,0.276,CASCADE_3+_DETECTOR_SMOOTHED,0.7,2,4
CASCADE_3+,0.7,agree,338,MIXED_3+_UNCONFIRMED,0.276,CASCADE_3+_DETECTOR_SMOOTHED,0.7,2,4
CASCADE_3+,0.7,agree,339,MIXED_3+_UNCONFIRMED,0.274,CASCADE_3+_DETECTOR_SMOOTHED,0.7,2,5
CASCADE_3+,0.7,agree,340,MIXED_3+_UNCONFIRMED,0.274,CASCADE_3+_DETECTOR_SMOOTHED,0.7,2,5
CASCADE_3+,0.7,agree,341,MIXED_3+_UNCONFIRMED,0.274,CASCADE_3+_DETECTOR_SMOOTHED,0.7,2,5
CASCADE_3+,0.7,agree,342,MIXED_3+_UNCONFIRMED,0.274,CASCADE_3+_DETECTOR_SMOOTHED,0.7,2,5
CASCADE_3+,0.7,agree,343,MIXED_3+_UNCONFIRMED,0.274,CASCADE_3+_DETECTOR_SMOOTHED,0.7,2,5
CASCADE_3+,0.7,agree,344,MIXED_3+_UNCONFIRMED,0.274,CASCADE_3+_DETECTOR_SMOOTHED,0.7,2,5
CASCADE_3+,0.7,agree,345,MIXED_3+_UNCONFIRMED,0.274,CASCADE_3+_DETECTOR_SMOOTHED,0.7,2,5
CASCADE_3+,0.7,agree,346,MIXED_3+_UNCONFIRMED,0.274,CASCADE_3+_DETECTOR_SMOOTHED,0.7,2,5
CASCADE_3+,0.7,agree,347,MIXED_3+_UNCONFIRMED,0.274,CASCADE_3+_DETECTOR_SMOOTHED,0.7,2,5
CASCADE_3+,0.7,agree,348,MIXED_3+_UNCONFIRMED,0.274,CASCADE_3+_DETECTOR_SMOOTHED,0.7,2,5
CASCADE_3+,0.7,agree,349,MIXED_3+_UNCONFIRMED,0.274,CASCADE_3+_DETECTOR_SMOOTHED,0.7,2,5
CASCADE_3+,0.7,agree,350,MIXED_3+_UNCONFIRMED,0.274,CASCADE_3+_DETECTOR_SMOOTHED,0.7,2,5
CASCADE_3+,0.7,agree,351,MIXED_3+_UNCONFIRMED,0.274,CASCADE_3+_DETECTOR_SMOOTHED,0.7,2,5
CASCADE_3+,0.7,agree,352,MIXED_3+_UNCONFIRMED,0.274,CASCADE_3+_DETECTOR_SMOOTHED,0.7,2,5
CASCADE_3+,0.7,agree,353,MIXED_3+_UNCONFIRMED,0.274,CASCADE_3+_DETECTOR_SMOOTHED,0.7,2,5
CASCADE_3+,0.7,agree,354,MIXED_3+_UNCONFIRMED,0.274,CASCADE_3+_DETECTOR_SMOOTHED,0.7,2,5
CASCADE_3+,0.7,agree,355,MIXED_3+_UNCONFIRMED,0.274,CASCADE_3+_DETECTOR_SMOOTHED,0.7,2,5
CASCADE_3+,0.7,agree,356,MIXED_3+_UNCONFIRMED,0.274,CASCADE_3+_DETECTOR_SMOOTHED,0.7,2,5
CASCADE_3+,0.7,agree,357,MIXED_3+_UNCONFIRMED,0.274,CASCADE_3+_DETECTOR_SMOOTHED,0.7,2,5
CASCADE_3+,0.7,agree,358,MIXED_3+_UNCONFIRMED,0.274,CASCADE_3+_DETECTOR_SMOOTHED,0.7,2,5
CASCADE_3+,0.7,agree,359,MIXED_3+_UNCONFIRMED,0.274,CASCADE_3+_DETECTOR_SMOOTHED,0.7,2,5
CASCADE_3+,0.7,agree,360,MIXED_3+_UNCONFIRMED,0.274,CASCADE_3+_DETECTOR_SMOOTHED,0.7,2,5
CASCADE_3+,0.7,agree,361,MIXED_3+_UNCONFIRMED,0.274,CASCADE_3+_DETECTOR_SMOOTHED,0.7,2,5
CASCADE_3+,0.7,agree,362,MIXED_3+_UNCONFIRMED,0.274,CASCADE_3+_DETECTOR_SMOOTHED,0.7,2,5
CASCADE_3+,0.7,agree,363,MIXED_3+_UNCONFIRMED,0.274,CASCADE_3+_DETECTOR_SMOOTHED,0.7,2,5
CASCADE_3+,0.7,agree,364,MIXED_3+_UNCONFIRMED,0.274,CASCADE_3+_DETECTOR_SMOOTHED,0.7,2,5
CASCADE_3+,0.7,agree,365,MIXED_3+_UNCONFIRMED,0.274,CASCADE_3+_DETECTOR_SMOOTHED,0.7,2,5
CASCADE_3+,0.7,agree,366,MIXED_3+_UNCONFIRMED,0.274,CASCADE_3+_DETECTOR_SMOOTHED,0.7,2,5
CASCADE_3+,0.7,agree,367,MIXED_3+_UNCONFIRMED,0.274,CASCADE_3+_DETECTOR_SMOOTHED,0.7,2,5
CASCADE_3+,0.7,agree,368,MIXED_3+_UNCONFIRMED,0.274,CASCADE_3+_DETECTOR_SMOOTHED,0.7,2,5
CASCADE_3+,0.7,agree,369,MIXED_3+_UNCONFIRMED,0.274,CASCADE_3+_DETECTOR_SMOOTHED,0.7,2,5
CASCADE_3+,0.7,agree,370,MIXED_3+_UNCONFIRMED,0.274,CASCADE_3+_DETECTOR_SMOOTHED,0.7,2,5
CASCADE_3+,0.7,agree,371,MIXED_3+_UNCONFIRMED,0.274,CASCADE_3+_DETECTOR_SMOOTHED,0.7,2,5
CASCADE_3+,0.7,agree,372,MIXED_3+_UNCONFIRMED,0.274,CASCADE_3+_DETECTOR_SMOOTHED,0.7,2,5
CASCADE_3+,0.7,agree,373,MIXED_3+_UNCONFIRMED,0.274,CASCADE_3+_DETECTOR_SMOOTHED,0.7,2,5
CASCADE_3+,0.7,agree,374,MIXED_3+_UNCONFIRMED,0.274,CASCADE_3+_DETECTOR_SMOOTHED,0.7,2,5
CASCADE_3+,0.7,agree,375,MIXED_3+_UNCONFIRMED,0.274,CASCADE_3+_DETECTOR_SMOOTHED,0.7,2,5
CASCADE_3+,0.7,agree,376,MIXED_3+_UNCONFIRMED,0.275,CASCADE_3+_DETECTOR_SMOOTHED,0.7,2,4
CASCADE_3+,0.7,agree,377,MIXED_3+_UNCONFIRMED,0.275,CASCADE_3+_DETECTOR_SMOOTHED,0.7,2,4
CASCADE_3+,0.7,agree,378,MIXED_3+_UNCONFIRMED,0.275,CASCADE_3+_DETECTOR_SMOOTHED,0.7,2,4
CASCADE_3+,0.7,agree,379,MIXED_3+_UNCONFIRMED,0.275,CASCADE_3+_DETECTOR_SMOOTHED,0.7,2,4
CASCADE_3+,0.7,agree,380,MIXED_3+_UNCONFIRMED,0.275,CASCADE_3+_DETECTOR_SMOOTHED,0.7,2,4
CASCADE_3+,0.7,agree,381,MIXED_3+_UNCONFIRMED,0.274,CASCADE_3+_DETECTOR_SMOOTHED,0.7,2,5
CASCADE_3+,0.7,agree,382,MIXED_3+_UNCONFIRMED,0.274,CASCADE_3+_DETECTOR_SMOOTHED,0.7,2,5
CASCADE_3+,0.7,agree,383,MIXED_3+_UNCONFIRMED,0.274,CASCADE_3+_DETECTOR_SMOOTHED,0.7,2,5
CASCADE_3+,0.7,agree,384,MIXED_3+_UNCONFIRMED,0.274,CASCADE_3+_DETECTOR_SMOOTHED,0.7,2,5
CASCADE_3+,0.7,agree,385,MIXED_3+_UNCONFIRMED,0.274,CASCADE_3+_DETECTOR_SMOOTHED,0.7,2,5
CASCADE_3+,0.7,agree,386,MIXED_3+_UNCONFIRMED,0.274,CASCADE_3+_DETECTOR_SMOOTHED,0.7,2,5
CASCADE_3+,0.7,agree,387,MIXED_3+_UNCONFIRMED,0.274,CASCADE_3+_DETECTOR_SMOOTHED,0.7,2,5
CASCADE_3+,0.7,agree,388,MIXED_3+_UNCONFIRMED,0.274,CASCADE_3+_DETECTOR_SMOOTHED,0.7,2,5
CASCADE_3+,0.7,agree,389,MIXED_3+_UNCONFIRMED,0.274,CASCADE_3+_DETECTOR_SMOOTHED,0.7,2,5
CASCADE_3+,0.7,agree,390,MIXED_3+_UNCONFIRMED,0.274,CASCADE_3+_DETECTOR_SMOOTHED,0.7,2,5
CASCADE_3+,0.7,agree,391,MIXED_3+_UNCONFIRMED,0.274,CASCADE_3+_DETECTOR_SMOOTHED,0.7,2,5
CASCADE_3+,0.7,agree,392,MIXED_3+_UNCONFIRMED,0.274,CASCADE_3+_DETECTOR_SMOOTHED,0.7,2,5
CASCADE_3+,0.7,agree,393,MIXED_3+_UNCONFIRMED,0.274,CASCADE_3+_DETECTOR_SMOOTHED,0.7,2,5
CASCADE_3+,0.7,agree,394,MIXED_3+_UNCONFIRMED,0.274,CASCADE_3+_DETECTOR_SMOOTHED,0.7,2,5
CASCADE_3+,0.7,agree,395,MIXED_3+_UNCONFIRMED,0.274,CASCADE_3+_DETECTOR_SMOOTHED,0.7,2,5
CASCADE_3+,0.7,agree,396,MIXED_3+_UNCONFIRMED,0.274,CASCADE_3+_DETECTOR_SMOOTHED,0.7,2,5
CASCADE_3+,0.7,agree,397,MIXED_3+_UNCONFIRMED,0.274,CASCADE_3+_DETECTOR_SMOOTHED,0.7,2,5
CASCADE_3+,0.7,agree,398,MIXED_3+_UNCONFIRMED,0.274,CASCADE_3+_DETECTOR_SMOOTHED,0.7,2,5
CASCADE_3+,0.7,agree,399,MIXED_3+_UNCONFIRMED,0.274,CASCADE_3+_DETECTOR_SMOOTHED,0.7,2,5
CASCADE_3+,0.7,agree,400,MIXED_3+_UNCONFIRMED,0.274,CASCADE_3+_DETECTOR_SMOOTHED,0.7,2,5
CASCADE_3+,0.7,agree,401,MIXED_3+_UNCONFIRMED,0.274,CASCADE_3+_DETECTOR_SMOOTHED,0.7,2,5
CASCADE_3+,0.7,agree,402,MIXED_3+_UNCONFIRMED,0.274,CASCADE_3+_DETECTOR_SMOOTHED,0.7,2,5
CASCADE_3+,0.7,agree,403,MIXED_3+_UNCONFIRMED,0.274,CASCADE_3+_DETECTOR_SMOOTHED,0.7,2,5
CASCADE_3+,0.7,agree,404,MIXED_3+_UNCONFIRMED,0.274,CASCADE_3+_DETECTOR_SMOOTHED,0.7,2,5
CASCADE_3+,0.7,agree,405,MIXED_3+_UNCONFIRMED,0.274,CASCADE_3+_DETECTOR_SMOOTHED,0.7,2,5
CASCADE_3+,0.7,agree,406,MIXED_3+_UNCONFIRMED,0.274,CASCADE_3+_DETECTOR_SMOOTHED,0.7,2,5
CASCADE_3+,0.7,agree,407,MIXED_3+_UNCONFIRMED,0.274,CASCADE_3+_DETECTOR_SMOOTHED,0.7,2,5
CASCADE_3+,0.7,agree,408,MIXED_3+_UNCONFIRMED,0.274,CASCADE_3+_DETECTOR_SMOOTHED,0.7,2,5
CASCADE_3+,0.7,agree,409,MIXED_3+_UNCONFIRMED,0.274,CASCADE_3+_DETECTOR_SMOOTHED,0.7,2,5
CASCADE_3+,0.7,agree,410,MIXED_3+_UNCONFIRMED,0.274,CASCADE_3+_DETECTOR_SMOOTHED,0.7,2,5
CASCADE_3+,0.7,agree,411,MIXED_3+_UNCONFIRMED,0.274,CASCADE_3+_DETECTOR_SMOOTHED,0.7,2,5
CASCADE_3+,0.7,agree,412,MIXED_3+_UNCONFIRMED,0.273,CASCADE_3+_DETECTOR_SMOOTHED,0.7,2,4
CASCADE_3+,0.7,agree,413,MIXED_3+_UNCONFIRMED,0.273,CASCADE_3+_DETECTOR_SMOOTHED,0.7,2,4
CASCADE_3+,0.7,agree,414,MIXED_3+_UNCONFIRMED,0.273,CASCADE_3+_DETECTOR_SMOOTHED,0.7,2,4
CASCADE_3+,0.7,agree,415,MIXED_3+_UNCONFIRMED,0.273,CASCADE_3+_DETECTOR_SMOOTHED,0.7,2,4
CASCADE_3+,0.7,agree,416,MIXED_3+_UNCONFIRMED,0.273,CASCADE_3+_DETECTOR_SMOOTHED,0.7,2,4
CASCADE_3+,0.7,agree,417,MIXED_3+_UNCONFIRMED,0.273,CASCADE_3+_DETECTOR_SMOOTHED,0.7,2,4
CASCADE_3+,0.7,agree,418,MIXED_3+_UNCONFIRMED,0.273,CASCADE_3+_DETECTOR_SMOOTHED,0.7,2,4
CASCADE_3+,0.7,agree,419,MIXED_3+_UNCONFIRMED,0.273,CASCADE_3+_DETECTOR_SMOOTHED,0.7,2,4
CASCADE_3+,0.7,agree,420,MIXED_3+_UNCONFIRMED,0.274,CASCADE_3+_DETECTOR_SMOOTHED,0.7,2,5
CASCADE_3+,0.7,agree,421,MIXED_3+_UNCONFIRMED,0.274,CASCADE_3+_DETECTOR_SMOOTHED,0.7,2,5
CASCADE_3+,0.7,agree,422,MIXED_3+_UNCONFIRMED,0.274,CASCADE_3+_DETECTOR_SMOOTHED,0.7,2,5
CASCADE_3+,0.7,agree,423,MIXED_3+_UNCONFIRMED,0.274,CASCADE_3+_DETECTOR_SMOOTHED,0.7,2,5
CASCADE_3+,0.7,agree,424,MIXED_3+_UNCONFIRMED,0.274,CASCADE_3+_DETECTOR_SMOOTHED,0.7,2,5
CASCADE_3+,0.7,agree,425,MIXED_3+_UNCONFIRMED,0.274,CASCADE_3+_DETECTOR_SMOOTHED,0.7,2,5
CASCADE_3+,0.7,agree,426,MIXED_3+_UNCONFIRMED,0.274,CASCADE_3+_DETECTOR_SMOOTHED,0.7,2,5
CASCADE_3+,0.7,agree,427,MIXED_3+_UNCONFIRMED,0.273,CASCADE_3+_DETECTOR_SMOOTHED,0.7,2,4
CASCADE_3+,0.7,agree,428,MIXED_3+_UNCONFIRMED,0.273,CASCADE_3+_DETECTOR_SMOOTHED,0.7,2,4
CASCADE_3+,0.7,agree,429,MIXED_3+_UNCONFIRMED,0.273,CASCADE_3+_DETECTOR_SMOOTHED,0.7,2,4
CASCADE_3+,0.7,agree,430,MIXED_3+_UNCONFIRMED,0.273,CASCADE_3+_DETECTOR_SMOOTHED,0.7,2,4
CASCADE_3+,0.7,agree,431,MIXED_3+_UNCONFIRMED,0.273,CASCADE_3+_DETECTOR_SMOOTHED,0.7,2,4
CASCADE_3+,0.7,agree,432,MIXED_3+_UNCONFIRMED,0.273,CASCADE_3+_DETECTOR_SMOOTHED,0.7,2,4
CASCADE_3+,0.7,agree,433,MIXED_3+_UNCONFIRMED,0.273,CASCADE_3+_DETECTOR_SMOOTHED,0.7,2,4
CASCADE_3+,0.7,agree,434,MIXED_3+_UNCONFIRMED,0.273,CASCADE_3+_DETECTOR_SMOOTHED,0.7,2,4
CASCADE_3+,0.7,agree,435,MIXED_3+_UNCONFIRMED,0.273,CASCADE_3+_DETECTOR_SMOOTHED,0.7,2,4
CASCADE_3+,0.7,agree,436,MIXED_3+_UNCONFIRMED,0.273,CASCADE_3+_DETECTOR_SMOOTHED,0.7,2,4
CASCADE_3+,0.7,agree,437,MIXED_3+_UNCONFIRMED,0.273,CASCADE_3+_DETECTOR_SMOOTHED,0.7,2,4
CASCADE_3+,0.7,agree,438,MIXED_3+_UNCONFIRMED,0.273,CASCADE_3+_DETECTOR_SMOOTHED,0.7,2,4
CASCADE_3+,0.7,agree,439,MIXED_3+_UNCONFIRMED,0.273,CASCADE_3+_DETECTOR_SMOOTHED,0.7,2,4
CASCADE_3+,0.7,agree,440,MIXED_3+_UNCONFIRMED,0.273,CASCADE_3+_DETECTOR_SMOOTHED,0.7,2,4
CASCADE_3+,0.7,agree,441,MIXED_3+_UNCONFIRMED,0.273,CASCADE_3+_DETECTOR_SMOOTHED,0.7,2,4
CASCADE_3+,0.7,agree,442,MIXED_3+_UNCONFIRMED,0.273,CASCADE_3+_DETECTOR_SMOOTHED,0.7,2,4
CASCADE_3+,0.7,agree,443,MIXED_3+_UNCONFIRMED,0.273,CASCADE_3+_DETECTOR_SMOOTHED,0.7,2,4
CASCADE_3+,0.7,agree,444,MIXED_3+_UNCONFIRMED,0.273,CASCADE_3+_DETECTOR_SMOOTHED,0.7,2,4
CASCADE_3+,0.7,agree,445,MIXED_3+_UNCONFIRMED,0.269,CASCADE_3+_DETECTOR_SMOOTHED,0.7,2,5
CASCADE_3+,0.7,agree,446,MIXED_3+_UNCONFIRMED,0.269,CASCADE_3+_DETECTOR_SMOOTHED,0.7,2,5
CASCADE_3+,0.7,agree,447,MIXED_3+_UNCONFIRMED,0.269,CASCADE_3+_DETECTOR_SMOOTHED,0.7,2,5
CASCADE_3+,0.7,agree,448,MIXED_3+_UNCONFIRMED,0.269,CASCADE_3+_DETECTOR_SMOOTHED,0.7,2,5
CASCADE_3+,0.7,agree,449,MIXED_3+_UNCONFIRMED,0.269,CASCADE_3+_DETECTOR_SMOOTHED,0.7,2,5
CASCADE_3+,0.7,agree,450,MIXED_3+_UNCONFIRMED,0.269,CASCADE_3+_DETECTOR_SMOOTHED,0.7,2,5
CASCADE_3+,0.7,agree,451,MIXED_3+_UNCONFIRMED,0.269,CASCADE_3+_DETECTOR_SMOOTHED,0.7,2,5
CASCADE_3+,0.7,agree,452,MIXED_3+_UNCONFIRMED,0.269,CASCADE_3+_DETECTOR_SMOOTHED,0.7,2,5
CASCADE_3+,0.7,agree,453,MIXED_3+_UNCONFIRMED,0.269,CASCADE_3+_DETECTOR_SMOOTHED,0.7,2,5
CASCADE_3+,0.7,agree,454,MIXED_3+_UNCONFIRMED,0.269,CASCADE_3+_DETECTOR_SMOOTHED,0.7,2,5
CASCADE_3+,0.7,agree,455,MIXED_3+_UNCONFIRMED,0.269,CASCADE_3+_DETECTOR_SMOOTHED,0.7,2,5
CASCADE_3+,0.7,agree,456,MIXED_3+_UNCONFIRMED,0.269,CASCADE_3+_DETECTOR_SMOOTHED,0.7,2,5
CASCADE_3+,0.7,agree,457,MIXED_3+_UNCONFIRMED,0.269,CASCADE_3+_DETECTOR_SMOOTHED,0.7,2,5
CASCADE_3+,0.7,agree,458,MIXED_3+_UNCONFIRMED,0.269,CASCADE_3+_DETECTOR_SMOOTHED,0.7,2,5
CASCADE_3+,0.7,agree,459,MIXED_3+_UNCONFIRMED,0.269,CASCADE_3+_DETECTOR_SMOOTHED,0.7,2,5
CASCADE_3+,0.7,agree,460,MIXED_3+_UNCONFIRMED,0.269,CASCADE_3+_DETECTOR_SMOOTHED,0.7,2,5
CASCADE_3+,0.7,agree,461,MIXED_3+_UNCONFIRMED,0.269,CASCADE_3+_DETECTOR_SMOOTHED,0.7,2,5
CASCADE_3+,0.7,agree,462,MIXED_3+_UNCONFIRMED,0.269,CASCADE_3+_DETECTOR_SMOOTHED,0.7,2,5
CASCADE_3+,0.7,agree,463,MIXED_3+_UNCONFIRMED,0.269,CASCADE_3+_DETECTOR_SMOOTHED,0.7,2,5
CASCADE_3+,0.7,agree,464,MIXED_3+_UNCONFIRMED,0.269,CASCADE_3+_DETECTOR_SMOOTHED,0.7,2,5
CASCADE_3+,0.7,agree,465,MIXED_3+_UNCONFIRMED,0.269,CASCADE_3+_DETECTOR_SMOOTHED,0.7,2,5
CASCADE_3+,0.7,agree,466,MIXED_3+_UNCONFIRMED,0.269,CASCADE_3+_DETECTOR_SMOOTHED,0.7,2,6
CASCADE_3+,0.7,agree,467,MIXED_3+_UNCONFIRMED,0.269,CASCADE_3+_DETECTOR_SMOOTHED,0.7,2,6
CASCADE_3+,0.7,agree,468,MIXED_3+_UNCONFIRMED,0.269,CASCADE_3+_DETECTOR_SMOOTHED,0.7,2,6
CASCADE_3+,0.7,agree,469,MIXED_3+_UNCONFIRMED,0.27,CASCADE_3+_DETECTOR_SMOOTHED,0.7,2,5
CASCADE_3+,0.7,agree,470,MIXED_3+_UNCONFIRMED,0.27,CASCADE_3+_DETECTOR_SMOOTHED,0.7,2,5
CASCADE_3+,0.7,agree,471,MIXED_3+_UNCONFIRMED,0.27,CASCADE_3+_DETECTOR_SMOOTHED,0.7,2,4
CASCADE_3+,0.7,agree,472,MIXED_3+_UNCONFIRMED,0.27,CASCADE_3+_DETECTOR_SMOOTHED,0.7,2,4
CASCADE_3+,0.7,agree,473,MIXED_3+_UNCONFIRMED,0.27,CASCADE_3+_DETECTOR_SMOOTHED,0.7,2,4
CASCADE_3+,0.7,agree,474,MIXED_3+_UNCONFIRMED,0.27,CASCADE_3+_DETECTOR_SMOOTHED,0.7,2,4
CASCADE_3+,0.7,agree,475,MIXED_3+_UNCONFIRMED,0.27,CASCADE_3+_DETECTOR_SMOOTHED,0.7,2,4
CASCADE_3+,0.7,agree,476,MIXED_3+_UNCONFIRMED,0.27,CASCADE_3+_DETECTOR_SMOOTHED,0.7,2,4
CASCADE_3+,0.7,agree,477,MIXED_3+_UNCONFIRMED,0.27,CASCADE_3+_DETECTOR_SMOOTHED,0.7,2,4
CASCADE_3+,0.7,agree,478,MIXED_3+_UNCONFIRMED,0.27,CASCADE_3+_DETECTOR_SMOOTHED,0.7,2,4
CASCADE_3+,0.7,agree,479,MIXED_3+_UNCONFIRMED,0.27,CASCADE_3+_DETECTOR_SMOOTHED,0.7,2,4
CASCADE_3+,0.7,agree,480,MIXED_3+_UNCONFIRMED,0.27,CASCADE_3+_DETECTOR_SMOOTHED,0.7,2,4
CASCADE_3+,0.7,agree,481,MIXED_3+_UNCONFIRMED,0.27,CASCADE_3+_DETECTOR_SMOOTHED,0.7,2,4
CASCADE_3+,0.7,agree,482,MIXED_3+_UNCONFIRMED,0.27,CASCADE_3+_DETECTOR_SMOOTHED,0.7,2,5
CASCADE_3+,0.7,agree,483,MIXED_3+_UNCONFIRMED,0.27,CASCADE_3+_DETECTOR_SMOOTHED,0.7,2,5
CASCADE_3+,0.7,agree,484,MIXED_3+_UNCONFIRMED,0.27,CASCADE_3+_DETECTOR_SMOOTHED,0.7,2,5
CASCADE_3+,0.7,agree,485,MIXED_3+_UNCONFIRMED,0.27,CASCADE_3+_DETECTOR_SMOOTHED,0.7,2,5
CASCADE_3+,0.7,agree,486,MIXED_3+_UNCONFIRMED,0.27,CASCADE_3+_DETECTOR_SMOOTHED,0.7,2,5
CASCADE_3+,0.7,agree,487,MIXED_3+_UNCONFIRMED,0.27,CASCADE_3+_DETECTOR_SMOOTHED,0.7,2,5
CASCADE_3+,0.7,agree,488,MIXED_3+_UNCONFIRMED,0.27,CASCADE_3+_DETECTOR_SMOOTHED,0.7,2,5
CASCADE_3+,0.7,agree,489,MIXED_3+_UNCONFIRMED,0.27,CASCADE_3+_DETECTOR_SMOOTHED,0.7,2,5
CASCADE_3+,0.7,agree,490,MIXED_3+_UNCONFIRMED,0.27,CASCADE_3+_DETECTOR_SMOOTHED,0.7,2,5
CASCADE_3+,0.7,agree,491,MIXED_3+_UNCONFIRMED,0.27,CASCADE_3+_DETECTOR_SMOOTHED,0.7,2,5
CASCADE_3+,0.7,agree,492,MIXED_3+_UNCONFIRMED,0.27,CASCADE_3+_DETECTOR_SMOOTHED,0.7,2,5
CASCADE_3+,0.7,agree,493,MIXED_3+_UNCONFIRMED,0.27,CASCADE_3+_DETECTOR_SMOOTHED,0.7,2,5
CASCADE_3+,0.7,agree,494,MIXED_3+_UNCONFIRMED,0.27,CASCADE_3+_DETECTOR_SMOOTHED,0.7,2,5
CASCADE_3+,0.7,agree,495,MIXED_3+_UNCONFIRMED,0.27,CASCADE_3+_DETECTOR_SMOOTHED,0.7,2,5
CASCADE_3+,0.7,agree,496,MIXED_3+_UNCONFIRMED,0.27,CASCADE_3+_DETECTOR_SMOOTHED,0.7,2,5
CASCADE_3+,0.7,agree,497,MIXED_3+_UNCONFIRMED,0.27,CASCADE_3+_DETECTOR_SMOOTHED,0.7,2,5
CASCADE_3+,0.7,agree,498,MIXED_3+_UNCONFIRMED,0.27,CASCADE_3+_DETECTOR_SMOOTHED,0.7,2,5
CASCADE_3+,0.7,agree,499,MIXED_3+_UNCONFIRMED,0.274,CASCADE_3+_DETECTOR_SMOOTHED,0.7,2,4
CASCADE_3+,0.7,agree,500,MIXED_3+_UNCONFIRMED,0.274,CASCADE_3+_DETECTOR_SMOOTHED,0.7,2,4
CASCADE_3+,0.7,agree,501,MIXED_3+_UNCONFIRMED,0.274,CASCADE_3+_DETECTOR_SMOOTHED,0.7,2,4
CASCADE_3+,0.7,agree,502,MIXED_3+_UNCONFIRMED,0.274,CASCADE_3+_DETECTOR_SMOOTHED,0.7,2,4
CASCADE_3+,0.7,agree,503,MIXED_3+_UNCONFIRMED,0.274,CASCADE_3+_DETECTOR_SMOOTHED,0.7,2,4
CASCADE_3+,0.7,agree,504,MIXED_3+_UNCONFIRMED,0.274,CASCADE_3+_DETECTOR_SMOOTHED,0.7,2,4
CASCADE_3+,0.7,agree,505,MIXED_3+_UNCONFIRMED,0.274,CASCADE_3+_DETECTOR_SMOOTHED,0.7,2,4
CASCADE_3+,0.7,agree,506,MIXED_3+_UNCONFIRMED,0.274,CASCADE_3+_DETECTOR_SMOOTHED,0.7,2,4
CASCADE_3+,0.7,agree,507,MIXED_3+_UNCONFIRMED,0.274,CASCADE_3+_DETECTOR_SMOOTHED,0.7,2,4
CASCADE_3+,0.7,agree,508,MIXED_3+_UNCONFIRMED,0.274,CASCADE_3+_DETECTOR_SMOOTHED,0.7,2,4
CASCADE_3+,0.7,agree,509,MIXED_3+_UNCONFIRMED,0.274,CASCADE_3+_DETECTOR_SMOOTHED,0.7,2,4
CASCADE_3+,0.7,agree,510,MIXED_3+_UNCONFIRMED,0.27,CASCADE_3+_DETECTOR_SMOOTHED,0.7,2,5
CASCADE_3+,0.7,agree,511,MIXED_3+_UNCONFIRMED,0.27,CASCADE_3+_DETECTOR_SMOOTHED,0.7,2,5
CASCADE_3+,0.7,agree,512,MIXED_3+_UNCONFIRMED,0.27,CASCADE_3+_DETECTOR_SMOOTHED,0.7,2,5
CASCADE_3+,0.7,agree,513,MIXED_3+_UNCONFIRMED,0.27,CASCADE_3+_DETECTOR_SMOOTHED,0.7,2,5
CASCADE_3+,0.7,agree,514,MIXED_3+_UNCONFIRMED,0.27,CASCADE_3+_DETECTOR_SMOOTHED,0.7,2,5
CASCADE_3+,0.7,agree,515,MIXED_3+_UNCONFIRMED,0.27,CASCADE_3+_DETECTOR_SMOOTHED,0.7,2,5
CASCADE_3+,0.7,agree,516,MIXED_3+_UNCONFIRMED,0.27,CASCADE_3+_DETECTOR_SMOOTHED,0.7,2,5
CASCADE_3+,0.7,agree,517,MIXED_3+_UNCONFIRMED,0.27,CASCADE_3+_DETECTOR_SMOOTHED,0.7,2,5
CASCADE_3+,0.7,agree,518,MIXED_3+_UNCONFIRMED,0.27,CASCADE_3+_DETECTOR_SMOOTHED,0.7,2,5
CASCADE_3+,0.7,agree,519,MIXED_3+_UNCONFIRMED,0.27,CASCADE_3+_DETECTOR_SMOOTHED,0.7,2,5
CASCADE_3+,0.7,agree,520,MIXED_3+_UNCONFIRMED,0.27,CASCADE_3+_DETECTOR_SMOOTHED,0.7,2,5
CASCADE_3+,0.7,agree,521,MIXED_3+_UNCONFIRMED,0.27,CASCADE_3+_DETECTOR_SMOOTHED,0.7,2,5
CASCADE_3+,0.7,agree,522,MIXED_3+_UNCONFIRMED,0.27,CASCADE_3+_DETECTOR_SMOOTHED,0.7,2,5
CASCADE_3+,0.7,agree,523,MIXED_3+_UNCONFIRMED,0.27,CASCADE_3+_DETECTOR_SMOOTHED,0.7,2,5
CASCADE_3+,0.7,agree,524,MIXED_3+_UNCONFIRMED,0.27,CASCADE_3+_DETECTOR_SMOOTHED,0.7,2,5
CASCADE_3+,0.7,agree,525,MIXED_3+_UNCONFIRMED,0.27,CASCADE_3+_DETECTOR_SMOOTHED,0.7,2,5
CASCADE_3+,0.7,agree,526,MIXED_3+_UNCONFIRMED,0.27,CASCADE_3+_DETECTOR_SMOOTHED,0.7,2,5
CASCADE_3+,0.7,agree,527,MIXED_3+_UNCONFIRMED,0.27,CASCADE_3+_DETECTOR_SMOOTHED,0.7,2,5
CASCADE_3+,0.7,agree,528,MIXED_3+_UNCONFIRMED,0.27,CASCADE_3+_DETECTOR_SMOOTHED,0.7,2,5
CASCADE_3+,0.7,agree,529,MIXED_3+_UNCONFIRMED,0.27,CASCADE_3+_DETECTOR_SMOOTHED,0.7,2,5
CASCADE_3+,0.7,agree,530,MIXED_3+_UNCONFIRMED,0.27,CASCADE_3+_DETECTOR_SMOOTHED,0.7,2,5
CASCADE_3+,0.7,agree,531,MIXED_3+_UNCONFIRMED,0.27,CASCADE_3+_DETECTOR_SMOOTHED,0.7,2,5
CASCADE_3+,0.7,agree,532,MIXED_3+_UNCONFIRMED,0.27,CASCADE_3+_DETECTOR_SMOOTHED,0.7,2,5
CASCADE_3+,0.7,agree,533,MIXED_3+_UNCONFIRMED,0.27,CASCADE_3+_DETECTOR_SMOOTHED,0.7,2,5
CASCADE_3+,0.7,agree,534,MIXED_3+_UNCONFIRMED,0.27,CASCADE_3+_DETECTOR_SMOOTHED,0.7,2,5
CASCADE_3+,0.7,agree,535,MIXED_3+_UNCONFIRMED,0.27,CASCADE_3+_DETECTOR_SMOOTHED,0.7,2,5
CASCADE_3+,0.7,agree,536,MIXED_3+_UNCONFIRMED,0.27,CASCADE_3+_DETECTOR_SMOOTHED,0.7,2,5
CASCADE_3+,0.7,agree,537,MIXED_3+_UNCONFIRMED,0.27,CASCADE_3+_DETECTOR_SMOOTHED,0.7,2,5
CASCADE_3+,0.7,agree,538,MIXED_3+_UNCONFIRMED,0.27,CASCADE_3+_DETECTOR_SMOOTHED,0.7,2,5
CASCADE_3+,0.7,agree,539,MIXED_3+_UNCONFIRMED,0.27,CASCADE_3+_DETECTOR_SMOOTHED,0.7,2,5
CASCADE_3+,0.7,agree,540,MIXED_3+_UNCONFIRMED,0.27,CASCADE_3+_DETECTOR_SMOOTHED,0.7,2,5
CASCADE_3+,0.7,agree,541,MIXED_3+_UNCONFIRMED,0.27,CASCADE_3+_DETECTOR_SMOOTHED,0.7,2,5
CASCADE_3+,0.7,agree,542,MIXED_3+_UNCONFIRMED,0.27,CASCADE_3+_DETECTOR_SMOOTHED,0.7,2,5
CASCADE_3+,0.7,agree,543,MIXED_3+_UNCONFIRMED,0.27,CASCADE_3+_DETECTOR_SMOOTHED,0.7,2,5
CASCADE_3+,0.7,agree,544,MIXED_3+_UNCONFIRMED,0.27,CASCADE_3+_DETECTOR_SMOOTHED,0.7,2,5
CASCADE_3+,0.7,agree,545,MIXED_3+_UNCONFIRMED,0.27,CASCADE_3+_DETECTOR_SMOOTHED,0.7,2,5
CASCADE_3+,0.7,agree,546,MIXED_3+_UNCONFIRMED,0.27,CASCADE_3+_DETECTOR_SMOOTHED,0.7,2,5
CASCADE_3+,0.7,agree,547,MIXED_3+_UNCONFIRMED,0.27,CASCADE_3+_DETECTOR_SMOOTHED,0.7,2,5
CASCADE_3+,0.7,agree,548,MIXED_3+_UNCONFIRMED,0.27,CASCADE_3+_DETECTOR_SMOOTHED,0.7,2,5
CASCADE_3+,0.7,agree,549,MIXED_3+_UNCONFIRMED,0.27,CASCADE_3+_DETECTOR_SMOOTHED,0.7,2,5
CASCADE_3+,0.7,agree,550,MIXED_3+_UNCONFIRMED,0.27,CASCADE_3+_DETECTOR_SMOOTHED,0.7,2,5
CASCADE_3+,0.7,agree,551,MIXED_3+_UNCONFIRMED,0.27,CASCADE_3+_DETECTOR_SMOOTHED,0.7,2,5
CASCADE_3+,0.7,agree,552,MIXED_3+_UNCONFIRMED,0.27,CASCADE_3+_DETECTOR_SMOOTHED,0.7,2,5
CASCADE_3+,0.7,agree,553,MIXED_3+_UNCONFIRMED,0.27,CASCADE_3+_DETECTOR_SMOOTHED,0.7,2,5
CASCADE_3+,0.7,agree,554,MIXED_3+_UNCONFIRMED,0.27,CASCADE_3+_DETECTOR_SMOOTHED,0.7,2,5
CASCADE_3+,0.7,agree,555,MIXED_3+_UNCONFIRMED,0.27,CASCADE_3+_DETECTOR_SMOOTHED,0.7,2,5
CASCADE_3+,0.7,agree,556,MIXED_3+_UNCONFIRMED,0.27,CASCADE_3+_DETECTOR_SMOOTHED,0.7,2,5
CASCADE_3+,0.7,agree,557,MIXED_3+_UNCONFIRMED,0.27,CASCADE_3+_DETECTOR_SMOOTHED,0.7,2,5
CASCADE_3+,0.7,agree,558,MIXED_3+_UNCONFIRMED,0.27,CASCADE_3+_DETECTOR_SMOOTHED,0.7,2,5
CASCADE_3+,0.7,agree,559,MIXED_3+_UNCONFIRMED,0.27,CASCADE_3+_DETECTOR_SMOOTHED,0.7,2,5
CASCADE_3+,0.7,agree,560,MIXED_3+_UNCONFIRMED,0.27,CASCADE_3+_DETECTOR_SMOOTHED,0.7,2,5
CASCADE_3+,0.7,agree,561,MIXED_3+_UNCONFIRMED,0.27,CASCADE_3+_DETECTOR_SMOOTHED,0.7,2,5
CASCADE_3+,0.7,agree,562,MIXED_3+_UNCONFIRMED,0.27,CASCADE_3+_DETECTOR_SMOOTHED,0.7,2,5
CASCADE_3+,0.7,agree,563,MIXED_3+_UNCONFIRMED,0.27,CASCADE_3+_DETECTOR_SMOOTHED,0.7,2,5
CASCADE_3+,0.7,agree,564,MIXED_3+_UNCONFIRMED,0.27,CASCADE_3+_DETECTOR_SMOOTHED,0.7,2,5
CASCADE_3+,0.7,agree,565,MIXED_3+_UNCONFIRMED,0.27,CASCADE_3+_DETECTOR_SMOOTHED,0.7,2,5
CASCADE_3+,0.7,agree,566,MIXED_3+_UNCONFIRMED,0.27,CASCADE_3+_DETECTOR_SMOOTHED,0.7,2,5
CASCADE_3+,0.7,agree,567,MIXED_3+_UNCONFIRMED,0.27,CASCADE_3+_DETECTOR_SMOOTHED,0.7,2,5
CASCADE_3+,0.7,agree,568,MIXED_3+_UNCONFIRMED,0.27,CASCADE_3+_DETECTOR_SMOOTHED,0.7,2,5
CASCADE_3+,0.7,agree,569,MIXED_3+_UNCONFIRMED,0.27,CASCADE_3+_DETECTOR_SMOOTHED,0.7,2,5
CASCADE_3+,0.7,agree,570,MIXED_3+_UNCONFIRMED,0.27,CASCADE_3+_DETECTOR_SMOOTHED,0.7,2,5
CASCADE_3+,0.7,agree,571,MIXED_3+_UNCONFIRMED,0.27,CASCADE_3+_DETECTOR_SMOOTHED,0.7,2,5
CASCADE_3+,0.7,agree,572,MIXED_3+_UNCONFIRMED,0.27,CASCADE_3+_DETECTOR_SMOOTHED,0.7,2,5
CASCADE_3+,0.7,agree,573,MIXED_3+_UNCONFIRMED,0.27,CASCADE_3+_DETECTOR_SMOOTHED,0.7,2,5
CASCADE_3+,0.7,agree,574,MIXED_3+_UNCONFIRMED,0.27,CASCADE_3+_DETECTOR_SMOOTHED,0.7,2,5
CASCADE_3+,0.7,agree,575,MIXED_3+_UNCONFIRMED,0.27,CASCADE_3+_DETECTOR_SMOOTHED,0.7,2,5
CASCADE_3+,0.7,agree,576,MIXED_3+_UNCONFIRMED,0.27,CASCADE_3+_DETECTOR_SMOOTHED,0.7,2,5
CASCADE_3+,0.7,agree,577,MIXED_3+_UNCONFIRMED,0.27,CASCADE_3+_DETECTOR_SMOOTHED,0.7,2,5
CASCADE_3+,0.7,agree,578,MIXED_3+_UNCONFIRMED,0.261,CASCADE_3+_DETECTOR_SMOOTHED,0.7,2,6
CASCADE_3+,0.7,agree,579,MIXED_3+_UNCONFIRMED,0.27,CASCADE_3+_DETECTOR_SMOOTHED,0.7,2,5
CASCADE_3+,0.7,agree,580,MIXED_3+_UNCONFIRMED,0.27,CASCADE_3+_DETECTOR_SMOOTHED,0.7,2,5
CASCADE_3+,0.7,agree,581,MIXED_3+_UNCONFIRMED,0.27,CASCADE_3+_DETECTOR_SMOOTHED,0.7,2,5
CASCADE_3+,0.7,agree,582,MIXED_3+_UNCONFIRMED,0.27,CASCADE_3+_DETECTOR_SMOOTHED,0.7,2,5
CASCADE_3+,0.7,agree,583,MIXED_3+_UNCONFIRMED,0.27,CASCADE_3+_DETECTOR_SMOOTHED,0.7,2,4
CASCADE_3+,0.7,agree,584,MIXED_3+_UNCONFIRMED,0.27,CASCADE_3+_DETECTOR_SMOOTHED,0.7,2,4
CASCADE_3+,0.7,agree,585,MIXED_3+_UNCONFIRMED,0.27,CASCADE_3+_DETECTOR_SMOOTHED,0.7,2,4
CASCADE_3+,0.7,agree,586,MIXED_3+_UNCONFIRMED,0.27,CASCADE_3+_DETECTOR_SMOOTHED,0.7,2,4
CASCADE_3+,0.7,agree,587,MIXED_3+_UNCONFIRMED,0.27,CASCADE_3+_DETECTOR_SMOOTHED,0.7,2,4
CASCADE_3+,0.7,agree,588,MIXED_3+_UNCONFIRMED,0.27,CASCADE_3+_DETECTOR_SMOOTHED,0.7,2,4
CASCADE_3+,0.7,agree,589,MIXED_3+_UNCONFIRMED,0.27,CASCADE_3+_DETECTOR_SMOOTHED,0.7,2,4
CASCADE_3+,0.7,agree,590,MIXED_3+_UNCONFIRMED,0.27,CASCADE_3+_DETECTOR_SMOOTHED,0.7,2,4
CASCADE_3+,0.7,agree,591,MIXED_3+_UNCONFIRMED,0.27,CASCADE_3+_DETECTOR_SMOOTHED,0.7,2,5
CASCADE_3+,0.7,agree,592,MIXED_3+_UNCONFIRMED,0.27,CASCADE_3+_DETECTOR_SMOOTHED,0.7,2,5
CASCADE_3+,0.7,agree,593,MIXED_3+_UNCONFIRMED,0.27,CASCADE_3+_DETECTOR_SMOOTHED,0.7,2,5
CASCADE_3+,0.7,agree,594,MIXED_3+_UNCONFIRMED,0.27,CASCADE_3+_DETECTOR_SMOOTHED,0.7,2,5
CASCADE_3+,0.7,agree,595,MIXED_3+_UNCONFIRMED,0.27,CASCADE_3+_DETECTOR_SMOOTHED,0.7,2,5
CASCADE_3+,0.7,agree,596,MIXED_3+_UNCONFIRMED,0.268,CASCADE_3+_DETECTOR_SMOOTHED,0.7,2,4
CASCADE_3+,0.7,agree,597,MIXED_3+_UNCONFIRMED,0.268,CASCADE_3+_DETECTOR_SMOOTHED,0.7,2,4
CASCADE_3+,0.7,agree,598,MIXED_3+_UNCONFIRMED,0.268,CASCADE_3+_DETECTOR_SMOOTHED,0.7,2,4
CASCADE_3+,0.7,agree,599,MIXED_3+_UNCONFIRMED,0.268,CASCADE_3+_DETECTOR_SMOOTHED,0.7,2,4
CASCADE_3+,0.7,agree,600,MIXED_3+_UNCONFIRMED,0.268,CASCADE_3+_DETECTOR_SMOOTHED,0.7,2,4
CASCADE_3+,0.7,agree,601,MIXED_3+_UNCONFIRMED,0.268,CASCADE_3+_DETECTOR_SMOOTHED,0.7,2,4
CASCADE_3+,0.7,agree,602,MIXED_3+_UNCONFIRMED,0.268,CASCADE_3+_DETECTOR_SMOOTHED,0.7,2,4
CASCADE_3+,0.7,agree,603,MIXED_3+_UNCONFIRMED,0.268,CASCADE_3+_DETECTOR_SMOOTHED,0.7,2,4
CASCADE_3+,0.7,agree,604,MIXED_3+_UNCONFIRMED,0.268,CASCADE_3+_DETECTOR_SMOOTHED,0.7,2,4
CASCADE_3+,0.7,agree,605,MIXED_3+_UNCONFIRMED,0.268,CASCADE_3+_DETECTOR_SMOOTHED,0.7,2,4
CASCADE_3+,0.7,agree,606,MIXED_3+_UNCONFIRMED,0.27,CASCADE_3+_DETECTOR_SMOOTHED,0.7,2,5
CASCADE_3+,0.7,agree,607,MIXED_3+_UNCONFIRMED,0.27,CASCADE_3+_DETECTOR_SMOOTHED,0.7,2,5
CASCADE_3+,0.7,agree,608,MIXED_3+_UNCONFIRMED,0.27,CASCADE_3+_DETECTOR_SMOOTHED,0.7,2,5
CASCADE_3+,0.7,agree,609,MIXED_3+_UNCONFIRMED,0.27,CASCADE_3+_DETECTOR_SMOOTHED,0.7,2,5
CASCADE_3+,0.7,agree,610,MIXED_3+_UNCONFIRMED,0.27,CASCADE_3+_DETECTOR_SMOOTHED,0.7,2,5
CASCADE_3+,0.7,agree,611,MIXED_3+_UNCONFIRMED,0.27,CASCADE_3+_DETECTOR_SMOOTHED,0.7,2,5
CASCADE_3+,0.7,agree,612,MIXED_3+_UNCONFIRMED,0.27,CASCADE_3+_DETECTOR_SMOOTHED,0.7,2,5
CASCADE_3+,0.7,agree,613,MIXED_3+_UNCONFIRMED,0.27,CASCADE_3+_DETECTOR_SMOOTHED,0.7,2,5
CASCADE_3+,0.7,agree,614,MIXED_3+_UNCONFIRMED,0.27,CASCADE_3+_DETECTOR_SMOOTHED,0.7,2,5
CASCADE_3+,0.7,agree,615,MIXED_3+_UNCONFIRMED,0.27,CASCADE_3+_DETECTOR_SMOOTHED,0.7,2,5
CASCADE_3+,0.7,agree,616,MIXED_3+_UNCONFIRMED,0.27,CASCADE_3+_DETECTOR_SMOOTHED,0.7,2,5
CASCADE_3+,0.7,agree,617,MIXED_3+_UNCONFIRMED,0.27,CASCADE_3+_DETECTOR_SMOOTHED,0.7,2,5
CASCADE_3+,0.7,agree,618,MIXED_3+_UNCONFIRMED,0.27,CASCADE_3+_DETECTOR_SMOOTHED,0.7,2,5
CASCADE_3+,0.7,agree,619,MIXED_3+_UNCONFIRMED,0.27,CASCADE_3+_DETECTOR_SMOOTHED,0.7,2,5
CASCADE_3+,0.7,agree,620,MIXED_3+_UNCONFIRMED,0.27,CASCADE_3+_DETECTOR_SMOOTHED,0.7,2,5
CASCADE_3+,0.7,agree,621,MIXED_3+_UNCONFIRMED,0.27,CASCADE_3+_DETECTOR_SMOOTHED,0.7,2,5
CASCADE_3+,0.7,agree,622,MIXED_3+_UNCONFIRMED,0.27,CASCADE_3+_DETECTOR_SMOOTHED,0.7,2,5
CASCADE_3+,0.7,agree,623,MIXED_3+_UNCONFIRMED,0.27,CASCADE_3+_DETECTOR_SMOOTHED,0.7,2,5
CASCADE_3+,0.7,agree,624,MIXED_3+_UNCONFIRMED,0.27,CASCADE_3+_DETECTOR_SMOOTHED,0.7,2,5
CASCADE_3+,0.7,agree,625,MIXED_3+_UNCONFIRMED,0.27,CASCADE_3+_DETECTOR_SMOOTHED,0.7,2,5
CASCADE_3+,0.7,agree,626,MIXED_3+_UNCONFIRMED,0.27,CASCADE_3+_DETECTOR_SMOOTHED,0.7,2,5
CASCADE_3+,0.7,agree,627,MIXED_3+_UNCONFIRMED,0.27,CASCADE_3+_DETECTOR_SMOOTHED,0.7,2,5
CASCADE_3+,0.7,agree,628,MIXED_3+_UNCONFIRMED,0.27,CASCADE_3+_DETECTOR_SMOOTHED,0.7,2,5
CASCADE_3+,0.7,agree,629,MIXED_3+_UNCONFIRMED,0.27,CASCADE_3+_DETECTOR_SMOOTHED,0.7,2,5
CASCADE_3+,0.7,agree,630,MIXED_3+_UNCONFIRMED,0.27,CASCADE_3+_DETECTOR_SMOOTHED,0.7,2,5
CASCADE_3+,0.7,agree,631,MIXED_3+_UNCONFIRMED,0.27,CASCADE_3+_DETECTOR_SMOOTHED,0.7,2,5
CASCADE_3+,0.7,agree,632,MIXED_3+_UNCONFIRMED,0.27,CASCADE_3+_DETECTOR_SMOOTHED,0.7,2,5
CASCADE_3+,0.7,agree,633,MIXED_3+_UNCONFIRMED,0.27,CASCADE_3+_DETECTOR_SMOOTHED,0.7,2,5
CASCADE_3+,0.7,agree,634,MIXED_3+_UNCONFIRMED,0.27,CASCADE_3+_DETECTOR_SMOOTHED,0.7,2,5
CASCADE_3+,0.7,agree,635,MIXED_3+_UNCONFIRMED,0.27,CASCADE_3+_DETECTOR_SMOOTHED,0.7,2,5
CASCADE_3+,0.7,agree,636,MIXED_3+_UNCONFIRMED,0.27,CASCADE_3+_DETECTOR_SMOOTHED,0.7,2,5
CASCADE_3+,0.7,agree,637,MIXED_3+_UNCONFIRMED,0.27,CASCADE_3+_DETECTOR_SMOOTHED,0.7,2,5
CASCADE_3+,0.7,agree,638,MIXED_3+_UNCONFIRMED,0.27,CASCADE_3+_DETECTOR_SMOOTHED,0.7,2,5
CASCADE_3+,0.7,agree,639,MIXED_3+_UNCONFIRMED,0.27,CASCADE_3+_DETECTOR_SMOOTHED,0.7,2,5
CASCADE_3+,0.7,agree,640,MIXED_3+_UNCONFIRMED,0.27,CASCADE_3+_DETECTOR_SMOOTHED,0.7,2,5
CASCADE_3+,0.7,agree,641,MIXED_3+_UNCONFIRMED,0.27,CASCADE_3+_DETECTOR_SMOOTHED,0.7,2,5
CASCADE_3+,0.7,agree,642,MIXED_3+_UNCONFIRMED,0.27,CASCADE_3+_DETECTOR_SMOOTHED,0.7,2,5
CASCADE_3+,0.7,agree,643,MIXED_3+_UNCONFIRMED,0.27,CASCADE_3+_DETECTOR_SMOOTHED,0.7,2,5
CASCADE_3+,0.7,agree,644,MIXED_3+_UNCONFIRMED,0.27,CASCADE_3+_DETECTOR_SMOOTHED,0.7,2,5
CASCADE_3+,0.7,agree,645,MIXED_3+_UNCONFIRMED,0.274,CASCADE_3+_DETECTOR_SMOOTHED,0.7,2,4
CASCADE_3+,0.7,agree,646,MIXED_3+_UNCONFIRMED,0.274,CASCADE_3+_DETECTOR_SMOOTHED,0.7,2,4
CASCADE_3+,0.7,agree,647,MIXED_3+_UNCONFIRMED,0.274,CASCADE_3+_DETECTOR_SMOOTHED,0.7,2,4
CASCADE_3+,0.7,agree,648,MIXED_3+_UNCONFIRMED,0.274,CASCADE_3+_DETECTOR_SMOOTHED,0.7,2,4
CASCADE_3+,0.7,agree,649,MIXED_3+_UNCONFIRMED,0.274,CASCADE_3+_DETECTOR_SMOOTHED,0.7,2,4
CASCADE_3+,0.7,agree,650,MIXED_3+_UNCONFIRMED,0.274,CASCADE_3+_DETECTOR_SMOOTHED,0.7,2,4
CASCADE_3+,0.7,agree,651,MIXED_3+_UNCONFIRMED,0.274,CASCADE_3+_DETECTOR_SMOOTHED,0.7,2,4
CASCADE_3+,0.7,agree,652,MIXED_3+_UNCONFIRMED,0.274,CASCADE_3+_DETECTOR_SMOOTHED,0.7,2,4
CASCADE_3+,0.7,agree,653,MIXED_3+_UNCONFIRMED,0.274,CASCADE_3+_DETECTOR_SMOOTHED,0.7,2,4
CASCADE_3+,0.7,agree,654,MIXED_3+_UNCONFIRMED,0.275,CASCADE_3+_DETECTOR_SMOOTHED,0.7,2,3
CASCADE_3+,0.7,agree,655,MIXED_3+_UNCONFIRMED,0.275,CASCADE_3+_DETECTOR_SMOOTHED,0.7,2,3
CASCADE_3+,0.7,agree,656,MIXED_3+_UNCONFIRMED,0.27,CASCADE_3+_DETECTOR_SMOOTHED,0.7,2,4
CASCADE_3+,0.7,agree,657,MIXED_3+_UNCONFIRMED,0.27,CASCADE_3+_DETECTOR_SMOOTHED,0.7,2,4
CASCADE_3+,0.7,agree,658,MIXED_3+_UNCONFIRMED,0.27,CASCADE_3+_DETECTOR_SMOOTHED,0.7,2,4
CASCADE_3+,0.7,agree,659,MIXED_3+_UNCONFIRMED,0.27,CASCADE_3+_DETECTOR_SMOOTHED,0.7,2,4
CASCADE_3+,0.7,agree,660,MIXED_3+_UNCONFIRMED,0.27,CASCADE_3+_DETECTOR_SMOOTHED,0.7,2,4
CASCADE_3+,0.7,agree,661,MIXED_3+_UNCONFIRMED,0.27,CASCADE_3+_DETECTOR_SMOOTHED,0.7,2,4
CASCADE_3+,0.7,agree,662,MIXED_3+_UNCONFIRMED,0.27,CASCADE_3+_DETECTOR_SMOOTHED,0.7,2,4
CASCADE_3+,0.7,agree,663,MIXED_3+_UNCONFIRMED,0.27,CASCADE_3+_DETECTOR_SMOOTHED,0.7,2,4
CASCADE_3+,0.7,agree,664,MIXED_3+_UNCONFIRMED,0.27,CASCADE_3+_DETECTOR_SMOOTHED,0.7,2,4
CASCADE_3+,0.7,agree,665,MIXED_3+_UNCONFIRMED,0.27,CASCADE_3+_DETECTOR_SMOOTHED,0.7,2,4
CASCADE_3+,0.7,agree,666,MIXED_3+_UNCONFIRMED,0.27,CASCADE_3+_DETECTOR_SMOOTHED,0.7,2,4
CASCADE_3+,0.7,agree,667,MIXED_3+_UNCONFIRMED,0.27,CASCADE_3+_DETECTOR_SMOOTHED,0.7,2,4
CASCADE_3+,0.7,agree,668,MIXED_3+_UNCONFIRMED,0.27,CASCADE_3+_DETECTOR_SMOOTHED,0.7,2,4
CASCADE_3+,0.7,agree,669,MIXED_3+_UNCONFIRMED,0.27,CASCADE_3+_DETECTOR_SMOOTHED,0.7,2,4
CASCADE_3+,0.7,agree,670,MIXED_3+_UNCONFIRMED,0.281,CASCADE_3+_DETECTOR_SMOOTHED,0.7,2,5
CASCADE_3+,0.7,agree,671,MIXED_3+_UNCONFIRMED,0.27,CASCADE_3+_DETECTOR_SMOOTHED,0.7,2,4
CASCADE_3+,0.7,agree,672,MIXED_3+_UNCONFIRMED,0.27,CASCADE_3+_DETECTOR_SMOOTHED,0.7,2,4
CASCADE_3+,0.7,agree,673,MIXED_3+_UNCONFIRMED,0.27,CASCADE_3+_DETECTOR_SMOOTHED,0.7,2,4
CASCADE_3+,0.7,agree,674,MIXED_3+_UNCONFIRMED,0.27,CASCADE_3+_DETECTOR_SMOOTHED,0.7,2,4
CASCADE_3+,0.7,agree,675,MIXED_3+_UNCONFIRMED,0.27,CASCADE_3+_DETECTOR_SMOOTHED,0.7,2,4
CASCADE_3+,0.7,agree,676,MIXED_3+_UNCONFIRMED,0.27,CASCADE_3+_DETECTOR_SMOOTHED,0.7,2,4
CASCADE_3+,0.7,agree,677,MIXED_3+_UNCONFIRMED,0.27,CASCADE_3+_DETECTOR_SMOOTHED,0.7,2,4
CASCADE_3+,0.7,agree,678,MIXED_3+_UNCONFIRMED,0.281,CASCADE_3+_DETECTOR_SMOOTHED,0.7,2,5
CASCADE_3+,0.7,agree,679,MIXED_3+_UNCONFIRMED,0.281,CASCADE_3+_DETECTOR_SMOOTHED,0.7,2,5
CASCADE_3+,0.7,agree,680,MIXED_3+_UNCONFIRMED,0.281,CASCADE_3+_DETECTOR_SMOOTHED,0.7,2,5
CASCADE_3+,0.7,agree,681,MIXED_3+_UNCONFIRMED,0.281,CASCADE_3+_DETECTOR_SMOOTHED,0.7,2,5
CASCADE_3+,0.7,agree,682,MIXED_3+_UNCONFIRMED,0.281,CASCADE_3+_DETECTOR_SMOOTHED,0.7,2,5
CASCADE_3+,0.7,agree,683,MIXED_3+_UNCONFIRMED,0.281,CASCADE_3+_DETECTOR_SMOOTHED,0.7,2,5
CASCADE_3+,0.7,agree,684,MIXED_3+_UNCONFIRMED,0.281,CASCADE_3+_DETECTOR_SMOOTHED,0.7,2,5
CASCADE_3+,0.7,agree,685,MIXED_3+_UNCONFIRMED,0.281,CASCADE_3+_DETECTOR_SMOOTHED,0.7,2,5
CASCADE_3+,0.7,agree,686,MIXED_3+_UNCONFIRMED,0.281,CASCADE_3+_DETECTOR_SMOOTHED,0.7,2,5
CASCADE_3+,0.7,agree,687,MIXED_3+_UNCONFIRMED,0.281,CASCADE_3+_DETECTOR_SMOOTHED,0.7,2,5
CASCADE_3+,0.7,agree,688,MIXED_3+_UNCONFIRMED,0.281,CASCADE_3+_DETECTOR_SMOOTHED,0.7,2,5
CASCADE_3+,0.7,agree,689,MIXED_3+_UNCONFIRMED,0.281,CASCADE_3+_DETECTOR_SMOOTHED,0.7,2,5
CASCADE_3+,0.7,agree,690,MIXED_3+_UNCONFIRMED,0.281,CASCADE_3+_DETECTOR_SMOOTHED,0.7,2,5
CASCADE_3+,0.7,agree,691,MIXED_3+_UNCONFIRMED,0.281,CASCADE_3+_DETECTOR_SMOOTHED,0.7,2,5
CASCADE_3+,0.7,agree,692,MIXED_3+_UNCONFIRMED,0.281,CASCADE_3+_DETECTOR_SMOOTHED,0.7,2,5
CASCADE_3+,0.7,agree,693,MIXED_3+_UNCONFIRMED,0.281,CASCADE_3+_DETECTOR_SMOOTHED,0.7,2,5
CASCADE_3+,0.7,agree,694,MIXED_3+_UNCONFIRMED,0.283,CASCADE_3+_DETECTOR_SMOOTHED,0.7,2,4
CASCADE_3+,0.7,agree,695,MIXED_3+_UNCONFIRMED,0.283,CASCADE_3+_DETECTOR_SMOOTHED,0.7,2,4
CASCADE_3+,0.7,agree,696,MIXED_3+_UNCONFIRMED,0.283,CASCADE_3+_DETECTOR_SMOOTHED,0.7,2,4
CASCADE_3+,0.7,agree,697,MIXED_3+_UNCONFIRMED,0.283,CASCADE_3+_DETECTOR_SMOOTHED,0.7,2,4
CASCADE_3+,0.7,agree,698,MIXED_3+_UNCONFIRMED,0.283,CASCADE_3+_DETECTOR_SMOOTHED,0.7,2,4
CASCADE_3+,0.7,agree,699,MIXED_3+_UNCONFIRMED,0.283,CASCADE_3+_DETECTOR_SMOOTHED,0.7,2,4
CASCADE_3+,0.7,agree,700,MIXED_3+_UNCONFIRMED,0.283,CASCADE_3+_DETECTOR_SMOOTHED,0.7,2,4
CASCADE_3+,0.7,agree,701,MIXED_3+_UNCONFIRMED,0.281,CASCADE_3+_DETECTOR_SMOOTHED,0.7,2,5
CASCADE_3+,0.7,agree,702,MIXED_3+_UNCONFIRMED,0.281,CASCADE_3+_DETECTOR_SMOOTHED,0.7,2,5
CASCADE_3+,0.7,agree,703,MIXED_3+_UNCONFIRMED,0.281,CASCADE_3+_DETECTOR_SMOOTHED,0.7,2,5
CASCADE_3+,0.7,agree,704,MIXED_3+_UNCONFIRMED,0.281,CASCADE_3+_DETECTOR_SMOOTHED,0.7,2,5
CASCADE_3+,0.7,agree,705,MIXED_3+_UNCONFIRMED,0.281,CASCADE_3+_DETECTOR_SMOOTHED,0.7,2,5
CASCADE_3+,0.7,agree,706,MIXED_3+_UNCONFIRMED,0.281,CASCADE_3+_DETECTOR_SMOOTHED,0.7,2,5
CASCADE_3+,0.7,agree,707,MIXED_3+_UNCONFIRMED,0.281,CASCADE_3+_DETECTOR_SMOOTHED,0.7,2,5
CASCADE_3+,0.7,agree,708,MIXED_3+_UNCONFIRMED,0.281,CASCADE_3+_DETECTOR_SMOOTHED,0.7,2,5
CASCADE_3+,0.7,agree,709,MIXED_3+_UNCONFIRMED,0.281,CASCADE_3+_DETECTOR_SMOOTHED,0.7,2,5
CASCADE_3+,0.7,agree,710,MIXED_3+_UNCONFIRMED,0.281,CASCADE_3+_DETECTOR_SMOOTHED,0.7,2,4
CASCADE_3+,0.7,agree,711,MIXED_3+_UNCONFIRMED,0.281,CASCADE_3+_DETECTOR_SMOOTHED,0.7,2,4
CASCADE_3+,0.7,agree,712,MIXED_3+_UNCONFIRMED,0.281,CASCADE_3+_DETECTOR_SMOOTHED,0.7,2,4
CASCADE_3+,0.7,agree,713,MIXED_3+_UNCONFIRMED,0.281,CASCADE_3+_DETECTOR_SMOOTHED,0.7,2,4
CASCADE_3+,0.7,agree,714,MIXED_3+_UNCONFIRMED,0.281,CASCADE_3+_DETECTOR_SMOOTHED,0.7,2,4
CASCADE_3+,0.7,agree,715,MIXED_3+_UNCONFIRMED,0.281,CASCADE_3+_DETECTOR_SMOOTHED,0.7,2,5
CASCADE_3+,0.7,agree,716,MIXED_3+_UNCONFIRMED,0.281,CASCADE_3+_DETECTOR_SMOOTHED,0.7,2,5
CASCADE_3+,0.7,agree,717,MIXED_3+_UNCONFIRMED,0.281,CASCADE_3+_DETECTOR_SMOOTHED,0.7,2,5
CASCADE_3+,0.7,agree,718,MIXED_3+_UNCONFIRMED,0.287,CASCADE_3+_DETECTOR_SMOOTHED,0.7,2,4
CASCADE_3+,0.7,agree,719,MIXED_3+_UNCONFIRMED,0.287,CASCADE_3+_DETECTOR_SMOOTHED,0.7,2,4
CASCADE_3+,0.7,agree,720,MIXED_3+_UNCONFIRMED,0.287,CASCADE_3+_DETECTOR_SMOOTHED,0.7,2,4
CASCADE_3+,0.7,agree,721,MIXED_3+_UNCONFIRMED,0.287,CASCADE_3+_DETECTOR_SMOOTHED,0.7,2,4
CASCADE_3+,0.7,agree,722,MIXED_3+_UNCONFIRMED,0.287,CASCADE_3+_DETECTOR_SMOOTHED,0.7,2,4
CASCADE_3+,0.7,agree,723,MIXED_3+_UNCONFIRMED,0.287,CASCADE_3+_DETECTOR_SMOOTHED,0.7,2,4
CASCADE_3+,0.7,agree,724,MIXED_3+_UNCONFIRMED,0.287,CASCADE_3+_DETECTOR_SMOOTHED,0.7,2,4
CASCADE_3+,0.7,agree,725,MIXED_3+_UNCONFIRMED,0.287,CASCADE_3+_DETECTOR_SMOOTHED,0.7,2,4
CASCADE_3+,0.7,agree,726,MIXED_3+_UNCONFIRMED,0.287,CASCADE_3+_DETECTOR_SMOOTHED,0.7,2,4
CASCADE_3+,0.7,agree,727,MIXED_3+_UNCONFIRMED,0.287,CASCADE_3+_DETECTOR_SMOOTHED,0.7,2,4
CASCADE_3+,0.7,agree,728,MIXED_3+_UNCONFIRMED,0.287,CASCADE_3+_DETECTOR_SMOOTHED,0.7,2,4
CASCADE_3+,0.7,agree,729,MIXED_3+_UNCONFIRMED,0.287,CASCADE_3+_DETECTOR_SMOOTHED,0.7,2,4
CASCADE_3+,0.7,agree,730,MIXED_3+_UNCONFIRMED,0.287,CASCADE_3+_DETECTOR_SMOOTHED,0.7,2,4
CASCADE_3+,0.7,agree,731,MIXED_3+_UNCONFIRMED,0.281,CASCADE_3+_DETECTOR_SMOOTHED,0.7,2,5
CASCADE_3+,0.7,agree,732,MIXED_3+_UNCONFIRMED,0.281,CASCADE_3+_DETECTOR_SMOOTHED,0.7,2,5
CASCADE_3+,0.7,agree,733,MIXED_3+_UNCONFIRMED,0.281,CASCADE_3+_DETECTOR_SMOOTHED,0.7,2,5
CASCADE_3+,0.7,agree,734,MIXED_3+_UNCONFIRMED,0.281,CASCADE_3+_DETECTOR_SMOOTHED,0.7,2,5
CASCADE_3+,0.7,agree,735,MIXED_3+_UNCONFIRMED,0.281,CASCADE_3+_DETECTOR_SMOOTHED,0.7,2,5
CASCADE_3+,0.7,agree,736,MIXED_3+_UNCONFIRMED,0.281,CASCADE_3+_DETECTOR_SMOOTHED,0.7,2,5
CASCADE_3+,0.7,agree,737,MIXED_3+_UNCONFIRMED,0.281,CASCADE_3+_DETECTOR_SMOOTHED,0.7,2,5
CASCADE_3+,0.7,agree,738,MIXED_3+_UNCONFIRMED,0.281,CASCADE_3+_DETECTOR_SMOOTHED,0.7,2,5
CASCADE_3+,0.7,agree,739,MIXED_3+_UNCONFIRMED,0.27,CASCADE_3+_DETECTOR_SMOOTHED,0.7,2,4
CASCADE_3+,0.7,agree,740,MIXED_3+_UNCONFIRMED,0.27,CASCADE_3+_DETECTOR_SMOOTHED,0.7,2,4
CASCADE_3+,0.7,agree,741,MIXED_3+_UNCONFIRMED,0.27,CASCADE_3+_DETECTOR_SMOOTHED,0.7,2,4
CASCADE_3+,0.7,agree,742,MIXED_3+_UNCONFIRMED,0.27,CASCADE_3+_DETECTOR_SMOOTHED,0.7,2,4
CASCADE_3+,0.7,agree,743,MIXED_3+_UNCONFIRMED,0.281,CASCADE_3+_DETECTOR_SMOOTHED,0.7,2,5
CASCADE_3+,0.7,agree,744,MIXED_3+_UNCONFIRMED,0.281,CASCADE_3+_DETECTOR_SMOOTHED,0.7,2,5
CASCADE_3+,0.7,agree,745,MIXED_3+_UNCONFIRMED,0.281,CASCADE_3+_DETECTOR_SMOOTHED,0.7,2,5
CASCADE_3+,0.7,agree,746,MIXED_3+_UNCONFIRMED,0.281,CASCADE_3+_DETECTOR_SMOOTHED,0.7,2,5
CASCADE_3+,0.7,agree,747,MIXED_3+_UNCONFIRMED,0.281,CASCADE_3+_DETECTOR_SMOOTHED,0.7,2,5
CASCADE_3+,0.7,agree,748,MIXED_3+_UNCONFIRMED,0.281,CASCADE_3+_DETECTOR_SMOOTHED,0.7,2,5
CASCADE_3+,0.7,agree,749,MIXED_3+_UNCONFIRMED,0.281,CASCADE_3+_DETECTOR_SMOOTHED,0.7,2,5
CASCADE_3+,0.7,agree,750,MIXED_3+_UNCONFIRMED,0.281,CASCADE_3+_DETECTOR_SMOOTHED,0.7,2,4
CASCADE_3+,0.7,agree,751,MIXED_3+_UNCONFIRMED,0.281,CASCADE_3+_DETECTOR_SMOOTHED,0.7,2,4
CASCADE_3+,0.7,agree,752,MIXED_3+_UNCONFIRMED,0.281,CASCADE_3+_DETECTOR_SMOOTHED,0.7,2,4
CASCADE_3+,0.7,agree,753,MIXED_3+_UNCONFIRMED,0.281,CASCADE_3+_DETECTOR_SMOOTHED,0.7,2,4
CASCADE_3+,0.7,agree,754,MIXED_3+_UNCONFIRMED,0.281,CASCADE_3+_DETECTOR_SMOOTHED,0.7,2,4
CASCADE_3+,0.7,agree,755,MIXED_3+_UNCONFIRMED,0.281,CASCADE_3+_DETECTOR_SMOOTHED,0.7,2,5
CASCADE_3+,0.7,agree,756,MIXED_3+_UNCONFIRMED,0.281,CASCADE_3+_DETECTOR_SMOOTHED,0.7,2,5
CASCADE_3+,0.7,agree,757,MIXED_3+_UNCONFIRMED,0.281,CASCADE_3+_DETECTOR_SMOOTHED,0.7,2,5
CASCADE_3+,0.7,agree,758,MIXED_3+_UNCONFIRMED,0.281,CASCADE_3+_DETECTOR_SMOOTHED,0.7,2,5
CASCADE_3+,0.7,agree,759,MIXED_3+_UNCONFIRMED,0.281,CASCADE_3+_DETECTOR_SMOOTHED,0.7,2,5
CASCADE_3+,0.7,agree,760,MIXED_3+_UNCONFIRMED,0.281,CASCADE_3+_DETECTOR_SMOOTHED,0.7,2,5
CASCADE_3+,0.7,agree,761,MIXED_3+_UNCONFIRMED,0.281,CASCADE_3+_DETECTOR_SMOOTHED,0.7,2,5
CASCADE_3+,0.7,agree,762,MIXED_3+_UNCONFIRMED,0.283,CASCADE_3+_DETECTOR_SMOOTHED,0.7,2,4
CASCADE_3+,0.7,agree,763,MIXED_3+_UNCONFIRMED,0.283,CASCADE_3+_DETECTOR_SMOOTHED,0.7,2,4
CASCADE_3+,0.7,agree,764,MIXED_3+_UNCONFIRMED,0.283,CASCADE_3+_DETECTOR_SMOOTHED,0.7,2,4
CASCADE_3+,0.7,agree,765,MIXED_3+_UNCONFIRMED,0.283,CASCADE_3+_DETECTOR_SMOOTHED,0.7,2,4
CASCADE_3+,0.7,agree,766,MIXED_3+_UNCONFIRMED,0.283,CASCADE_3+_DETECTOR_SMOOTHED,0.7,2,4
CASCADE_3+,0.7,agree,767,MIXED_3+_UNCONFIRMED,0.283,CASCADE_3+_DETECTOR_SMOOTHED,0.7,2,4
CASCADE_3+,0.7,agree,768,MIXED_3+_UNCONFIRMED,0.283,CASCADE_3+_DETECTOR_SMOOTHED,0.7,2,4
CASCADE_3+,0.7,agree,769,MIXED_3+_UNCONFIRMED,0.281,CASCADE_3+_DETECTOR_SMOOTHED,0.7,2,5
CASCADE_3+,0.7,agree,770,MIXED_3+_UNCONFIRMED,0.281,CASCADE_3+_DETECTOR_SMOOTHED,0.7,2,5
CASCADE_3+,0.7,agree,771,MIXED_3+_UNCONFIRMED,0.281,CASCADE_3+_DETECTOR_SMOOTHED,0.7,2,5
CASCADE_3+,0.7,agree,772,MIXED_3+_UNCONFIRMED,0.281,CASCADE_3+_DETECTOR_SMOOTHED,0.7,2,5
CASCADE_3+,0.7,agree,773,MIXED_3+_UNCONFIRMED,0.281,CASCADE_3+_DETECTOR_SMOOTHED,0.7,2,5
CASCADE_3+,0.7,agree,774,MIXED_3+_UNCONFIRMED,0.281,CASCADE_3+_DETECTOR_SMOOTHED,0.7,2,5
CASCADE_3+,0.7,agree,775,MIXED_3+_UNCONFIRMED,0.281,CASCADE_3+_DETECTOR_SMOOTHED,0.7,2,5
CASCADE_3+,0.7,agree,776,MIXED_3+_UNCONFIRMED,0.281,CASCADE_3+_DETECTOR_SMOOTHED,0.7,2,5
CASCADE_3+,0.7,agree,777,MIXED_3+_UNCONFIRMED,0.281,CASCADE_3+_DETECTOR_SMOOTHED,0.7,2,5
CASCADE_3+,0.7,agree,778,MIXED_3+_UNCONFIRMED,0.281,CASCADE_3+_DETECTOR_SMOOTHED,0.7,2,5
CASCADE_3+,0.7,agree,779,MIXED_3+_UNCONFIRMED,0.281,CASCADE_3+_DETECTOR_SMOOTHED,0.7,2,5
CASCADE_3+,0.7,agree,780,MIXED_3+_UNCONFIRMED,0.281,CASCADE_3+_DETECTOR_SMOOTHED,0.7,2,5
CASCADE_3+,0.7,agree,781,MIXED_3+_UNCONFIRMED,0.281,CASCADE_3+_DETECTOR_SMOOTHED,0.7,2,5
CASCADE_3+,0.7,agree,782,MIXED_3+_UNCONFIRMED,0.281,CASCADE_3+_DETECTOR_SMOOTHED,0.7,2,5
CASCADE_3+,0.7,agree,783,MIXED_3+_UNCONFIRMED,0.281,CASCADE_3+_DETECTOR_SMOOTHED,0.7,2,5
CASCADE_3+,0.7,agree,784,MIXED_3+_UNCONFIRMED,0.281,CASCADE_3+_DETECTOR_SMOOTHED,0.7,2,5
CASCADE_3+,0.7,agree,785,MIXED_3+_UNCONFIRMED,0.281,CASCADE_3+_DETECTOR_SMOOTHED,0.7,2,5
CASCADE_3+,0.7,agree,786,MIXED_3+_UNCONFIRMED,0.281,CASCADE_3+_DETECTOR_SMOOTHED,0.7,2,5
CASCADE_3+,0.7,agree,787,MIXED_3+_UNCONFIRMED,0.281,CASCADE_3+_DETECTOR_SMOOTHED,0.7,2,5
CASCADE_3+,0.7,agree,788,MIXED_3+_UNCONFIRMED,0.281,CASCADE_3+_DETECTOR_SMOOTHED,0.7,2,5
CASCADE_3+,0.7,agree,789,MIXED_3+_UNCONFIRMED,0.281,CASCADE_3+_DETECTOR_SMOOTHED,0.7,2,5
CASCADE_3+,0.7,agree,790,MIXED_3+_UNCONFIRMED,0.287,CASCADE_3+_DETECTOR_SMOOTHED,0.7,2,4
CASCADE_3+,0.7,agree,791,MIXED_3+_UNCONFIRMED,0.287,CASCADE_3+_DETECTOR_SMOOTHED,0.7,2,4
CASCADE_3+,0.7,agree,792,MIXED_3+_UNCONFIRMED,0.287,CASCADE_3+_DETECTOR_SMOOTHED,0.7,2,4
CASCADE_3+,0.7,agree,793,MIXED_3+_UNCONFIRMED,0.287,CASCADE_3+_DETECTOR_SMOOTHED,0.7,2,4
CASCADE_3+,0.7,agree,794,MIXED_3+_UNCONFIRMED,0.287,CASCADE_3+_DETECTOR_SMOOTHED,0.7,2,4
CASCADE_3+,0.7,agree,795,MIXED_3+_UNCONFIRMED,0.287,CASCADE_3+_DETECTOR_SMOOTHED,0.7,2,4
CASCADE_3+,0.7,agree,796,MIXED_3+_UNCONFIRMED,0.287,CASCADE_3+_DETECTOR_SMOOTHED,0.7,2,4
CASCADE_3+,0.7,agree,797,MIXED_3+_UNCONFIRMED,0.287,CASCADE_3+_DETECTOR_SMOOTHED,0.7,2,4
CASCADE_3+,0.7,agree,798,MIXED_3+_UNCONFIRMED,0.287,CASCADE_3+_DETECTOR_SMOOTHED,0.7,2,4
CASCADE_3+,0.7,agree,799,MIXED_3+_UNCONFIRMED,0.287,CASCADE_3+_DETECTOR_SMOOTHED,0.7,2,4
CASCADE_3+,0.7,agree,800,MIXED_3+_UNCONFIRMED,0.281,CASCADE_3+_DETECTOR_SMOOTHED,0.7,2,5
CASCADE_3+,0.7,agree,801,MIXED_3+_UNCONFIRMED,0.281,CASCADE_3+_DETECTOR_SMOOTHED,0.7,2,5
CASCADE_3+,0.7,agree,802,MIXED_3+_UNCONFIRMED,0.281,CASCADE_3+_DETECTOR_SMOOTHED,0.7,2,5
CASCADE_3+,0.7,agree,803,MIXED_3+_UNCONFIRMED,0.281,CASCADE_3+_DETECTOR_SMOOTHED,0.7,2,5
CASCADE_3+,0.7,agree,804,MIXED_3+_UNCONFIRMED,0.281,CASCADE_3+_DETECTOR_SMOOTHED,0.7,2,5
CASCADE_3+,0.7,agree,805,MIXED_3+_UNCONFIRMED,0.281,CASCADE_3+_DETECTOR_SMOOTHED,0.7,2,5
CASCADE_3+,0.7,agree,806,MIXED_3+_UNCONFIRMED,0.281,CASCADE_3+_DETECTOR_SMOOTHED,0.7,2,5
CASCADE_3+,0.7,agree,807,MIXED_3+_UNCONFIRMED,0.281,CASCADE_3+_DETECTOR_SMOOTHED,0.7,2,5
CASCADE_3+,0.7,agree,808,MIXED_3+_UNCONFIRMED,0.281,CASCADE_3+_DETECTOR_SMOOTHED,0.7,2,5
CASCADE_3+,0.7,agree,809,MIXED_3+_UNCONFIRMED,0.281,CASCADE_3+_DETECTOR_SMOOTHED,0.7,2,5
CASCADE_3+,0.7,agree,810,MIXED_3+_UNCONFIRMED,0.281,CASCADE_3+_DETECTOR_SMOOTHED,0.7,2,5
CASCADE_3+,0.7,agree,811,MIXED_3+_UNCONFIRMED,0.281,CASCADE_3+_DETECTOR_SMOOTHED,0.7,2,5
CASCADE_3+,0.7,agree,812,MIXED_3+_UNCONFIRMED,0.281,CASCADE_3+_DETECTOR_SMOOTHED,0.7,2,5
CASCADE_3+,0.7,agree,813,MIXED_3+_UNCONFIRMED,0.281,CASCADE_3+_DETECTOR_SMOOTHED,0.7,2,5
CASCADE_3+,0.7,agree,814,MIXED_3+_UNCONFIRMED,0.281,CASCADE_3+_DETECTOR_SMOOTHED,0.7,2,5
CASCADE_3+,0.7,agree,815,MIXED_3+_UNCONFIRMED,0.281,CASCADE_3+_DETECTOR_SMOOTHED,0.7,2,5
CASCADE_3+,0.7,agree,816,MIXED_3+_UNCONFIRMED,0.281,CASCADE_3+_DETECTOR_SMOOTHED,0.7,2,5
CASCADE_3+,0.7,agree,817,MIXED_3+_UNCONFIRMED,0.281,CASCADE_3+_DETECTOR_SMOOTHED,0.7,2,5
CASCADE_3+,0.7,agree,818,MIXED_3+_UNCONFIRMED,0.281,CASCADE_3+_DETECTOR_SMOOTHED,0.7,2,5
CASCADE_3+,0.7,agree,819,MIXED_3+_UNCONFIRMED,0.281,CASCADE_3+_DETECTOR_SMOOTHED,0.7,2,4
CASCADE_3+,0.7,agree,820,MIXED_3+_UNCONFIRMED,0.281,CASCADE_3+_DETECTOR_SMOOTHED,0.7,2,4
CASCADE_3+,0.7,agree,821,MIXED_3+_UNCONFIRMED,0.281,CASCADE_3+_DETECTOR_SMOOTHED,0.7,2,4
CASCADE_3+,0.7,agree,822,MIXED_3+_UNCONFIRMED,0.281,CASCADE_3+_DETECTOR_SMOOTHED,0.7,2,4
CASCADE_3+,0.7,agree,823,MIXED_3+_UNCONFIRMED,0.281,CASCADE_3+_DETECTOR_SMOOTHED,0.7,2,4
CASCADE_3+,0.7,agree,824,MIXED_3+_UNCONFIRMED,0.281,CASCADE_3+_DETECTOR_SMOOTHED,0.7,2,4
CASCADE_3+,0.7,agree,825,MIXED_3+_UNCONFIRMED,0.281,CASCADE_3+_DETECTOR_SMOOTHED,0.7,2,5
CASCADE_3+,0.7,agree,826,MIXED_3+_UNCONFIRMED,0.281,CASCADE_3+_DETECTOR_SMOOTHED,0.7,2,5
CASCADE_3+,0.7,agree,827,MIXED_3+_UNCONFIRMED,0.281,CASCADE_3+_DETECTOR_SMOOTHED,0.7,2,5
CASCADE_3+,0.7,agree,828,MIXED_3+_UNCONFIRMED,0.281,CASCADE_3+_DETECTOR_SMOOTHED,0.7,2,5
CASCADE_3+,0.7,agree,829,MIXED_3+_UNCONFIRMED,0.281,CASCADE_3+_DETECTOR_SMOOTHED,0.7,2,5
CASCADE_3+,0.7,agree,830,MIXED_3+_UNCONFIRMED,0.281,CASCADE_3+_DETECTOR_SMOOTHED,0.7,2,5
CASCADE_3+,0.7,agree,831,MIXED_3+_UNCONFIRMED,0.281,CASCADE_3+_DETECTOR_SMOOTHED,0.7,2,5
CASCADE_3+,0.7,agree,832,MIXED_3+_UNCONFIRMED,0.281,CASCADE_3+_DETECTOR_SMOOTHED,0.7,2,5
CASCADE_3+,0.7,agree,833,MIXED_3+_UNCONFIRMED,0.281,CASCADE_3+_DETECTOR_SMOOTHED,0.7,2,5
CASCADE_3+,0.7,agree,834,MIXED_3+_UNCONFIRMED,0.281,CASCADE_3+_DETECTOR_SMOOTHED,0.7,2,5
CASCADE_3+,0.7,agree,835,MIXED_3+_UNCONFIRMED,0.281,CASCADE_3+_DETECTOR_SMOOTHED,0.7,2,5
CASCADE_3+,0.7,agree,836,MIXED_3+_UNCONFIRMED,0.281,CASCADE_3+_DETECTOR_SMOOTHED,0.7,2,5
CASCADE_3+,0.7,agree,837,MIXED_3+_UNCONFIRMED,0.281,CASCADE_3+_DETECTOR_SMOOTHED,0.7,2,5
CASCADE_3+,0.7,agree,838,MIXED_3+_UNCONFIRMED,0.281,CASCADE_3+_DETECTOR_SMOOTHED,0.7,2,5
CASCADE_3+,0.7,agree,839,MIXED_3+_UNCONFIRMED,0.281,CASCADE_3+_DETECTOR_SMOOTHED,0.7,2,5
CASCADE_3+,0.7,agree,840,MIXED_3+_UNCONFIRMED,0.281,CASCADE_3+_DETECTOR_SMOOTHED,0.7,2,5
CASCADE_3+,0.7,agree,841,MIXED_3+_UNCONFIRMED,0.281,CASCADE_3+_DETECTOR_SMOOTHED,0.7,2,5
CASCADE_3+,0.7,agree,842,MIXED_3+_UNCONFIRMED,0.281,CASCADE_3+_DETECTOR_SMOOTHED,0.7,2,5
CASCADE_3+,0.7,agree,843,MIXED_3+_UNCONFIRMED,0.281,CASCADE_3+_DETECTOR_SMOOTHED,0.7,2,5
CASCADE_3+,0.7,agree,844,MIXED_3+_UNCONFIRMED,0.281,CASCADE_3+_DETECTOR_SMOOTHED,0.7,2,5
CASCADE_3+,0.7,agree,845,MIXED_3+_UNCONFIRMED,0.281,CASCADE_3+_DETECTOR_SMOOTHED,0.7,2,5
CASCADE_3+,0.7,agree,846,MIXED_3+_UNCONFIRMED,0.281,CASCADE_3+_DETECTOR_SMOOTHED,0.7,2,4
CASCADE_3+,0.7,agree,847,MIXED_3+_UNCONFIRMED,0.281,CASCADE_3+_DETECTOR_SMOOTHED,0.7,2,4
CASCADE_3+,0.7,agree,848,MIXED_3+_UNCONFIRMED,0.281,CASCADE_3+_DETECTOR_SMOOTHED,0.7,2,4
CASCADE_3+,0.7,agree,849,MIXED_3+_UNCONFIRMED,0.281,CASCADE_3+_DETECTOR_SMOOTHED,0.7,2,4
CASCADE_3+,0.7,agree,850,MIXED_3+_UNCONFIRMED,0.281,CASCADE_3+_DETECTOR_SMOOTHED,0.7,2,4
CASCADE_3+,0.7,agree,851,MIXED_3+_UNCONFIRMED,0.281,CASCADE_3+_DETECTOR_SMOOTHED,0.7,2,4
CASCADE_3+,0.7,agree,852,MIXED_3+_UNCONFIRMED,0.281,CASCADE_3+_DETECTOR_SMOOTHED,0.7,2,4
CASCADE_3+,0.7,agree,853,MIXED_3+_UNCONFIRMED,0.281,CASCADE_3+_DETECTOR_SMOOTHED,0.7,2,4
CASCADE_3+,0.7,agree,854,MIXED_3+_UNCONFIRMED,0.281,CASCADE_3+_DETECTOR_SMOOTHED,0.7,2,5
CASCADE_3+,0.7,agree,855,MIXED_3+_UNCONFIRMED,0.281,CASCADE_3+_DETECTOR_SMOOTHED,0.7,2,5
CASCADE_3+,0.7,agree,856,MIXED_3+_UNCONFIRMED,0.281,CASCADE_3+_DETECTOR_SMOOTHED,0.7,2,5
CASCADE_3+,0.7,agree,857,MIXED_3+_UNCONFIRMED,0.281,CASCADE_3+_DETECTOR_SMOOTHED,0.7,2,5
CASCADE_3+,0.7,agree,858,MIXED_3+_UNCONFIRMED,0.281,CASCADE_3+_DETECTOR_SMOOTHED,0.7,2,5
CASCADE_3+,0.7,agree,859,MIXED_3+_UNCONFIRMED,0.281,CASCADE_3+_DETECTOR_SMOOTHED,0.7,2,5
CASCADE_3+,0.7,agree,860,MIXED_3+_UNCONFIRMED,0.281,CASCADE_3+_DETECTOR_SMOOTHED,0.7,2,5
CASCADE_3+,0.7,agree,861,MIXED_3+_UNCONFIRMED,0.281,CASCADE_3+_DETECTOR_SMOOTHED,0.7,2,5
CASCADE_3+,0.7,agree,862,MIXED_3+_UNCONFIRMED,0.281,CASCADE_3+_DETECTOR_SMOOTHED,0.7,2,5
CASCADE_3+,0.7,agree,863,MIXED_3+_UNCONFIRMED,0.287,CASCADE_3+_DETECTOR_SMOOTHED,0.7,2,4
CASCADE_3+,0.7,agree,864,MIXED_3+_UNCONFIRMED,0.287,CASCADE_3+_DETECTOR_SMOOTHED,0.7,2,4
CASCADE_3+,0.7,agree,865,MIXED_3+_UNCONFIRMED,0.287,CASCADE_3+_DETECTOR_SMOOTHED,0.7,2,4
CASCADE_3+,0.7,agree,866,MIXED_3+_UNCONFIRMED,0.287,CASCADE_3+_DETECTOR_SMOOTHED,0.7,2,4
CASCADE_3+,0.7,agree,867,MIXED_3+_UNCONFIRMED,0.287,CASCADE_3+_DETECTOR_SMOOTHED,0.7,2,4
CASCADE_3+,0.7,agree,868,MIXED_3+_UNCONFIRMED,0.287,CASCADE_3+_DETECTOR_SMOOTHED,0.7,2,4
CASCADE_3+,0.7,agree,869,MIXED_3+_UNCONFIRMED,0.281,CASCADE_3+_DETECTOR_SMOOTHED,0.7,2,5
CASCADE_3+,0.7,agree,870,MIXED_3+_UNCONFIRMED,0.281,CASCADE_3+_DETECTOR_SMOOTHED,0.7,2,5
CASCADE_3+,0.7,agree,871,MIXED_3+_UNCONFIRMED,0.281,CASCADE_3+_DETECTOR_SMOOTHED,0.7,2,5
CASCADE_3+,0.7,agree,872,MIXED_3+_UNCONFIRMED,0.281,CASCADE_3+_DETECTOR_SMOOTHED,0.7,2,5
CASCADE_3+,0.7,agree,873,MIXED_3+_UNCONFIRMED,0.281,CASCADE_3+_DETECTOR_SMOOTHED,0.7,2,5
CASCADE_3+,0.7,agree,874,MIXED_3+_UNCONFIRMED,0.281,CASCADE_3+_DETECTOR_SMOOTHED,0.7,2,5
CASCADE_3+,0.7,agree,875,MIXED_3+_UNCONFIRMED,0.281,CASCADE_3+_DETECTOR_SMOOTHED,0.7,2,5
CASCADE_3+,0.7,agree,876,MIXED_3+_UNCONFIRMED,0.281,CASCADE_3+_DETECTOR_SMOOTHED,0.7,2,5
CASCADE_3+,0.7,agree,877,MIXED_3+_UNCONFIRMED,0.281,CASCADE_3+_DETECTOR_SMOOTHED,0.7,2,5
CASCADE_3+,0.7,agree,878,MIXED_3+_UNCONFIRMED,0.27,CASCADE_3+_DETECTOR_SMOOTHED,0.7,2,6
CASCADE_3+,0.7,agree,879,MIXED_3+_UNCONFIRMED,0.259,CASCADE_3+_DETECTOR_SMOOTHED,0.7,2,5
CASCADE_3+,0.7,agree,880,MIXED_3+_UNCONFIRMED,0.259,CASCADE_3+_DETECTOR_SMOOTHED,0.7,2,5
CASCADE_3+,0.7,agree,881,MIXED_3+_UNCONFIRMED,0.259,CASCADE_3+_DETECTOR_SMOOTHED,0.7,2,5
CASCADE_3+,0.7,agree,882,MIXED_3+_UNCONFIRMED,0.259,CASCADE_3+_DETECTOR_SMOOTHED,0.7,2,5
CASCADE_3+,0.7,agree,883,MIXED_3+_UNCONFIRMED,0.259,CASCADE_3+_DETECTOR_SMOOTHED,0.7,2,5
CASCADE_3+,0.7,agree,884,MIXED_3+_UNCONFIRMED,0.259,CASCADE_3+_DETECTOR_SMOOTHED,0.7,2,5
CASCADE_3+,0.7,agree,885,MIXED_3+_UNCONFIRMED,0.259,CASCADE_3+_DETECTOR_SMOOTHED,0.7,2,5
CASCADE_3+,0.7,agree,886,MIXED_3+_UNCONFIRMED,0.259,CASCADE_3+_DETECTOR_SMOOTHED,0.7,2,5
CASCADE_3+,0.7,agree,887,MIXED_3+_UNCONFIRMED,0.259,CASCADE_3+_DETECTOR_SMOOTHED,0.7,2,5
CASCADE_3+,0.7,agree,888,MIXED_3+_UNCONFIRMED,0.259,CASCADE_3+_DETECTOR_SMOOTHED,0.7,2,5
CASCADE_3+,0.7,agree,889,MIXED_3+_UNCONFIRMED,0.259,CASCADE_3+_DETECTOR_SMOOTHED,0.7,2,5
CASCADE_3+,0.7,agree,890,MIXED_3+_UNCONFIRMED,0.259,CASCADE_3+_DETECTOR_SMOOTHED,0.7,2,5
CASCADE_3+,0.7,agree,891,MIXED_3+_UNCONFIRMED,0.259,CASCADE_3+_DETECTOR_SMOOTHED,0.7,2,5
CASCADE_3+,0.7,agree,892,MIXED_3+_UNCONFIRMED,0.259,CASCADE_3+_DETECTOR_SMOOTHED,0.7,2,5
CASCADE_3+,0.7,agree,893,MIXED_3+_UNCONFIRMED,0.259,CASCADE_3+_DETECTOR_SMOOTHED,0.7,2,5
CASCADE_3+,0.7,agree,894,MIXED_3+_UNCONFIRMED,0.259,CASCADE_3+_DETECTOR_SMOOTHED,0.7,2,5
CASCADE_3+,0.7,agree,895,MIXED_3+_UNCONFIRMED,0.259,CASCADE_3+_DETECTOR_SMOOTHED,0.7,2,5
CASCADE_3+,0.7,agree,896,MIXED_3+_UNCONFIRMED,0.259,CASCADE_3+_DETECTOR_SMOOTHED,0.7,2,5
CASCADE_3+,0.7,agree,897,MIXED_3+_UNCONFIRMED,0.259,CASCADE_3+_DETECTOR_SMOOTHED,0.7,2,5
CASCADE_3+,0.7,agree,898,MIXED_3+_UNCONFIRMED,0.259,CASCADE_3+_DETECTOR_SMOOTHED,0.7,2,5
FOUNTAIN_3+,0.7,agree,899,MIXED_3+_UNCONFIRMED,0.259,FOUNTAIN_3+_DETECTOR_SMOOTHED,0.7,1,5
